agent_type,score
BayesianAgent,1.1256539508539931
SBDOneShot,1.0820979012166605
Agent03Agent,1.0546848612550357
YamashitaAgent,1.1418944675879428
YamashitaAgent,1.1247397015290217
LatticeOneShotAgent,1.1088802837241911
OneshotOmegaNegotiator,1.143333979525972
Oneshot,1.043187805074726
Ysi,1.0238734426465557
Oneshot,1.150880646683863
EFRDistOneShotAgent,1.1368341677693634
AssariAsari,1.058231132934759
LatticeOneShotAgent,1.0497040282646757
Supvelikos,1.062990884040517
AssariAsari,1.143313342564244
Oneshot,1.178882404714282
YamashitaAgent,1.025753149871108
IsobeAgent,1.077472542044143
YamashitaAgent,1.0288263697463256
IsobeAgent,0.8975867531394779
BayesianAgent,1.0378700895919697
Group3,0.8809022697519882
OneshotOmegaNegotiator,1.1448808558274417
Supvelikos,1.217064431795982
Supvelikos,1.0960443825343618
Oneshot,1.2451387413502912
EFRDistOneShotAgent,1.0266531324764865
YamashitaAgent,1.092910585060714
Oneshot,1.025682562735666
YamashitaAgent,1.0983452834062235
Supvelikos,1.0349367413782031
MyAgent,1.0056122734987325
SBDOneShot,1.0449606367114006
MyAgent,0.900910455017772
IsobeAgent,1.0408301259719557
PenaltyAvoidAgent,1.154932749094855
EFRDistOneShotAgent,1.005550215357465
MyAgent,1.0308884184303393
SBDOneShot,1.051939677556148
MyAgent,1.0289797187509742
EFRDistOneShotAgent,1.121978565387845
Agent03Agent,1.069293670596181
PenaltyAvoidAgent,1.037056065763278
SBDOneShot,1.0279023576437327
SteadySyncAgent,1.0217005952030038
SBDOneShot,1.056263983160594
MyAgent,1.009876630438773
Agent03Agent,1.0254912945148869
TimeWeightedAgent,1.1310022770055983
LatticeOneShotAgent,1.258937949990561
EFRDistOneShotAgent,1.0267233637539637
PenaltyAvoidAgent,1.1591099361092752
Agent03Agent,1.1170225270491183
BayesianAgent,1.0922579341014755
IsobeAgent,1.0840164216908974
LatticeOneShotAgent,1.2693582212117769
Supvelikos,1.0974898686343322
OneshotOmegaNegotiator,1.218737041059414
IsobeAgent,1.0346166233922374
Supvelikos,1.0541251147060131
PenaltyAvoidAgent,1.0745569251604972
IsobeAgent,0.9972145958678136
IsobeAgent,0.987046380327544
Supvelikos,1.114494292429971
LatticeOneShotAgent,1.1297121556638745
Oneshot,1.0846424662942986
SBDOneShot,1.128904109589041
Agent03Agent,1.088539414605625
Group3,1.0150128207738252
LatticeOneShotAgent,1.10254052565916
AssariAsari,1.044898487192638
MyAgent,1.0767971458155097
PenaltyAvoidAgent,1.1255686757634156
SteadySyncAgent,1.109872300998551
EFRDistOneShotAgent,1.0069343650442193
SBDOneShot,1.058558153612469
Supvelikos,1.1546901305457795
LatticeOneShotAgent,1.0538701950772504
Oneshot,1.0052889995278762
Supvelikos,1.0708526667389004
BayesianAgent,1.0591512964282797
Supvelikos,1.1582727473011676
YamashitaAgent,1.1313375969093755
PenaltyAvoidAgent,1.0753798606857894
SteadySyncAgent,1.013300480215681
MyAgent,1.0243084877842628
YamashitaAgent,1.0811357782411382
LatticeOneShotAgent,1.0916760566235202
MyAgent,0.9639452641588596
PenaltyAvoidAgent,1.1178057499509009
LatticeOneShotAgent,1.079620604249969
EFRDistOneShotAgent,1.017383671334578
OneshotOmegaNegotiator,1.0816873611802285
TimeWeightedAgent,1.08551745023725
Agent03Agent,1.0459139276613392
AssariAsari,1.0725289732597465
AssariAsari,1.052639703612226
SteadySyncAgent,1.104181969745789
YamashitaAgent,1.1276458286644084
OneshotOmegaNegotiator,1.082364671626042
BayesianAgent,1.049084469894079
OneshotOmegaNegotiator,1.062808360796057
LatticeOneShotAgent,1.0286663952164206
EFRDistOneShotAgent,1.0326744081977632
BayesianAgent,1.028321880418727
IsobeAgent,0.873695358724846
Oneshot,1.1152551520575102
IsobeAgent,1.0059158669390422
AssariAsari,1.0328174169931283
Ysi,1.0486834064816648
MyAgent,0.9183540527393949
OneshotOmegaNegotiator,1.1383541825276529
EFRDistOneShotAgent,1.1238066320034774
Oneshot,1.0784239537521414
LatticeOneShotAgent,1.1328156780624623
PenaltyAvoidAgent,1.132935566785647
EFRDistOneShotAgent,1.0123470040179574
TimeWeightedAgent,1.0600792886402683
Oneshot,1.0441547107259497
Group3,0.929994287699708
Agent03Agent,1.1537898608318806
EFRDistOneShotAgent,0.9541198682772706
SBDOneShot,0.9895618070789828
EFRDistOneShotAgent,0.9603708853773908
OneshotOmegaNegotiator,1.128701468553537
Agent03Agent,1.0860522470396852
Supvelikos,1.0203184144474575
MyAgent,1.043964772892866
LatticeOneShotAgent,1.058146279153341
Ysi,1.144888950158181
AssariAsari,1.0323255881198303
Agent03Agent,1.1497648186643763
Group3,0.921907113647198
AssariAsari,1.1388793530387922
Supvelikos,1.0453706225950252
EFRDistOneShotAgent,1.0531988115351247
AssariAsari,1.0382954600017205
Group3,0.9408259109783128
Group3,0.8091189275350913
SteadySyncAgent,1.1466984920255945
YamashitaAgent,1.049626391324037
IsobeAgent,1.0230685015901493
TimeWeightedAgent,1.1235983377041363
LatticeOneShotAgent,1.0934707903780068
MyAgent,0.9159871405375708
AssariAsari,1.1660577084996264
BayesianAgent,1.0486234031199142
SBDOneShot,1.1478517978633038
Ysi,1.0386676595620483
Group3,0.9100348790079829
TimeWeightedAgent,1.1577000717445864
Oneshot,1.0081023289222646
YamashitaAgent,1.0315336317481274
SBDOneShot,1.1291952909299765
Group3,1.1976437722629891
IsobeAgent,1.0462498245844196
BayesianAgent,1.1606893675157188
MyAgent,0.9047891898169936
Group3,1.089425481323007
Supvelikos,1.1179007384217567
MyAgent,0.9577809760334324
YamashitaAgent,1.101374535199449
AssariAsari,1.0323036413846252
YamashitaAgent,1.0634345800183032
IsobeAgent,1.0304481873067908
TimeWeightedAgent,1.1466224009958452
TimeWeightedAgent,1.0390250023974708
SteadySyncAgent,1.14264025064602
TimeWeightedAgent,1.056228755137245
Ysi,1.1098822464114246
Group3,1.192313154249614
BayesianAgent,1.0372620726469683
BayesianAgent,1.0411115471342955
Oneshot,1.1320913045218106
Supvelikos,1.0694271897922765
SteadySyncAgent,1.2030825535006304
AssariAsari,1.1665458499456325
OneshotOmegaNegotiator,1.0485782334873657
IsobeAgent,1.030902555479258
BayesianAgent,1.066485683924102
MyAgent,0.9492295072406522
Ysi,1.12026717671775
SteadySyncAgent,1.082598278354821
IsobeAgent,0.969684231174385
IsobeAgent,1.0312494875055838
PenaltyAvoidAgent,1.063865246746835
EFRDistOneShotAgent,0.9906318461501872
SBDOneShot,1.0597879232902998
Agent03Agent,1.1275033103230914
SBDOneShot,1.0706506922940782
Supvelikos,1.046453735177587
IsobeAgent,1.0155115042486382
Ysi,1.040062646432733
LatticeOneShotAgent,1.071293384205391
Oneshot,1.143152440894473
Supvelikos,1.2007129275212276
Ysi,1.0446017687495204
SBDOneShot,1.065532271555283
PenaltyAvoidAgent,1.0531985171407905
IsobeAgent,1.0616946122894892
MyAgent,0.9621862021388264
SteadySyncAgent,0.7199968663897341
Agent03Agent,0.9896917212368792
AssariAsari,1.0705157022670349
EFRDistOneShotAgent,1.028545320251416
Group3,0.9108881330642188
OneshotOmegaNegotiator,1.0244342003284417
LatticeOneShotAgent,1.1038762668160385
MyAgent,1.0338835701927716
Agent03Agent,1.0420364209623187
EFRDistOneShotAgent,0.985525708521972
BayesianAgent,1.084547947070558
OneshotOmegaNegotiator,1.1307451380289897
EFRDistOneShotAgent,1.0835757391307914
Agent03Agent,1.0489948056890592
Supvelikos,1.0946277443885686
Group3,0.8075598740275172
OneshotOmegaNegotiator,1.1052351847901372
Ysi,1.0538492537584587
MyAgent,1.022765703643053
Ysi,1.120696700847086
Oneshot,1.0869256284253868
OneshotOmegaNegotiator,1.0818023873587357
Ysi,1.0623430595346752
OneshotOmegaNegotiator,1.0736968841165493
BayesianAgent,1.086485485485936
IsobeAgent,1.111636422887508
TimeWeightedAgent,1.0768033147299814
Oneshot,1.128069953207801
Ysi,1.047846712997202
Group3,0.9121687642318976
BayesianAgent,1.1626079409847103
OneshotOmegaNegotiator,1.0148149277258045
IsobeAgent,1.0618093529499228
SteadySyncAgent,0.8495729416764275
OneshotOmegaNegotiator,1.1407380770404578
SteadySyncAgent,1.0179959094896394
SBDOneShot,1.096664530282321
Agent03Agent,1.1277582187836488
IsobeAgent,1.0983711985669535
Ysi,1.1546924338198856
AssariAsari,1.0670321064996084
EFRDistOneShotAgent,1.0442281991530995
SBDOneShot,1.1073975227414743
OneshotOmegaNegotiator,1.0438056409914718
TimeWeightedAgent,1.0599169146246137
TimeWeightedAgent,1.0313985102320788
SteadySyncAgent,1.1766417492527232
YamashitaAgent,1.0281146307203564
Agent03Agent,1.0300701331877675
IsobeAgent,1.0735964030938263
PenaltyAvoidAgent,1.0991659511836134
Agent03Agent,1.0648655547458237
SBDOneShot,1.069602098751128
Oneshot,1.011518490333363
IsobeAgent,0.86041789540131
SBDOneShot,1.036881837331889
Supvelikos,1.0970808291426468
AssariAsari,1.0355710678746473
BayesianAgent,1.0774486879752452
TimeWeightedAgent,1.1171373072711357
BayesianAgent,1.0926410855047106
MyAgent,0.998766242626293
BayesianAgent,1.1002612991515386
BayesianAgent,1.0496294207308818
Ysi,1.0633383426429603
BayesianAgent,1.0546888925868738
PenaltyAvoidAgent,1.183093958995724
OneshotOmegaNegotiator,1.1416801191813086
Oneshot,1.2447386673027003
AssariAsari,1.0553182881014318
Ysi,1.1238568423771893
TimeWeightedAgent,1.026560153502576
IsobeAgent,0.8946367894344031
LatticeOneShotAgent,1.15800870758307
Group3,1.0288078721723453
Supvelikos,1.046533377200363
PenaltyAvoidAgent,1.0722975878414358
BayesianAgent,1.0783760578928
Agent03Agent,1.0642698596349194
Ysi,1.0528598020990525
Supvelikos,1.1482037686887554
MyAgent,0.9014438127284016
EFRDistOneShotAgent,1.1352054791356456
MyAgent,1.0109396599612948
Oneshot,1.0943482973476224
EFRDistOneShotAgent,1.0054404021138506
TimeWeightedAgent,1.117077565727974
Ysi,1.042406036654872
Oneshot,1.0679766162690725
YamashitaAgent,1.0451837145884062
SteadySyncAgent,1.1353109342614034
Oneshot,1.0648803121316788
MyAgent,1.0944644621638666
Group3,0.9986397165356924
SteadySyncAgent,1.109599554830106
SBDOneShot,1.1214964302948416
OneshotOmegaNegotiator,1.0846888059538022
BayesianAgent,1.0601135442423013
Ysi,1.1497141619599374
PenaltyAvoidAgent,1.129931506849315
MyAgent,1.0292981660390643
OneshotOmegaNegotiator,1.0453755114034609
Supvelikos,1.0590029100368734
SteadySyncAgent,1.000024939975872
IsobeAgent,1.0519896066738066
BayesianAgent,1.1287671232876713
Supvelikos,1.1285460409399066
OneshotOmegaNegotiator,1.0754455461443222
MyAgent,1.0727089730295274
Agent03Agent,1.1270283409746868
EFRDistOneShotAgent,1.079255891410169
Supvelikos,1.0318540877271851
Oneshot,1.0501801088735898
MyAgent,0.9572204341740788
IsobeAgent,1.0192550355809706
Group3,1.0241609880763145
Oneshot,1.0855033439008488
IsobeAgent,1.0114383993908822
Group3,1.0229343964852764
Supvelikos,1.161937755616107
YamashitaAgent,1.0592101944758754
IsobeAgent,1.0792210205125865
Group3,0.1560078023909297
AssariAsari,1.129931506849315
MyAgent,0.8581906294203554
Agent03Agent,1.050511663203734
MyAgent,1.1040224316592209
YamashitaAgent,1.0319535831601028
EFRDistOneShotAgent,0.953558715716668
SBDOneShot,1.059217376372797
PenaltyAvoidAgent,1.1388436403465894
AssariAsari,1.0323036413846252
OneshotOmegaNegotiator,1.0646472191144678
SBDOneShot,1.024155621227875
TimeWeightedAgent,1.0812396885760065
SBDOneShot,1.0517335070051543
OneshotOmegaNegotiator,1.13974974398622
LatticeOneShotAgent,1.146105704851331
IsobeAgent,1.118135633785516
AssariAsari,1.1307451380289897
Supvelikos,1.0959369314736205
Oneshot,1.040607989595086
Ysi,1.0703616675565228
EFRDistOneShotAgent,1.016192477540698
TimeWeightedAgent,1.083538996314391
Ysi,1.1297344776808005
Group3,1.1079909026735442
IsobeAgent,0.9964357248189222
MyAgent,1.0208353182828656
PenaltyAvoidAgent,1.033217957817239
MyAgent,1.0226812285830358
OneshotOmegaNegotiator,1.1077067889578724
EFRDistOneShotAgent,1.2155058326666226
SteadySyncAgent,1.1009082156401142
MyAgent,1.0040099734420496
PenaltyAvoidAgent,1.131241634676016
BayesianAgent,1.0925005053567818
Agent03Agent,0.9912001012471184
YamashitaAgent,1.0710936998266007
AssariAsari,1.1680862631388185
YamashitaAgent,1.0462093817959728
Supvelikos,1.1577375812978878
Ysi,1.0015449731824202
TimeWeightedAgent,1.1532290086461234
Supvelikos,1.061534958813508
OneshotOmegaNegotiator,1.0179831176443626
AssariAsari,1.106069357052095
Ysi,1.0415143994014469
IsobeAgent,1.021139209440236
BayesianAgent,1.076038797895171
SteadySyncAgent,1.0947914760549426
BayesianAgent,1.1623886236188112
AssariAsari,1.0682328373792744
Supvelikos,1.0611537660944828
Group3,0.8898474247629318
SteadySyncAgent,1.1992569771656396
Ysi,1.0250182029845472
TimeWeightedAgent,1.15274900980566
EFRDistOneShotAgent,0.91801111598662
TimeWeightedAgent,1.043356058355102
Group3,0.9561705870721082
Oneshot,1.134291634864011
AssariAsari,1.217441456762138
Oneshot,1.046696523498996
SBDOneShot,1.0617321293620838
IsobeAgent,1.0765673169430592
OneshotOmegaNegotiator,1.0923861105330706
Agent03Agent,1.0472626179900293
Ysi,1.0662975729407682
OneshotOmegaNegotiator,1.0230659006932128
EFRDistOneShotAgent,1.044858414535746
SBDOneShot,1.0180329273464952
SteadySyncAgent,1.0761672339605677
Supvelikos,1.1651311779350195
MyAgent,0.9318234232208168
BayesianAgent,1.1287671232876713
Group3,0.967212053154316
BayesianAgent,1.1273660636661735
OneshotOmegaNegotiator,1.121370378428085
AssariAsari,1.0737981116532511
YamashitaAgent,1.2302271522624846
AssariAsari,1.1349655716940168
PenaltyAvoidAgent,1.17852308018586
YamashitaAgent,1.0382136952208258
LatticeOneShotAgent,1.1498169729539196
SteadySyncAgent,1.0801581353504728
TimeWeightedAgent,1.082953173723774
AssariAsari,0.9937780847809186
YamashitaAgent,1.1665592233443185
EFRDistOneShotAgent,0.9215294625437996
YamashitaAgent,1.1707713375702518
AssariAsari,1.051557792897978
YamashitaAgent,1.0650583184435387
OneshotOmegaNegotiator,1.1254289511992188
SteadySyncAgent,1.1592607832112278
SteadySyncAgent,1.1992569771656396
MyAgent,0.965699536550786
SteadySyncAgent,1.0475601789876072
BayesianAgent,1.1657164784563097
EFRDistOneShotAgent,0.9375307227238204
Oneshot,1.149359741248995
OneshotOmegaNegotiator,1.0705866566465272
Group3,0.8520794457690641
BayesianAgent,1.026272467006079
Agent03Agent,1.0922441817043609
Oneshot,1.0414020864264362
EFRDistOneShotAgent,1.0943147079822613
Ysi,1.12574075719031
PenaltyAvoidAgent,1.1256725524250777
AssariAsari,1.1649458769049312
IsobeAgent,0.9802907533905066
OneshotOmegaNegotiator,1.0824915605548413
Group3,1.0177634950034893
MyAgent,0.9364485720504492
LatticeOneShotAgent,1.1468627259551585
YamashitaAgent,1.0519784876558194
EFRDistOneShotAgent,1.0345011445211332
TimeWeightedAgent,1.0213480899505445
Agent03Agent,1.0932774374197258
IsobeAgent,1.0176645151579216
AssariAsari,1.1707672416593884
EFRDistOneShotAgent,0.9973184717778212
OneshotOmegaNegotiator,1.149107613307415
Ysi,1.0418944533115346
BayesianAgent,1.0597318920930194
AssariAsari,1.0297128732502197
YamashitaAgent,1.0809363649489503
LatticeOneShotAgent,1.0819943579050657
Supvelikos,1.0965902121918312
TimeWeightedAgent,1.1297250113152166
YamashitaAgent,1.0931069334950474
LatticeOneShotAgent,1.049933820124887
SBDOneShot,1.1348669749750586
YamashitaAgent,1.161109514767609
PenaltyAvoidAgent,1.0442514353696135
IsobeAgent,0.9959662908060604
LatticeOneShotAgent,1.1030181967283317
Agent03Agent,1.1093893596653417
AssariAsari,1.1708700759969546
Ysi,1.0665759127940686
TimeWeightedAgent,1.0812484871666153
Supvelikos,1.0363797121402014
EFRDistOneShotAgent,1.0824807261652565
Supvelikos,1.1475196358696005
Group3,0.2164184549574167
Agent03Agent,1.149326077410833
Oneshot,1.034180223118578
EFRDistOneShotAgent,1.0887788244432304
Agent03Agent,1.2163961491981012
PenaltyAvoidAgent,1.084447442659144
SteadySyncAgent,1.0995722300438686
MyAgent,0.9685861411459904
EFRDistOneShotAgent,1.0532188095105388
Group3,1.19131014207469
Supvelikos,1.0512750492604428
Group3,0.9986817386741262
PenaltyAvoidAgent,1.0431329764113535
BayesianAgent,1.1228488995177837
EFRDistOneShotAgent,0.985724259658712
YamashitaAgent,1.0489185505690874
OneshotOmegaNegotiator,1.1590876287713472
Ysi,1.124732517869634
SBDOneShot,1.1003311221620482
IsobeAgent,1.091252159473996
Oneshot,1.1886128353652123
EFRDistOneShotAgent,1.131327846165052
MyAgent,1.0201778880784265
OneshotOmegaNegotiator,1.07554396038364
SteadySyncAgent,1.0538120632463468
Oneshot,1.0298849012707934
YamashitaAgent,1.1282072594911934
PenaltyAvoidAgent,1.0250378320439597
EFRDistOneShotAgent,1.0497830602715523
Oneshot,1.0314523919589162
Ysi,1.0624144158376212
Ysi,1.1237203631986192
OneshotOmegaNegotiator,1.1058390959230902
IsobeAgent,1.029548340417259
MyAgent,0.8856879948196068
SteadySyncAgent,0.8155376699282249
PenaltyAvoidAgent,1.0740969435010803
IsobeAgent,0.988746300164208
PenaltyAvoidAgent,1.0748827949393105
LatticeOneShotAgent,1.1255825659559768
PenaltyAvoidAgent,1.0967455023246413
YamashitaAgent,1.1077113302509884
AssariAsari,1.139654152884626
BayesianAgent,1.0256795220715125
MyAgent,1.0243750516021164
IsobeAgent,1.0313976506239573
OneshotOmegaNegotiator,1.067507740981193
PenaltyAvoidAgent,1.0848154053722556
Group3,1.0232850508386315
EFRDistOneShotAgent,0.9860699694411976
Supvelikos,1.0700661486095948
SBDOneShot,1.1089720301263
LatticeOneShotAgent,1.2846627808818454
Ysi,1.053819912474704
Supvelikos,1.0943211087943088
AssariAsari,1.010012920979363
Supvelikos,1.1683306626280636
Oneshot,1.158189785579793
OneshotOmegaNegotiator,1.0437817959022428
MyAgent,1.0048411565840631
BayesianAgent,1.0664697193500738
Oneshot,1.0410217340155592
BayesianAgent,1.132939974294253
SBDOneShot,1.1268591263240262
PenaltyAvoidAgent,1.0961390741863757
BayesianAgent,1.0441101977361396
AssariAsari,1.1327948626232225
OneshotOmegaNegotiator,1.1401944358498537
YamashitaAgent,1.2610182499600089
EFRDistOneShotAgent,1.1480065159706168
PenaltyAvoidAgent,1.0690681284259984
Group3,0.9857988413813468
Supvelikos,1.0731488022606126
Group3,1.079213188194825
AssariAsari,1.074200374960203
Agent03Agent,1.057477691931752
TimeWeightedAgent,1.1488190644728298
Oneshot,1.1313358369750726
Agent03Agent,1.194353721602557
OneshotOmegaNegotiator,1.0227136682313154
SBDOneShot,1.0912669969577995
OneshotOmegaNegotiator,1.0211782251652903
TimeWeightedAgent,1.0760310962246085
PenaltyAvoidAgent,1.0834662087575126
BayesianAgent,1.0855146037830063
AssariAsari,1.1315463617160757
IsobeAgent,1.0508708254286143
Supvelikos,1.037881507413589
TimeWeightedAgent,1.0651418005854
SteadySyncAgent,1.1106249977732574
IsobeAgent,0.8843310165904024
BayesianAgent,1.1502122183494738
TimeWeightedAgent,1.232415844972878
AssariAsari,1.0306357313454744
SteadySyncAgent,1.0949200213774306
Oneshot,1.1277585747464645
Group3,1.025740319638678
YamashitaAgent,1.032496307237814
AssariAsari,1.070001926658532
Oneshot,1.0201890716768596
IsobeAgent,1.0620547904749058
AssariAsari,1.1180014339869613
TimeWeightedAgent,1.2361793300481685
Ysi,1.1359939777503394
SBDOneShot,1.237946478005903
Group3,0.9284193365089786
EFRDistOneShotAgent,0.9466086603951196
MyAgent,1.0009932194026403
TimeWeightedAgent,1.06361752383945
LatticeOneShotAgent,1.1106601253466866
Agent03Agent,1.229424155727438
BayesianAgent,1.0451972545357815
SteadySyncAgent,1.1286062973960456
EFRDistOneShotAgent,1.1218469614118451
IsobeAgent,0.9353842076062544
OneshotOmegaNegotiator,1.0469719768876191
IsobeAgent,1.062063217955768
Supvelikos,1.021695859205671
TimeWeightedAgent,1.0680384319708631
Ysi,1.1558077358796297
SteadySyncAgent,1.067919619697574
OneshotOmegaNegotiator,1.0497412021625718
SBDOneShot,1.1449914664861995
Ysi,1.141941406283426
TimeWeightedAgent,1.251286050895109
TimeWeightedAgent,1.0303769828527392
SBDOneShot,1.0234481694716582
Supvelikos,1.1540008267044737
YamashitaAgent,1.2035243413072283
YamashitaAgent,1.0493368414600508
SBDOneShot,1.1270036403944663
OneshotOmegaNegotiator,1.0434148694998868
YamashitaAgent,1.0721194210645404
TimeWeightedAgent,1.0380488966232229
EFRDistOneShotAgent,1.100103529082434
MyAgent,1.0556180221002318
OneshotOmegaNegotiator,1.0502923275762022
Ysi,1.048934796044736
PenaltyAvoidAgent,1.1601674377616216
YamashitaAgent,1.0468432051498977
SBDOneShot,1.0640854229369492
YamashitaAgent,1.1349457970985175
TimeWeightedAgent,1.2624123466186328
Oneshot,1.1180426455531185
YamashitaAgent,1.199499944357068
PenaltyAvoidAgent,1.0370918329855192
Ysi,1.0822065241962646
AssariAsari,1.028102411031699
SBDOneShot,1.1356106619161617
IsobeAgent,0.986685856191696
SBDOneShot,1.095211640685851
OneshotOmegaNegotiator,1.0332637852878952
YamashitaAgent,1.0671962573861538
Group3,1.0161498413279235
SteadySyncAgent,1.1001243950736512
AssariAsari,1.0296767835555785
EFRDistOneShotAgent,1.0310206173197984
PenaltyAvoidAgent,1.1289714988505464
AssariAsari,1.0986052152819892
YamashitaAgent,1.1180444412879922
SteadySyncAgent,1.235629605127912
EFRDistOneShotAgent,0.9947768117853903
Supvelikos,1.0912331472196166
AssariAsari,1.0520994133991972
Oneshot,1.0691093404890133
Oneshot,1.126613090094589
Supvelikos,1.0953305033353549
MyAgent,1.0377717640686754
PenaltyAvoidAgent,1.070216653615244
LatticeOneShotAgent,1.108274544657711
SteadySyncAgent,1.2205306899330537
YamashitaAgent,1.124729436939719
OneshotOmegaNegotiator,1.0911817387081673
OneshotOmegaNegotiator,1.0247012061477594
BayesianAgent,1.145538447457532
SBDOneShot,1.0250147806808318
Ysi,1.071186149837995
AssariAsari,1.052906634093174
IsobeAgent,1.098261559752332
EFRDistOneShotAgent,1.1175721479285172
BayesianAgent,1.0560689115113548
AssariAsari,1.1688445346043983
Ysi,1.0089622964262306
BayesianAgent,1.1646760557955431
SteadySyncAgent,1.0626526694114151
BayesianAgent,1.13140068468206
SteadySyncAgent,1.10445348698268
Group3,1.008839600402969
YamashitaAgent,1.0709010339734122
SBDOneShot,1.005644097524892
BayesianAgent,1.065303735770592
Supvelikos,1.0414502408708606
SBDOneShot,1.1441868091197471
AssariAsari,0.99772789551084
TimeWeightedAgent,1.146438439146149
Group3,0.8537489740793127
Supvelikos,1.2576260113085458
IsobeAgent,1.1009895512539092
Supvelikos,1.0631688854085095
PenaltyAvoidAgent,1.0293488876673131
MyAgent,0.8878941589274305
PenaltyAvoidAgent,1.1129804609454497
YamashitaAgent,1.1777498977879075
TimeWeightedAgent,1.0461019570953092
Oneshot,1.071961965408411
OneshotOmegaNegotiator,1.0526713655641036
EFRDistOneShotAgent,1.0886159485422588
TimeWeightedAgent,1.044912514234274
OneshotOmegaNegotiator,1.067227141899881
SteadySyncAgent,1.031765260703804
AssariAsari,1.070965255924475
MyAgent,1.04019478692893
SteadySyncAgent,0.9946260776716588
Oneshot,1.1077105284696758
SteadySyncAgent,1.2228606603696344
Ysi,1.128298953075369
TimeWeightedAgent,1.061441442969555
Ysi,1.0194705459365203
OneshotOmegaNegotiator,0.96089674601109
BayesianAgent,1.043531168722675
Group3,1.1057238368562412
Ysi,1.062116484650519
SBDOneShot,1.054875893697752
TimeWeightedAgent,1.0742884123843015
LatticeOneShotAgent,1.0965902121918312
Supvelikos,1.147189211622498
IsobeAgent,1.1147861144671989
YamashitaAgent,1.1285937619235638
TimeWeightedAgent,1.0849378731009218
LatticeOneShotAgent,1.0818717036673615
AssariAsari,1.093381539451665
BayesianAgent,1.025105912276872
SteadySyncAgent,1.1112932899800607
Agent03Agent,1.0548429374910266
SBDOneShot,1.1220943514844757
SteadySyncAgent,0.9405211127155292
PenaltyAvoidAgent,1.1243725593645395
LatticeOneShotAgent,1.0422583131409182
Group3,0.928485960713743
AssariAsari,1.0810131240034344
EFRDistOneShotAgent,1.0141605679395678
BayesianAgent,1.166826566451091
TimeWeightedAgent,1.022856057944194
Ysi,1.1224360715905313
LatticeOneShotAgent,1.0916894589482011
PenaltyAvoidAgent,1.0437379625450416
Ysi,1.127635139531895
Agent03Agent,1.0635028902880566
TimeWeightedAgent,1.0698635323047578
PenaltyAvoidAgent,1.0174104105818609
MyAgent,1.0472622278003756
IsobeAgent,1.0064381678824843
SteadySyncAgent,1.073864292360217
BayesianAgent,1.166636462486408
SBDOneShot,1.0488887711324155
LatticeOneShotAgent,1.0498584832732216
Supvelikos,1.1566716134152
MyAgent,1.011533298073297
Oneshot,1.0476022654974737
TimeWeightedAgent,1.121002472465904
Agent03Agent,1.2236872216371175
PenaltyAvoidAgent,1.1646159503130755
Oneshot,1.0405144114506149
BayesianAgent,1.028450324320853
PenaltyAvoidAgent,1.0750754607924988
AssariAsari,1.1542073943563371
Group3,0.99788088510765
MyAgent,0.917444070286654
Oneshot,1.1287005453588213
EFRDistOneShotAgent,1.03988263257975
MyAgent,1.0231274235952843
Group3,0.9406591112434765
Supvelikos,1.1315561253301318
Supvelikos,1.0265077766075783
IsobeAgent,1.12815850350885
YamashitaAgent,1.03567753918755
Oneshot,1.1255410320659265
Supvelikos,1.1207771348083588
Ysi,1.2073068942938592
OneshotOmegaNegotiator,1.024124889993436
MyAgent,1.045752428143074
Ysi,1.1195226614182856
EFRDistOneShotAgent,1.1561520053412682
Group3,1.0163152703391105
EFRDistOneShotAgent,1.0853555702942037
SBDOneShot,1.0562789446584335
MyAgent,1.0920740287560269
Supvelikos,1.0201325250857232
MyAgent,1.0840955768112102
Supvelikos,1.0377002394784811
Agent03Agent,1.1361460296403112
BayesianAgent,1.0557166032639664
IsobeAgent,1.0722743030822972
BayesianAgent,1.160433243362259
Agent03Agent,1.0270565253314206
Oneshot,1.0501272442815333
SBDOneShot,1.167920090160908
SBDOneShot,1.1292721558154262
Ysi,1.0729087741325185
Group3,1.036957698265641
BayesianAgent,1.1030825345142776
YamashitaAgent,1.1583913693804773
BayesianAgent,1.0562255285826154
TimeWeightedAgent,1.0415912252809096
BayesianAgent,1.1297612367250796
IsobeAgent,1.1087619644271542
PenaltyAvoidAgent,1.127558744158494
Group3,0.9160772295756758
OneshotOmegaNegotiator,1.0924240744789857
SteadySyncAgent,1.035779166484097
BayesianAgent,1.1231120951199949
EFRDistOneShotAgent,1.12492960631061
Oneshot,1.1014352072925742
LatticeOneShotAgent,1.0699941788732414
MyAgent,1.0815133445675102
SteadySyncAgent,1.0778833468814375
Oneshot,1.0690303956338476
TimeWeightedAgent,1.1635423991454
Ysi,1.0236542746313566
TimeWeightedAgent,1.0401978822075135
SBDOneShot,1.139605844714613
Ysi,1.1340288775982204
LatticeOneShotAgent,1.1093592371978396
LatticeOneShotAgent,1.0336523023569455
SBDOneShot,1.0309727573225609
MyAgent,0.9535655462513098
SBDOneShot,1.090499525622176
TimeWeightedAgent,1.0192766321334803
SteadySyncAgent,1.10045139714392
LatticeOneShotAgent,1.0321751974824995
Ysi,1.0564076245141716
AssariAsari,1.1440429176152336
BayesianAgent,1.2528076200061078
IsobeAgent,1.1105886517428658
MyAgent,1.0440096642958383
PenaltyAvoidAgent,1.1639820140728396
SteadySyncAgent,1.0577714419563284
EFRDistOneShotAgent,1.1264771509395797
MyAgent,0.9008932984499216
MyAgent,1.0117305917490094
Supvelikos,1.0711760961505774
BayesianAgent,1.02838610236979
AssariAsari,1.0700661486095948
OneshotOmegaNegotiator,1.0255141725903978
Group3,0.9773252268267512
BayesianAgent,1.1293857997901071
IsobeAgent,1.228822437663602
YamashitaAgent,1.127645953696789
Oneshot,1.085412951688307
EFRDistOneShotAgent,1.1212053669534985
Oneshot,1.034378829506459
AssariAsari,1.1669989126495106
EFRDistOneShotAgent,0.9572566492261824
Group3,0.6464128369407636
PenaltyAvoidAgent,0.971379188690078
PenaltyAvoidAgent,1.037505619420718
SteadySyncAgent,1.0710083568133797
Oneshot,1.044760411934956
Group3,0.8715501980791311
Agent03Agent,1.0463918584465923
Oneshot,1.072116324888369
MyAgent,1.0193151804563945
Agent03Agent,1.0916525803232997
Supvelikos,1.0194102747616511
AssariAsari,1.1081658040462383
Group3,0.8450417973155416
EFRDistOneShotAgent,1.103801290851285
IsobeAgent,1.0122744256691354
BayesianAgent,1.0865442048640737
AssariAsari,1.080192216653858
Agent03Agent,1.2018010986438672
LatticeOneShotAgent,1.025038882511226
Oneshot,1.0787739054205316
SteadySyncAgent,1.1114277879187708
BayesianAgent,1.0914912669486123
Agent03Agent,1.0230004856745047
Group3,0.9952083140111952
SBDOneShot,1.127648061165811
Oneshot,1.083545006372191
EFRDistOneShotAgent,1.0258692445881634
PenaltyAvoidAgent,1.071554912922281
Supvelikos,1.0479953665989783
Oneshot,1.0701622570309393
YamashitaAgent,1.043498331581764
Group3,0.8857197174124884
Oneshot,1.0248266744782262
PenaltyAvoidAgent,1.0790559329404188
IsobeAgent,1.0139722958090118
Supvelikos,1.0731488022606126
PenaltyAvoidAgent,0.9961469500329112
Oneshot,1.1582741685715616
EFRDistOneShotAgent,1.1477395064416067
IsobeAgent,0.9763121382335992
TimeWeightedAgent,1.0261751842754916
Oneshot,1.039550328392479
SteadySyncAgent,1.0845700968968477
EFRDistOneShotAgent,1.0238352526961916
SteadySyncAgent,1.0663151641170354
MyAgent,1.0530811767124095
SBDOneShot,1.0554837665875811
TimeWeightedAgent,1.1295373447902268
Ysi,1.041090150559798
LatticeOneShotAgent,1.1481443696776228
BayesianAgent,1.0635039348084052
MyAgent,1.120747686912665
Ysi,1.0111000857781671
Supvelikos,1.0732772461627385
SBDOneShot,1.0226663807461294
EFRDistOneShotAgent,1.0555043999591305
Group3,0.9201707794919232
AssariAsari,1.1676044308440725
TimeWeightedAgent,1.1413250711454117
Group3,0.2040189347884844
IsobeAgent,1.1040436765012802
Agent03Agent,1.024628614765607
Group3,1.0048467685060296
MyAgent,1.0096480134982833
SBDOneShot,1.0468705947344177
Agent03Agent,1.0615744818189037
IsobeAgent,1.0814594335623446
AssariAsari,1.0927688480593754
PenaltyAvoidAgent,1.0383316269906109
Ysi,1.0683557839711222
Supvelikos,1.121621201255613
TimeWeightedAgent,1.085149639353555
OneshotOmegaNegotiator,1.0165934810865431
AssariAsari,1.1793982144596429
Oneshot,1.0600051066180756
Ysi,1.0614055959561106
PenaltyAvoidAgent,1.0277333230292554
IsobeAgent,1.0779424592557407
Supvelikos,1.0340376340633228
OneshotOmegaNegotiator,1.0647766736027997
PenaltyAvoidAgent,1.1658542733986792
Supvelikos,1.0607848742525725
BayesianAgent,1.0896702807043193
LatticeOneShotAgent,1.2887612985558106
BayesianAgent,1.017840501926828
Oneshot,1.139964834805673
LatticeOneShotAgent,1.1267496908134724
PenaltyAvoidAgent,1.123356678434298
Agent03Agent,1.0450784535431137
OneshotOmegaNegotiator,1.14986692057908
OneshotOmegaNegotiator,1.1297119038935084
Supvelikos,1.096381645441682
BayesianAgent,1.1296797947894577
YamashitaAgent,1.1859126575034729
LatticeOneShotAgent,1.1322487789417857
Ysi,1.0570892066027024
BayesianAgent,1.0421188921995082
EFRDistOneShotAgent,1.0358650806447358
Agent03Agent,1.0541567409116115
PenaltyAvoidAgent,1.157259308217669
IsobeAgent,1.038128153387205
AssariAsari,1.1350139281964169
SteadySyncAgent,1.03336374642331
Ysi,1.044263819782382
LatticeOneShotAgent,1.0498598708657556
AssariAsari,1.0719114287422689
BayesianAgent,1.02838610236979
LatticeOneShotAgent,1.072506582749984
IsobeAgent,1.079579669580662
YamashitaAgent,1.0940367899737216
TimeWeightedAgent,1.0610772324098146
SBDOneShot,1.1531691735974403
Supvelikos,1.0401118899939907
Agent03Agent,1.0616145800389465
Oneshot,1.1581005268815148
Group3,0.990879536899002
Ysi,1.0440199913919048
BayesianAgent,1.1331367008324138
OneshotOmegaNegotiator,1.1287671232876713
YamashitaAgent,1.094838894903655
Ysi,1.0496074074656976
Group3,0.8761047448244332
Agent03Agent,1.0218340059535245
MyAgent,1.050474967882098
SBDOneShot,1.1508446068412457
PenaltyAvoidAgent,1.0696945967110416
LatticeOneShotAgent,1.125742608543019
EFRDistOneShotAgent,0.9342631263347188
LatticeOneShotAgent,1.1287671232876713
Group3,0.9449564470841978
LatticeOneShotAgent,1.1308908150630053
YamashitaAgent,1.094158075601375
PenaltyAvoidAgent,1.057972614026985
IsobeAgent,0.9555799369948332
OneshotOmegaNegotiator,1.0420999442700272
SteadySyncAgent,1.0457096916957702
SteadySyncAgent,0.9806841095902292
AssariAsari,1.1135602822269146
PenaltyAvoidAgent,1.024444851819287
AssariAsari,1.1067354919711916
LatticeOneShotAgent,1.0584128289920771
IsobeAgent,1.0952107148591548
PenaltyAvoidAgent,1.0835275358763643
YamashitaAgent,1.0931558935361216
Ysi,1.141674503649014
OneshotOmegaNegotiator,1.2321739925721642
MyAgent,1.0118214952573157
EFRDistOneShotAgent,0.9356249797761892
IsobeAgent,1.0190660595296932
Group3,0.8418178233048593
MyAgent,0.941714566972596
Supvelikos,1.1460627139102313
SteadySyncAgent,1.0346434401434663
Oneshot,1.0534842839602476
Supvelikos,1.093799335281908
Agent03Agent,1.262679992980569
AssariAsari,1.1294021779527734
Agent03Agent,1.098730115678518
Group3,1.0057068882093696
BayesianAgent,1.0663412754479482
OneshotOmegaNegotiator,1.022840271068807
SteadySyncAgent,1.0900111745974717
MyAgent,1.012909113237676
Group3,0.9672470025650604
PenaltyAvoidAgent,1.0837728443517725
Ysi,1.0689783880110817
IsobeAgent,1.045099487600706
Ysi,1.133087019845892
PenaltyAvoidAgent,1.130295762720691
EFRDistOneShotAgent,1.0750025211841407
Supvelikos,1.0020516327683655
EFRDistOneShotAgent,1.1261060809740084
MyAgent,1.0023991455394246
Ysi,1.0612185259444056
YamashitaAgent,1.026121982965361
Agent03Agent,1.0940348929367123
SBDOneShot,1.0263049590137625
BayesianAgent,1.0721131241581634
SBDOneShot,1.0491812796900155
Oneshot,1.121371105901472
Oneshot,1.1249286571687862
LatticeOneShotAgent,1.1188412933174705
SteadySyncAgent,0.7759457330176573
SBDOneShot,1.260367362195538
Ysi,1.0762853820712737
AssariAsari,1.0946516501628838
Ysi,1.024649776370304
Supvelikos,1.1101068361193898
EFRDistOneShotAgent,1.0305024592155678
MyAgent,0.8888813205523722
Agent03Agent,1.1029834722909522
EFRDistOneShotAgent,1.1812003788004442
LatticeOneShotAgent,1.0444678255094413
PenaltyAvoidAgent,1.1814721359722964
IsobeAgent,1.0056061319013017
Ysi,1.0415010078049645
OneshotOmegaNegotiator,1.130861773199438
Ysi,1.0714108869679468
Agent03Agent,1.0433249897817176
MyAgent,1.0518544624873165
TimeWeightedAgent,1.0210210980846042
Supvelikos,1.0965125897905352
PenaltyAvoidAgent,1.0126697189287373
IsobeAgent,1.0890107924737036
PenaltyAvoidAgent,1.0473069669718305
EFRDistOneShotAgent,1.0536578688507745
Agent03Agent,1.0438887754200543
YamashitaAgent,1.166705637739147
OneshotOmegaNegotiator,1.08432478842144
MyAgent,1.026938621859329
SBDOneShot,1.0435374098325267
EFRDistOneShotAgent,1.082145816844032
TimeWeightedAgent,1.0469436889802388
LatticeOneShotAgent,1.0721163030672962
Agent03Agent,1.046065910597961
SteadySyncAgent,1.1020999300955665
Supvelikos,1.1612970757256482
IsobeAgent,0.9774348252033008
SBDOneShot,1.053631137435532
PenaltyAvoidAgent,1.0819684991702985
YamashitaAgent,1.052327569672428
PenaltyAvoidAgent,1.182824303879148
SBDOneShot,1.045313366758866
AssariAsari,1.0964675579541274
OneshotOmegaNegotiator,1.0783187512848669
Supvelikos,1.0936429399485852
Ysi,1.0164529681681835
MyAgent,1.0205424291994234
Supvelikos,1.0347440755250144
YamashitaAgent,1.0673472228281162
TimeWeightedAgent,1.1283672579745747
Supvelikos,1.1240702955308366
AssariAsari,1.029851938704404
Group3,0.9457603805262158
IsobeAgent,1.0755373811019653
AssariAsari,1.09941378613301
PenaltyAvoidAgent,1.0304083921419338
Oneshot,1.0890579824824385
Agent03Agent,0.9895473777516014
SBDOneShot,1.0293277754471974
SBDOneShot,1.1518553062559875
YamashitaAgent,1.060786782181323
Ysi,1.120999973849851
Agent03Agent,1.2290297088826796
EFRDistOneShotAgent,1.107336125531962
LatticeOneShotAgent,1.059605747885238
AssariAsari,1.134895327011468
IsobeAgent,1.1302967253540035
Oneshot,1.140129800899411
LatticeOneShotAgent,1.2522088630581405
Ysi,1.1294548923960035
TimeWeightedAgent,1.0880762148673926
YamashitaAgent,1.0300103044953497
LatticeOneShotAgent,1.0712221437287264
Ysi,1.1287671232876713
Group3,0.9450814842408845
YamashitaAgent,1.0461299448715753
OneshotOmegaNegotiator,1.1321858964400793
Group3,1.1635807350125438
Oneshot,1.035954252902063
BayesianAgent,1.028321880418727
SBDOneShot,1.0381529199221593
Supvelikos,1.1429410622811127
TimeWeightedAgent,1.218625198299539
LatticeOneShotAgent,1.1382186543047343
SBDOneShot,1.181204104520544
LatticeOneShotAgent,1.0817490494296578
IsobeAgent,1.082832948115333
Group3,0.972989449945458
Oneshot,1.1273163368955703
YamashitaAgent,1.050710095708552
Group3,1.1058172706153644
YamashitaAgent,1.0768178812583056
TimeWeightedAgent,1.0716744581104916
TimeWeightedAgent,1.132813929156194
PenaltyAvoidAgent,1.1103005282206495
TimeWeightedAgent,1.1237253323567606
OneshotOmegaNegotiator,1.0910987181495415
PenaltyAvoidAgent,1.0730452229604026
LatticeOneShotAgent,1.0973874647369066
LatticeOneShotAgent,1.1191595487622077
BayesianAgent,1.092300780892443
Agent03Agent,1.0245157573710946
Oneshot,1.0706994982307918
YamashitaAgent,1.0446629530799283
TimeWeightedAgent,1.148018740456637
IsobeAgent,1.034666882100386
BayesianAgent,1.115291472862976
EFRDistOneShotAgent,1.1212908401202644
SBDOneShot,1.0760085202758929
TimeWeightedAgent,1.026300375797821
Agent03Agent,1.055514736433679
Oneshot,1.0628638255510174
Ysi,1.1459605057955302
TimeWeightedAgent,1.0686432106265555
PenaltyAvoidAgent,1.0988593155893536
PenaltyAvoidAgent,1.1356981571855198
TimeWeightedAgent,1.0859590412379168
LatticeOneShotAgent,1.04997362174665
SBDOneShot,1.1664099456755908
LatticeOneShotAgent,1.0821783392616215
SteadySyncAgent,1.0930996728506863
PenaltyAvoidAgent,1.026169127149411
Group3,0.8678852704103186
PenaltyAvoidAgent,1.13013698630137
SteadySyncAgent,1.0784605958637503
OneshotOmegaNegotiator,1.1283723706776865
Group3,0.9922680293145508
MyAgent,0.9613301351422008
Agent03Agent,1.101877480202928
IsobeAgent,1.1088625353727444
Group3,0.988223161180494
BayesianAgent,1.076041326411304
LatticeOneShotAgent,1.0974487918557587
AssariAsari,1.131327846165052
SBDOneShot,1.0762640586939494
Ysi,1.121180961315433
BayesianAgent,1.085438069995139
MyAgent,0.8831364420784373
SBDOneShot,1.2316018468261931
YamashitaAgent,1.029860816455298
TimeWeightedAgent,1.0663394405076474
BayesianAgent,1.0328966966625022
Ysi,1.0871588081779135
PenaltyAvoidAgent,1.0350613731241567
OneshotOmegaNegotiator,1.1338801488479198
Oneshot,1.059010789864092
LatticeOneShotAgent,1.0920812551190997
Supvelikos,1.0746430299232057
SBDOneShot,1.0424878385457157
OneshotOmegaNegotiator,1.041537006626353
SBDOneShot,1.1557670407765306
AssariAsari,0.9859798719433468
BayesianAgent,1.1405612693888043
Supvelikos,0.9771220364674148
Agent03Agent,1.1518796090565666
SBDOneShot,1.0209371208775422
Group3,1.0108989413427674
LatticeOneShotAgent,1.1342922281639125
Group3,0.3474230999712929
SteadySyncAgent,1.0055919521300891
YamashitaAgent,1.0648588193625288
Oneshot,1.0467668827792758
BayesianAgent,1.0695705484521547
IsobeAgent,1.0845357821674608
SteadySyncAgent,1.153940114288802
EFRDistOneShotAgent,1.108350604304867
Group3,0.3627855595194206
MyAgent,0.9280239928496068
AssariAsari,1.097057486609433
Agent03Agent,1.125931793816923
SteadySyncAgent,1.1089065006994614
YamashitaAgent,1.1246222456413448
SBDOneShot,1.084641153548232
Ysi,1.0190724217854483
BayesianAgent,1.066405497399011
OneshotOmegaNegotiator,1.1403766031930689
Group3,0.96679536639266
Supvelikos,1.126149340963813
Ysi,1.073129313410179
Agent03Agent,1.0104829827708528
SteadySyncAgent,1.0735710908886829
TimeWeightedAgent,1.1237231590873444
EFRDistOneShotAgent,0.9660660873671696
Oneshot,1.049057541449037
IsobeAgent,1.0686360063278673
Agent03Agent,1.1542789379164444
MyAgent,0.9356055986852831
IsobeAgent,1.0113759850652095
TimeWeightedAgent,1.0656785172965808
SteadySyncAgent,1.0151593861324963
EFRDistOneShotAgent,0.9608732309856576
Agent03Agent,1.1109060842139182
OneshotOmegaNegotiator,1.2277208724303237
Supvelikos,1.0221994746265517
Oneshot,1.1286833489476418
SBDOneShot,1.0418807199573776
AssariAsari,1.0740197591849336
BayesianAgent,1.025546350690376
Supvelikos,1.0957441247943345
AssariAsari,1.1291095890410958
IsobeAgent,1.0060181181676238
Supvelikos,1.0809547127255257
Agent03Agent,1.0576236787434985
SteadySyncAgent,0.8646644729407255
PenaltyAvoidAgent,1.1550802409855898
YamashitaAgent,1.0295566580904794
SteadySyncAgent,1.0761672339605677
AssariAsari,1.0353220730845802
Oneshot,1.056542301007581
BayesianAgent,1.0760290435354434
TimeWeightedAgent,1.0850515688701572
Supvelikos,1.1293150684931508
EFRDistOneShotAgent,0.9285952971356336
Agent03Agent,1.0557161998625035
PenaltyAvoidAgent,1.1003311664418003
SteadySyncAgent,0.9292224546297918
OneshotOmegaNegotiator,1.1298171285193377
EFRDistOneShotAgent,1.1011385473309492
SteadySyncAgent,1.116990443432082
OneshotOmegaNegotiator,1.0541753107659728
MyAgent,1.0376175474987908
EFRDistOneShotAgent,1.1115752876256475
YamashitaAgent,1.0933561113081751
TimeWeightedAgent,1.0407020271593876
MyAgent,0.9038140334822434
Group3,0.9675140506888206
TimeWeightedAgent,1.1230208828086066
Oneshot,1.0208903734605408
EFRDistOneShotAgent,1.0446696032465383
SBDOneShot,1.1288268464079108
Agent03Agent,1.2481597297221554
MyAgent,1.020690656418002
PenaltyAvoidAgent,1.0963007883565798
LatticeOneShotAgent,1.1445053973916852
TimeWeightedAgent,1.2473088547519262
YamashitaAgent,1.0799589402273162
SBDOneShot,1.062183005866941
PenaltyAvoidAgent,1.042881265295361
EFRDistOneShotAgent,1.058646778721343
IsobeAgent,0.9928129819428247
LatticeOneShotAgent,1.1722076492724942
EFRDistOneShotAgent,0.9104020000393476
MyAgent,0.9861190807743544
Oneshot,1.0277098037131165
SBDOneShot,1.0911980279848563
PenaltyAvoidAgent,1.0742255353058243
TimeWeightedAgent,1.0822644597371478
PenaltyAvoidAgent,1.084202134183736
MyAgent,1.0212798514297303
PenaltyAvoidAgent,1.0405872846896145
Supvelikos,1.1532108332207385
AssariAsari,1.1231674690416784
EFRDistOneShotAgent,0.9212291035025724
IsobeAgent,0.9844011867789462
PenaltyAvoidAgent,1.1239635371066592
IsobeAgent,1.0322236212738043
Group3,0.8041672038188138
Ysi,1.0109209857512995
Agent03Agent,1.01982348431558
SteadySyncAgent,0.8577710472549336
LatticeOneShotAgent,1.262143780584979
SteadySyncAgent,0.7830769072300044
OneshotOmegaNegotiator,1.0610962646244315
BayesianAgent,1.0462973351393388
IsobeAgent,1.0229164729134956
OneshotOmegaNegotiator,1.1213170209919576
AssariAsari,1.1204165992937545
BayesianAgent,1.065303120183512
Agent03Agent,1.1540263117258036
MyAgent,0.883703730533016
PenaltyAvoidAgent,1.1683297463179627
Agent03Agent,1.0687449138656755
OneshotOmegaNegotiator,1.0741914151966243
SteadySyncAgent,1.167459334080302
PenaltyAvoidAgent,1.030800987410735
BayesianAgent,1.0463009416528333
Agent03Agent,1.1244887160422556
EFRDistOneShotAgent,1.1308179765459976
AssariAsari,1.0970689306650496
OneshotOmegaNegotiator,1.0387013825254048
PenaltyAvoidAgent,1.067924723228243
AssariAsari,1.0315329779718707
IsobeAgent,0.8821079360321342
Ysi,1.036614895009623
EFRDistOneShotAgent,1.092966167608593
BayesianAgent,1.06441211751499
OneshotOmegaNegotiator,1.1699739067823085
IsobeAgent,1.0281526198720918
OneshotOmegaNegotiator,1.1676969655104432
IsobeAgent,1.1072240203627013
BayesianAgent,1.093192614098887
AssariAsari,1.167905038057267
Oneshot,1.0352532090289406
Group3,1.0429875386024396
SBDOneShot,1.0513516673158332
MyAgent,1.0085543174803644
PenaltyAvoidAgent,1.0245437590505837
IsobeAgent,1.0796046709631222
Supvelikos,1.0951283606225997
IsobeAgent,1.103924597815359
OneshotOmegaNegotiator,1.1696980773374357
Ysi,1.0524204129527372
Agent03Agent,1.1501386098633763
OneshotOmegaNegotiator,1.0775725797728188
LatticeOneShotAgent,1.298647865055315
Oneshot,1.0562198361827642
Ysi,1.117323943838979
SteadySyncAgent,0.9378117193294196
SBDOneShot,1.1364302040846737
Oneshot,1.0486221269525748
MyAgent,1.0977762308050978
MyAgent,0.9998608895999116
SteadySyncAgent,1.098734200405616
SteadySyncAgent,1.0514992998039652
BayesianAgent,1.1027965185147035
BayesianAgent,1.028450324320853
EFRDistOneShotAgent,0.9720977653914956
SteadySyncAgent,1.068679910946741
SBDOneShot,1.0651672184831755
Supvelikos,1.0170698847174326
PenaltyAvoidAgent,1.115687188021597
BayesianAgent,1.049548850794904
Agent03Agent,1.0664049031770682
OneshotOmegaNegotiator,1.0381310452862436
Agent03Agent,1.142390098130842
Supvelikos,1.1605114458251222
Oneshot,1.0138160238297278
EFRDistOneShotAgent,1.0053104153908288
SteadySyncAgent,1.125458721623799
BayesianAgent,1.1727981152591518
LatticeOneShotAgent,1.056758319831199
OneshotOmegaNegotiator,1.1513033161678514
LatticeOneShotAgent,1.056441479316495
MyAgent,0.9576972258261248
Ysi,1.0680353497591455
Supvelikos,1.0476144639711158
OneshotOmegaNegotiator,1.0652149100849089
IsobeAgent,1.1054613624416991
PenaltyAvoidAgent,1.1293655377315202
YamashitaAgent,1.1515383012606957
BayesianAgent,1.2823227668225865
Oneshot,1.0489124487334696
SteadySyncAgent,1.1227253686434806
YamashitaAgent,1.1247324799047742
EFRDistOneShotAgent,0.97211315183132
PenaltyAvoidAgent,1.0398747539818114
BayesianAgent,1.0675463417923046
AssariAsari,1.096169928170141
Ysi,1.2096811876576772
Ysi,1.04802987807344
AssariAsari,1.1511471780474725
OneshotOmegaNegotiator,1.0472208796419245
AssariAsari,1.1537964010496111
Oneshot,1.0478478079761828
AssariAsari,1.0722963969961412
OneshotOmegaNegotiator,1.1137104421636927
BayesianAgent,1.092328918642718
LatticeOneShotAgent,1.023612943998841
SBDOneShot,1.1003858180353725
Oneshot,1.0294523568037637
MyAgent,1.052395107454965
LatticeOneShotAgent,1.0513511143105436
AssariAsari,1.1780207032992147
MyAgent,0.7964553626449322
Group3,1.0806251729394325
Ysi,1.123720070567753
MyAgent,0.9870597803308924
OneshotOmegaNegotiator,1.042959662975774
BayesianAgent,1.0722702741262888
Ysi,1.1629049366973976
TimeWeightedAgent,1.023276247911458
MyAgent,0.917147375535824
SBDOneShot,1.133593982589061
YamashitaAgent,1.1247314388023857
MyAgent,0.9925717735733518
IsobeAgent,0.9870032931021436
AssariAsari,1.1129701419911262
Agent03Agent,1.1240658938571657
YamashitaAgent,1.0946767907989965
Ysi,1.0428202288947463
Agent03Agent,1.0683789590455366
BayesianAgent,1.1606963009264653
PenaltyAvoidAgent,1.0673975463325502
TimeWeightedAgent,1.0526627264226556
Group3,0.8656439481438273
Group3,0.9481954781695432
YamashitaAgent,1.0914464086443665
BayesianAgent,1.1196381818888477
Oneshot,1.0771218434571743
AssariAsari,1.051015876348255
Group3,1.0919990465089189
Group3,1.0404827460040504
EFRDistOneShotAgent,0.9756281807039848
PenaltyAvoidAgent,1.0471445195821902
SBDOneShot,1.067631082915217
PenaltyAvoidAgent,1.036478068203712
MyAgent,1.0061342570983638
Ysi,1.025185539649256
SteadySyncAgent,1.16652100483835
Ysi,1.0240162180220922
SteadySyncAgent,1.0716516344199056
MyAgent,0.9468122285327952
YamashitaAgent,1.128195239886319
IsobeAgent,1.0800301796464662
SteadySyncAgent,1.111138063472812
YamashitaAgent,1.0721870028302964
SteadySyncAgent,1.1031522139089909
YamashitaAgent,1.0288748439768334
PenaltyAvoidAgent,1.0754607924988762
SBDOneShot,1.0432799031858535
BayesianAgent,1.0676974956431116
SBDOneShot,1.128904109589041
EFRDistOneShotAgent,1.00815557885442
AssariAsari,1.0337145403237784
Agent03Agent,1.0971555177994514
MyAgent,0.951633775989646
SteadySyncAgent,1.108596889957146
Ysi,1.1255977804695747
PenaltyAvoidAgent,1.096543359611886
LatticeOneShotAgent,1.124730579268742
YamashitaAgent,1.0927723908472329
TimeWeightedAgent,1.1547565967434088
AssariAsari,1.070425476376925
Group3,1.044356246280691
TimeWeightedAgent,1.041647487401553
YamashitaAgent,1.0323458696456909
Ysi,1.0312262686090043
EFRDistOneShotAgent,0.9993730114949584
SteadySyncAgent,1.1647584309630636
Supvelikos,1.0975068762290907
SBDOneShot,1.2087829559617826
TimeWeightedAgent,1.114965796650805
BayesianAgent,1.0922579341014755
BayesianAgent,1.1254148555379015
LatticeOneShotAgent,1.0923321196628335
Oneshot,1.1247336267937305
MyAgent,0.9768300077678144
Group3,0.829999994365279
PenaltyAvoidAgent,1.1397568549935042
Ysi,1.1286792098884446
SteadySyncAgent,1.1103893088322765
Ysi,1.037570443595323
AssariAsari,1.0737882062364927
YamashitaAgent,1.032893167127701
Group3,0.9734742739662128
Agent03Agent,1.127816803384818
OneshotOmegaNegotiator,1.09096559865402
Agent03Agent,0.9937891275548708
IsobeAgent,0.8791216237686175
Ysi,1.1062293316312346
YamashitaAgent,1.2046318582701514
SteadySyncAgent,0.9568092936155692
YamashitaAgent,1.143601630386372
Agent03Agent,1.1258185411717212
SteadySyncAgent,1.2089619442094297
MyAgent,0.8908855452049729
SteadySyncAgent,1.1658666223185268
Group3,0.9482625460986588
LatticeOneShotAgent,1.072018859265814
TimeWeightedAgent,1.1532337750657058
BayesianAgent,1.2773316631512244
MyAgent,0.9449891650749648
SBDOneShot,1.0661852325238446
LatticeOneShotAgent,1.047785320546265
PenaltyAvoidAgent,1.064019094026564
Group3,0.9637063711054982
YamashitaAgent,1.1465345535774467
Ysi,1.026629260137501
SteadySyncAgent,1.1011450106958935
YamashitaAgent,1.0486222330183372
PenaltyAvoidAgent,1.0746372337141092
SBDOneShot,1.0239209634275617
BayesianAgent,1.1483914517012623
IsobeAgent,1.0290043820701278
Agent03Agent,1.0642975921725184
SteadySyncAgent,0.9303204179229072
Ysi,1.1533754162345515
SBDOneShot,0.9900614229820082
Oneshot,1.0558242192863572
EFRDistOneShotAgent,1.122634701220317
OneshotOmegaNegotiator,1.0914335862778943
Group3,1.0157812439956526
TimeWeightedAgent,1.08367979464123
LatticeOneShotAgent,1.051355818063885
SteadySyncAgent,1.178694161044051
YamashitaAgent,1.1277600813207027
Agent03Agent,1.076458587946892
MyAgent,1.0316835439470782
Supvelikos,1.0950552965687228
YamashitaAgent,1.029826730461401
OneshotOmegaNegotiator,1.083693889207781
BayesianAgent,1.0529463055531227
PenaltyAvoidAgent,1.1576558713372989
BayesianAgent,1.1528099253651598
YamashitaAgent,1.046365668310454
EFRDistOneShotAgent,1.0021734225707546
Agent03Agent,1.1264599608131731
YamashitaAgent,1.1224782528546022
EFRDistOneShotAgent,1.114107345588432
LatticeOneShotAgent,1.032367863335688
MyAgent,1.0174697679378109
OneshotOmegaNegotiator,1.051693630667336
TimeWeightedAgent,1.1213091202429364
Ysi,1.1307671784203135
Group3,0.9809387100062936
SBDOneShot,1.140721807292244
Group3,1.014353196969398
Group3,1.0807489211946606
BayesianAgent,1.0667956027877954
SteadySyncAgent,0.9973531897137028
IsobeAgent,0.9122739353295206
Group3,0.997275770399307
AssariAsari,1.093713361633313
Oneshot,1.1658209496194274
EFRDistOneShotAgent,0.9662865794804514
TimeWeightedAgent,1.0237125069871371
EFRDistOneShotAgent,1.0169119901612078
SteadySyncAgent,1.0849380596099596
Ysi,1.0731079362347455
OneshotOmegaNegotiator,1.04579687519453
MyAgent,0.9175112554286444
SteadySyncAgent,1.035053024461461
LatticeOneShotAgent,1.069359707147903
SBDOneShot,1.0212024364940375
SteadySyncAgent,1.080184295949647
LatticeOneShotAgent,1.1655491119971004
AssariAsari,1.0687548942834768
Oneshot,1.1648543253356238
SBDOneShot,1.0072548977312323
IsobeAgent,1.080632168431166
TimeWeightedAgent,1.0890650644596611
YamashitaAgent,1.1596804850500182
SBDOneShot,1.0500847060700471
Agent03Agent,1.0247865398069549
Ysi,1.089548689715196
Agent03Agent,1.1283488001045907
Group3,0.929872633078742
EFRDistOneShotAgent,0.9531828443694632
AssariAsari,1.1620474915773134
EFRDistOneShotAgent,1.023859431973649
IsobeAgent,0.9310674779912108
MyAgent,0.8916971068692171
IsobeAgent,1.096977565320392
Oneshot,1.0486232858608524
IsobeAgent,1.024339907369313
Oneshot,1.073551826290706
YamashitaAgent,1.0903011969602454
SBDOneShot,1.0442880914241737
LatticeOneShotAgent,1.151117179601158
LatticeOneShotAgent,1.050955084387067
PenaltyAvoidAgent,1.1568257834588962
BayesianAgent,1.1368486287801929
SBDOneShot,1.198287237845964
TimeWeightedAgent,1.0244771617893231
OneshotOmegaNegotiator,1.0162828532135206
OneshotOmegaNegotiator,1.1323557826568793
BayesianAgent,1.054758714573734
YamashitaAgent,1.1191622798163827
BayesianAgent,1.093365566489789
SteadySyncAgent,0.9895789921096854
BayesianAgent,1.0410845471476025
Group3,0.8456735905848497
YamashitaAgent,1.169114639617907
EFRDistOneShotAgent,1.112640736646537
AssariAsari,1.123214638320279
Oneshot,1.0085992374517223
EFRDistOneShotAgent,0.954632353165383
MyAgent,1.0394148683093007
BayesianAgent,1.0912523758453334
Agent03Agent,1.1290569110515376
YamashitaAgent,1.094602789569436
YamashitaAgent,1.024210090348432
Ysi,1.076224448479849
SBDOneShot,1.0608812895807465
Agent03Agent,1.150218711018895
Oneshot,1.129711929836729
Group3,1.1048463518538405
Oneshot,1.1357679559092997
IsobeAgent,1.135510607873539
MyAgent,0.9687058387083974
AssariAsari,1.0955755755957874
SBDOneShot,1.1268884530858236
SteadySyncAgent,1.1151414329365366
BayesianAgent,1.0456862792744388
LatticeOneShotAgent,1.0718871062949769
IsobeAgent,1.0251710873803974
AssariAsari,1.0739711809751449
EFRDistOneShotAgent,1.0532268923981405
LatticeOneShotAgent,1.2644425948674125
SBDOneShot,1.056816369073377
Supvelikos,1.181015722390358
MyAgent,0.9546797936926824
Oneshot,1.0717633032792768
Group3,0.9308528509477676
Agent03Agent,1.1228357435226954
Supvelikos,1.114338974594069
IsobeAgent,1.0054334386671782
BayesianAgent,1.1276463796888454
Group3,1.1080215371680862
YamashitaAgent,1.1287671232876713
Supvelikos,1.1189266046891846
Agent03Agent,1.0566607608882437
Supvelikos,1.145328197597547
MyAgent,1.0006534763838697
LatticeOneShotAgent,1.0716074754351037
Ysi,1.1196022645458528
BayesianAgent,1.0923792197291289
SBDOneShot,1.054867950617978
Ysi,1.1413417363376932
SteadySyncAgent,1.02800674440063
YamashitaAgent,1.0988757297752425
Agent03Agent,1.0674370547967025
Oneshot,1.0696803138142752
MyAgent,1.0218155660714603
Oneshot,1.089509348540454
AssariAsari,1.0499589605940711
Agent03Agent,1.1226523406672455
AssariAsari,1.114052195701886
Supvelikos,1.2308274643914523
OneshotOmegaNegotiator,1.0504555932806878
EFRDistOneShotAgent,1.01349482391893
SBDOneShot,1.0489928320996225
IsobeAgent,1.0232042776420416
SBDOneShot,1.130308043613779
MyAgent,1.026483495862346
IsobeAgent,1.0965365720063256
SteadySyncAgent,1.0633008705689526
AssariAsari,1.0816263951919538
Agent03Agent,1.0552723158935593
LatticeOneShotAgent,1.0803998528149148
BayesianAgent,1.0854518614932265
OneshotOmegaNegotiator,1.0206138372814764
Supvelikos,1.0996727099184342
IsobeAgent,1.0748688699960631
BayesianAgent,1.0563821456538762
YamashitaAgent,1.075218312949766
MyAgent,1.028387452169636
TimeWeightedAgent,1.041099105373624
Supvelikos,1.0708841937360924
TimeWeightedAgent,1.1277598622897218
IsobeAgent,1.0980402282969972
PenaltyAvoidAgent,1.015617209360866
YamashitaAgent,1.16792544209718
Group3,1.0763481100012948
IsobeAgent,1.0165744882074452
Group3,0.9653188725766892
Agent03Agent,1.0897483478216523
PenaltyAvoidAgent,1.0128115997634897
MyAgent,1.053383778158396
Group3,1.01029933479521
BayesianAgent,1.103105526085389
Supvelikos,1.1266604974433687
Ysi,1.070838513610351
TimeWeightedAgent,1.0241709793957865
PenaltyAvoidAgent,1.0924875247366346
Oneshot,1.044154602770175
AssariAsari,1.152890480654085
IsobeAgent,1.07966047340894
MyAgent,1.024373487920801
MyAgent,1.0386860040978296
BayesianAgent,1.0563821456538762
EFRDistOneShotAgent,1.1228201724096063
SBDOneShot,1.0363425750428172
SteadySyncAgent,1.07924025885655
Agent03Agent,1.0647942843045648
BayesianAgent,1.1318840987845942
Ysi,1.0553517295742183
TimeWeightedAgent,1.1226001507053724
Group3,1.1098796805793545
SBDOneShot,1.0492134628591798
OneshotOmegaNegotiator,1.054678518358337
LatticeOneShotAgent,1.1314569537518522
TimeWeightedAgent,1.082752069622437
MyAgent,1.0041010152417518
YamashitaAgent,1.0634003604721924
AssariAsari,1.1295890410958904
PenaltyAvoidAgent,1.1297966168630291
OneshotOmegaNegotiator,1.1306534151852885
TimeWeightedAgent,1.064897741284738
Ysi,1.1257413947261787
YamashitaAgent,1.1138688420056573
SBDOneShot,1.0344095175357566
BayesianAgent,1.1232715667480853
LatticeOneShotAgent,1.0481867789985195
OneshotOmegaNegotiator,1.1352190749326987
OneshotOmegaNegotiator,1.0380017921863207
LatticeOneShotAgent,1.1760223659686435
IsobeAgent,1.0399091959145503
MyAgent,1.053360279921782
IsobeAgent,0.9897765558591444
Ysi,1.0733996117990334
AssariAsari,1.1213084296761322
SBDOneShot,1.217618236091862
Group3,0.9968973303322746
SBDOneShot,1.0920991323298157
TimeWeightedAgent,1.029927429195299
SteadySyncAgent,1.0714552072273775
LatticeOneShotAgent,1.0498602429671442
EFRDistOneShotAgent,1.0526137248647345
TimeWeightedAgent,1.0686317161463712
MyAgent,1.0314763150759445
Oneshot,1.0093864528800038
AssariAsari,1.0696808169032177
LatticeOneShotAgent,1.0285122371951374
Group3,1.029767490196311
EFRDistOneShotAgent,1.0042845101390905
BayesianAgent,1.0875137986017418
Ysi,1.1446300430893592
IsobeAgent,1.1475687668205714
LatticeOneShotAgent,1.1257432093119035
Agent03Agent,1.095748984629289
Supvelikos,1.0351294072313917
LatticeOneShotAgent,1.0672073415590235
YamashitaAgent,1.047693119682562
AssariAsari,1.074945970978697
Oneshot,1.0133253740564918
Agent03Agent,1.027600178222966
Group3,1.0490166712420368
Ysi,1.0529164139189415
IsobeAgent,1.041954736651889
TimeWeightedAgent,1.130220921472817
AssariAsari,1.022552449695132
EFRDistOneShotAgent,1.019962101745615
BayesianAgent,1.1483670914589454
Group3,0.9897956879024488
EFRDistOneShotAgent,1.1226248420072291
SteadySyncAgent,1.106734913709046
BayesianAgent,1.0087423648660143
AssariAsari,1.1757519835170225
TimeWeightedAgent,1.044426474912694
OneshotOmegaNegotiator,1.1635282268391782
LatticeOneShotAgent,1.1357696057485778
OneshotOmegaNegotiator,1.1986742247812312
IsobeAgent,1.0947080325149583
YamashitaAgent,1.0522311491329477
TimeWeightedAgent,1.030781238385288
LatticeOneShotAgent,1.1500862549644897
PenaltyAvoidAgent,1.028752433421789
OneshotOmegaNegotiator,1.0908721012488114
MyAgent,0.9148683470700284
Supvelikos,1.15786189293868
IsobeAgent,1.026558307225007
PenaltyAvoidAgent,1.1294223704173978
BayesianAgent,1.0298862330629828
LatticeOneShotAgent,1.105360905798315
Supvelikos,1.016033862632724
Ysi,1.072152193260019
PenaltyAvoidAgent,1.0809972980125793
EFRDistOneShotAgent,1.017201192338325
Oneshot,1.0468366612432438
SteadySyncAgent,1.0885310516377007
Oneshot,1.130486793672677
Ysi,1.0626527498493106
Group3,1.1605022791421604
MyAgent,0.9601211746553524
PenaltyAvoidAgent,1.0458316228861295
Oneshot,1.070907809404652
YamashitaAgent,1.0284602987811224
BayesianAgent,1.066405497399011
Agent03Agent,1.023086582385757
BayesianAgent,1.0751935993142134
SteadySyncAgent,1.058226951409667
Ysi,1.046558424648419
SteadySyncAgent,0.9779892106858042
Oneshot,1.0859976195331766
MyAgent,0.951592346034306
OneshotOmegaNegotiator,1.2017584171540248
AssariAsari,1.0793104408512764
LatticeOneShotAgent,1.0953636698147922
PenaltyAvoidAgent,1.164444039702106
SBDOneShot,1.038392202785494
SBDOneShot,1.0255177862332705
Ysi,1.066906085909033
Oneshot,0.998127028640079
LatticeOneShotAgent,1.068786641047741
Agent03Agent,1.1312361201848686
TimeWeightedAgent,1.088633477045844
Group3,1.011416986696129
LatticeOneShotAgent,1.09073809550862
Agent03Agent,1.060347983367462
Ysi,1.126787972047112
EFRDistOneShotAgent,0.9581959842176302
TimeWeightedAgent,1.1540684124563931
Group3,0.9588516624870568
PenaltyAvoidAgent,1.086608919039916
BayesianAgent,1.028450324320853
YamashitaAgent,1.0645194785539178
BayesianAgent,1.0783147307739482
OneshotOmegaNegotiator,1.081745843073432
YamashitaAgent,1.0816263951919538
Ysi,1.0740127124736416
LatticeOneShotAgent,1.123726638432363
AssariAsari,1.11761631678837
SBDOneShot,1.1512254984423462
Group3,0.3164627522948943
PenaltyAvoidAgent,1.1649848590037086
YamashitaAgent,1.0498229653423894
BayesianAgent,1.0607340765084703
TimeWeightedAgent,1.150032722025332
EFRDistOneShotAgent,1.1223259223199435
PenaltyAvoidAgent,1.1286776805107614
OneshotOmegaNegotiator,1.0503278433405
Supvelikos,1.1515253203460143
TimeWeightedAgent,1.0454892324875351
SteadySyncAgent,0.814841649451421
PenaltyAvoidAgent,1.0371397833455378
SBDOneShot,1.159857003077256
OneshotOmegaNegotiator,0.9828219739370756
MyAgent,0.9986524639827384
EFRDistOneShotAgent,0.9877772715561396
Agent03Agent,1.0949344067768152
SteadySyncAgent,0.9706169325894602
IsobeAgent,0.9689847223514848
SteadySyncAgent,1.043854867463877
Group3,1.1016968497122388
OneshotOmegaNegotiator,1.0379183220288453
LatticeOneShotAgent,1.1435084870305228
MyAgent,1.0144039885406049
SteadySyncAgent,1.111138063472812
LatticeOneShotAgent,1.0342302999165114
OneshotOmegaNegotiator,0.9534028481072814
Oneshot,1.042125229875343
Agent03Agent,1.1504271592226636
Group3,0.8668319907222797
SBDOneShot,1.1446549098971917
SBDOneShot,1.0212633644264042
Oneshot,1.07870126273448
IsobeAgent,1.096713960747777
SBDOneShot,1.0240497914936797
Ysi,1.0112710726488454
PenaltyAvoidAgent,1.0751396827435618
Group3,1.0796963091106109
EFRDistOneShotAgent,1.057651724286602
BayesianAgent,1.0761092468480928
YamashitaAgent,1.089299989357167
LatticeOneShotAgent,1.0280829584903244
Oneshot,1.1383011578380922
Supvelikos,1.0345514096718258
Ysi,1.041406483961114
Agent03Agent,1.1287166774397204
MyAgent,0.9726883495413676
PenaltyAvoidAgent,1.1309636535800132
Supvelikos,1.09503636000655
PenaltyAvoidAgent,1.0215294100181602
Oneshot,1.1310234679347142
SBDOneShot,1.1283988495311663
PenaltyAvoidAgent,1.1297966168630291
AssariAsari,1.02735588536852
Oneshot,1.1334726371229886
Ysi,1.023789313586129
YamashitaAgent,1.0995623812324136
MyAgent,0.9627241379245968
Ysi,1.1547881489322842
TimeWeightedAgent,1.052373725109783
Supvelikos,1.1443080229841835
SteadySyncAgent,1.065808635391776
Agent03Agent,1.0633143657270523
LatticeOneShotAgent,1.0819943579050657
YamashitaAgent,1.093953146081197
IsobeAgent,1.0939708120132554
AssariAsari,1.1688709484366837
MyAgent,1.0529050736422314
SBDOneShot,1.0355456396031866
PenaltyAvoidAgent,1.0457961669451217
Oneshot,1.2542541692407825
SBDOneShot,1.053909078122321
Group3,0.859545830503804
Ysi,1.1606397530508006
SBDOneShot,1.038445656525866
Supvelikos,1.082914264687845
TimeWeightedAgent,1.0825391972970704
EFRDistOneShotAgent,0.9514689586759222
LatticeOneShotAgent,1.137392912113914
TimeWeightedAgent,1.06805362282124
MyAgent,1.0091577600659094
SBDOneShot,1.1173201650505211
EFRDistOneShotAgent,1.2229196211103643
AssariAsari,1.1279155584733844
SteadySyncAgent,1.0994798461023907
SBDOneShot,1.026105692148591
YamashitaAgent,1.0726618302588733
EFRDistOneShotAgent,0.9832360012733994
LatticeOneShotAgent,1.0725708047010467
EFRDistOneShotAgent,1.1356612718242065
SteadySyncAgent,1.0624676681293652
Ysi,1.060429504393501
MyAgent,1.0946893232772608
BayesianAgent,1.0470305354716858
YamashitaAgent,1.129049181253203
Group3,1.088053041998249
BayesianAgent,1.0921366484738224
SBDOneShot,1.154760471926257
IsobeAgent,1.0117577529199762
Oneshot,1.0246741906569787
Agent03Agent,1.0889858568227615
Supvelikos,1.1195789248246066
LatticeOneShotAgent,1.1166607978754155
Supvelikos,1.0281303104847317
BayesianAgent,1.1209487941294525
YamashitaAgent,1.1195230665325009
OneshotOmegaNegotiator,1.2065320464806344
Supvelikos,1.1516494502492598
Group3,1.0266041993649897
Group3,1.0459703011446615
MyAgent,0.9890331473071567
OneshotOmegaNegotiator,1.1269058383825463
AssariAsari,1.158892576652529
Ysi,1.0423251876840935
SteadySyncAgent,1.0705270225317702
TimeWeightedAgent,1.0691234374294385
BayesianAgent,1.0864227406928515
Oneshot,1.05088887167013
Agent03Agent,1.121152073412934
EFRDistOneShotAgent,0.9977675913734108
YamashitaAgent,1.147149545930046
Group3,1.0115051239100556
AssariAsari,1.0707083681202234
Oneshot,1.1257424792389832
OneshotOmegaNegotiator,1.1042962691410243
Oneshot,1.046812530319585
Supvelikos,1.1772323842757464
Ysi,1.0236444887949177
OneshotOmegaNegotiator,1.0910866416361444
EFRDistOneShotAgent,1.1162215860014708
Ysi,1.0396068720336775
BayesianAgent,1.0784373850116522
PenaltyAvoidAgent,1.1000245308475407
MyAgent,1.0084213998632974
Supvelikos,1.0697549486527835
IsobeAgent,0.9859118940332164
EFRDistOneShotAgent,1.0430207236552207
AssariAsari,1.1291095890410958
YamashitaAgent,1.0876780587679744
Oneshot,1.0479726524297548
SBDOneShot,1.1273622518567852
PenaltyAvoidAgent,1.1672707502718376
IsobeAgent,0.9705229445553318
OneshotOmegaNegotiator,1.0421686378548216
IsobeAgent,1.017558162941576
LatticeOneShotAgent,1.1245488451278711
MyAgent,1.020337190512361
YamashitaAgent,1.0519821994667258
Agent03Agent,1.1300663032957268
EFRDistOneShotAgent,1.0067264631479642
Supvelikos,1.0558657337380093
IsobeAgent,0.977968035640636
YamashitaAgent,1.0934625291303814
Oneshot,1.1247324210897662
SBDOneShot,1.0571092942956128
YamashitaAgent,1.0544239993598212
Ysi,1.1552623692785566
AssariAsari,1.1220673061961932
LatticeOneShotAgent,1.1070717855146697
TimeWeightedAgent,1.0542509343359767
Agent03Agent,1.130295352619872
LatticeOneShotAgent,1.0266919128019891
Agent03Agent,1.0886834762147453
TimeWeightedAgent,1.023593553906916
Oneshot,1.0827267623077674
Supvelikos,1.0077101829788464
LatticeOneShotAgent,1.1716600689039984
EFRDistOneShotAgent,1.0981315638388955
TimeWeightedAgent,1.1982329953160562
TimeWeightedAgent,1.0193389503710546
YamashitaAgent,1.0707083681202234
LatticeOneShotAgent,1.0315329779718707
Agent03Agent,1.0281151938718989
SteadySyncAgent,1.0119023580824027
MyAgent,0.9710235205291978
IsobeAgent,1.0288830687090147
Supvelikos,1.1783636954786385
SBDOneShot,1.1579060818639717
TimeWeightedAgent,1.0259563474014726
YamashitaAgent,1.0487022726694126
LatticeOneShotAgent,1.072193563895724
Group3,0.9629554744395786
LatticeOneShotAgent,1.1471074029670072
IsobeAgent,1.0505906635440467
MyAgent,1.0226208131598291
YamashitaAgent,1.0496294213010606
OneshotOmegaNegotiator,1.0660125135240763
PenaltyAvoidAgent,1.1139085908436293
Ysi,1.2025392595584838
SteadySyncAgent,0.9516651801620988
Agent03Agent,1.124890394997652
SteadySyncAgent,1.034230237240231
BayesianAgent,1.1038907786775285
SBDOneShot,1.0217708629249624
Oneshot,1.1543354595379145
EFRDistOneShotAgent,0.9508290090499754
BayesianAgent,1.1453573249597913
Supvelikos,1.037683659583698
Group3,0.8926329771629552
SBDOneShot,1.019288600581689
OneshotOmegaNegotiator,1.0955164957577477
LatticeOneShotAgent,1.0313403121186822
AssariAsari,1.070001926658532
Group3,1.019037497735182
Oneshot,1.080436819627897
SBDOneShot,1.0488252444491262
Supvelikos,1.1557188289273466
LatticeOneShotAgent,1.1286797741380892
SteadySyncAgent,1.111138063472812
SteadySyncAgent,0.9913333985829704
BayesianAgent,1.0653679192967598
LatticeOneShotAgent,1.0510188329731398
OneshotOmegaNegotiator,1.0592639580017864
Group3,0.9355115415201524
IsobeAgent,0.8867514788195833
AssariAsari,1.051327920632007
PenaltyAvoidAgent,1.0634372795706313
Oneshot,1.122718150527537
SteadySyncAgent,1.1165176819524776
Agent03Agent,1.0498431292393036
Group3,0.8483709603375077
MyAgent,1.030368305824508
OneshotOmegaNegotiator,1.0719352121057273
Supvelikos,1.0803363981365182
YamashitaAgent,1.0957316325279038
Supvelikos,1.018614235544403
BayesianAgent,1.0836705547522374
Ysi,1.1606319663382585
MyAgent,0.92329238721546
SteadySyncAgent,0.97986615275756
AssariAsari,1.0942793612290278
SBDOneShot,1.0462772386332386
EFRDistOneShotAgent,1.0547117926830558
PenaltyAvoidAgent,1.1065626908062338
Oneshot,1.0651695722613208
Agent03Agent,1.0285944568374925
Oneshot,1.132573672501657
MyAgent,1.0171101633803012
EFRDistOneShotAgent,1.0902438968794852
MyAgent,0.8612200116946844
Group3,1.001231089383837
OneshotOmegaNegotiator,1.1237215403088463
EFRDistOneShotAgent,0.9628125586694772
OneshotOmegaNegotiator,1.1462050638244596
Ysi,1.2291471678796575
OneshotOmegaNegotiator,1.0532025673064047
Group3,0.8477198197375746
PenaltyAvoidAgent,1.0697428055297986
Group3,0.8691077574854799
Oneshot,1.164042602769228
Agent03Agent,1.0307113643271475
Supvelikos,1.12469208926553
YamashitaAgent,1.094441075399232
LatticeOneShotAgent,1.1534641194613289
SteadySyncAgent,1.0667766251145063
SteadySyncAgent,0.7323360238831148
EFRDistOneShotAgent,1.118804888641226
SBDOneShot,1.0252607988805142
EFRDistOneShotAgent,1.0001655342644613
Group3,1.065129727607445
OneshotOmegaNegotiator,1.0836635478982135
PenaltyAvoidAgent,1.0542015621015972
Ysi,1.14943327145768
TimeWeightedAgent,1.018632315197875
AssariAsari,1.0992568809573118
AssariAsari,1.006291347654327
BayesianAgent,1.1110957484611463
Group3,1.080818174716774
Supvelikos,1.0641142292271262
TimeWeightedAgent,1.1227141729752488
SBDOneShot,1.0926979708030036
Supvelikos,1.0317898657761222
TimeWeightedAgent,1.0645182052691144
BayesianAgent,1.0285145462719156
Ysi,1.0489021874349236
Supvelikos,1.0346156316228887
BayesianAgent,1.0665339413011368
SBDOneShot,1.128923996412052
Supvelikos,1.0941985041439255
Oneshot,1.0526743233532636
TimeWeightedAgent,1.1461444727898853
YamashitaAgent,1.0499382083669089
Supvelikos,1.1562931637977605
PenaltyAvoidAgent,1.0372487316164665
Supvelikos,1.0718643632393552
OneshotOmegaNegotiator,1.1257404541017548
SBDOneShot,1.0850261803738095
EFRDistOneShotAgent,1.0217096874423066
Oneshot,1.0398311969852885
EFRDistOneShotAgent,1.0382615296215931
OneshotOmegaNegotiator,1.064717276997183
MyAgent,0.9049390309992158
OneshotOmegaNegotiator,1.1717555755229971
SteadySyncAgent,0.8543778793143677
Agent03Agent,1.1420288535463696
PenaltyAvoidAgent,1.0527622538662902
BayesianAgent,1.155858081709907
SBDOneShot,1.067321029614111
Group3,0.8725800597553135
EFRDistOneShotAgent,1.0048859504896823
LatticeOneShotAgent,1.0950293461007894
TimeWeightedAgent,1.0147212809580657
BayesianAgent,1.1475244853211035
Agent03Agent,1.1301916789859705
Ysi,1.0646662385973982
PenaltyAvoidAgent,1.1175079631370632
Group3,0.9817948672554174
LatticeOneShotAgent,1.0822396663804734
Group3,0.9735170128120167
SteadySyncAgent,0.9021626504494946
TimeWeightedAgent,1.1535822517884595
Group3,0.9986372032074736
IsobeAgent,0.9643461374503868
OneshotOmegaNegotiator,1.0268212889437875
Agent03Agent,1.0297405376405322
PenaltyAvoidAgent,1.1297848127930885
SBDOneShot,1.079319809082516
SteadySyncAgent,1.073256663649164
OneshotOmegaNegotiator,1.0789730620172144
Ysi,1.1645575370016192
LatticeOneShotAgent,1.0523060444887262
Ysi,1.1551194929295954
OneshotOmegaNegotiator,1.0376959295265826
AssariAsari,1.0413566355481472
YamashitaAgent,1.144047019299155
Agent03Agent,1.0507012739860182
TimeWeightedAgent,1.1304850311468542
OneshotOmegaNegotiator,1.045252471016177
EFRDistOneShotAgent,1.045481295127384
Oneshot,1.1247303088802407
Supvelikos,1.117350218626022
AssariAsari,1.081258432478842
YamashitaAgent,1.094198454556605
SBDOneShot,0.9946085559104936
PenaltyAvoidAgent,1.075525014449939
Oneshot,1.1669749251575277
TimeWeightedAgent,1.0146987205747011
Ysi,1.0288880101880586
EFRDistOneShotAgent,1.042578572645562
OneshotOmegaNegotiator,1.1136172689499206
SBDOneShot,1.243593954293515
TimeWeightedAgent,1.1357678543876335
OneshotOmegaNegotiator,1.228217417755418
YamashitaAgent,1.081565068073102
Supvelikos,1.0938918189623452
TimeWeightedAgent,1.1272012628865524
Ysi,1.0655910418348251
Ysi,1.1091826616291145
SteadySyncAgent,1.2030029122277444
Supvelikos,1.0157619248707817
TimeWeightedAgent,1.13255894494946
EFRDistOneShotAgent,1.023840999972878
BayesianAgent,1.1185273032048408
SteadySyncAgent,0.8520849768830762
YamashitaAgent,1.3029148409220803
AssariAsari,1.0802771985772108
BayesianAgent,1.086606453223816
SteadySyncAgent,0.8991285396192452
PenaltyAvoidAgent,1.08976805610802
LatticeOneShotAgent,1.0452601256915457
EFRDistOneShotAgent,1.0734462762332662
TimeWeightedAgent,1.1286907220138602
SBDOneShot,1.0793904391467133
Supvelikos,1.1613759546873672
AssariAsari,1.0612850983426323
PenaltyAvoidAgent,1.052485334979932
IsobeAgent,1.0239963168543935
Oneshot,1.1291688222449854
TimeWeightedAgent,1.023317253293041
Agent03Agent,1.1278126526290628
SBDOneShot,1.0840249707293237
PenaltyAvoidAgent,1.1331690852484886
Ysi,1.0424809569997129
BayesianAgent,1.0604754527535385
IsobeAgent,1.161473240407248
Ysi,1.0406642719124302
SteadySyncAgent,1.1426670114102748
Oneshot,1.122717181436794
PenaltyAvoidAgent,1.1222089002150784
SBDOneShot,1.0231057988797976
AssariAsari,1.113975066191976
Ysi,1.0588976683528817
YamashitaAgent,1.0934625291303814
EFRDistOneShotAgent,0.9885473921670732
PenaltyAvoidAgent,1.1076024976952068
SBDOneShot,1.0221134257103672
PenaltyAvoidAgent,1.1200393892584486
Group3,0.7848352200797899
Oneshot,1.14075875883968
PenaltyAvoidAgent,1.0037912704596197
TimeWeightedAgent,1.0616837716153211
EFRDistOneShotAgent,1.132445416987731
Oneshot,1.2117536259285269
Supvelikos,1.0112328599634637
EFRDistOneShotAgent,1.05140628545828
PenaltyAvoidAgent,1.138631285045426
BayesianAgent,1.0562255285826154
Ysi,1.016494617748296
Group3,1.0325974340928985
IsobeAgent,1.0987815140347137
Oneshot,1.017961744790036
EFRDistOneShotAgent,1.0066789393210829
YamashitaAgent,1.090602926547262
YamashitaAgent,1.1277212211998209
Agent03Agent,1.0881778797864008
OneshotOmegaNegotiator,1.0281059535245416
Oneshot,1.0435707445280498
Ysi,1.0410574930489047
YamashitaAgent,1.1700522023508606
PenaltyAvoidAgent,1.1140168859800348
Agent03Agent,1.215393263100628
EFRDistOneShotAgent,0.9772145695671262
Ysi,1.0546470787347095
EFRDistOneShotAgent,0.9853231144913766
IsobeAgent,1.1411457139377277
PenaltyAvoidAgent,1.128884616553158
IsobeAgent,1.0112805548661314
MyAgent,0.9140345405228744
YamashitaAgent,1.1695950353232325
Agent03Agent,1.0417262309597
SBDOneShot,1.167011680383862
EFRDistOneShotAgent,1.0018351118541526
BayesianAgent,1.239573673735496
MyAgent,1.0610396577616688
Oneshot,1.012260171421225
AssariAsari,1.13140068468206
Agent03Agent,1.0887494671903335
BayesianAgent,1.0548095272531666
TimeWeightedAgent,1.124321533193633
TimeWeightedAgent,1.1255940378075395
EFRDistOneShotAgent,1.0776755793715105
IsobeAgent,1.0372032895259184
OneshotOmegaNegotiator,1.1263598469093268
SBDOneShot,1.1287671232876713
Group3,0.939726386073018
OneshotOmegaNegotiator,1.1257433837600457
Supvelikos,1.1194347347099345
SteadySyncAgent,0.9565624612780602
EFRDistOneShotAgent,1.0772758344744455
EFRDistOneShotAgent,0.9786641015018795
PenaltyAvoidAgent,1.0746259071350588
SteadySyncAgent,1.0384767931420484
Supvelikos,1.094158075601375
PenaltyAvoidAgent,1.1601355310625467
SBDOneShot,1.2475409276068887
LatticeOneShotAgent,1.0497812397454862
BayesianAgent,1.0713702210212268
Supvelikos,1.0786508039353762
SteadySyncAgent,1.0952466666760785
LatticeOneShotAgent,1.029031931524342
YamashitaAgent,1.1611581702534928
MyAgent,1.026328723366147
YamashitaAgent,1.0944954620298013
AssariAsari,1.121143337933247
YamashitaAgent,1.093713361633313
Ysi,1.0645436600804834
OneshotOmegaNegotiator,1.0618938825105888
SBDOneShot,1.1276829835571869
Group3,1.1033675538437804
Agent03Agent,1.0453630094939774
Group3,1.0910070555644984
MyAgent,0.9141673660208957
Group3,0.9983382214130538
AssariAsari,1.081258432478842
Ysi,1.067265038763831
Oneshot,1.0477677096843647
Supvelikos,1.0648418618520377
BayesianAgent,1.1653214084476868
Ysi,1.0146437986848724
AssariAsari,1.134168548328356
BayesianAgent,1.0925005053567818
Ysi,1.053298487344975
TimeWeightedAgent,1.1213166005823991
Supvelikos,1.1289728002153552
EFRDistOneShotAgent,1.0821285177738091
AssariAsari,1.130950349683279
Oneshot,1.065916385974277
Group3,1.0522942695356456
AssariAsari,1.095547651171348
IsobeAgent,1.032777804540428
MyAgent,1.0966740533275838
Group3,0.946173603515604
Ysi,1.0535270374689218
Group3,1.0068287367779745
Supvelikos,1.0933398748926777
YamashitaAgent,1.0445429039317844
AssariAsari,1.1810614978598568
Agent03Agent,1.1286907728577231
MyAgent,1.02624772115407
BayesianAgent,1.0475408289364303
SBDOneShot,1.0621175702548766
Supvelikos,1.1311093306140287
Oneshot,1.0910761118080514
Group3,0.8568353893554096
Agent03Agent,1.2462122342992694
YamashitaAgent,1.13474095967422
SBDOneShot,1.2210746139956663
TimeWeightedAgent,1.0748208309551657
IsobeAgent,0.952865844823368
Ysi,1.0507113630324127
IsobeAgent,1.0793376719466692
SteadySyncAgent,1.0285803503413824
LatticeOneShotAgent,1.0921366484738224
Ysi,1.0353893649178378
AssariAsari,1.1777546586425789
YamashitaAgent,1.0346632971563154
BayesianAgent,1.1270841768540485
YamashitaAgent,1.0286799338452692
MyAgent,1.0269554620971344
PenaltyAvoidAgent,1.133013698630137
TimeWeightedAgent,1.072270487269821
MyAgent,0.9645763647662728
LatticeOneShotAgent,1.0680558982350885
Group3,1.0057381949163116
OneshotOmegaNegotiator,1.0424073163574663
Oneshot,1.147064455231382
TimeWeightedAgent,1.1741376774937575
EFRDistOneShotAgent,1.0025799556419477
SBDOneShot,1.159700442801488
EFRDistOneShotAgent,0.97792914185834
Oneshot,1.1270385419412323
EFRDistOneShotAgent,0.9927349112095532
MyAgent,1.0191095146427207
Supvelikos,1.0319036437576978
SteadySyncAgent,1.176013525547477
OneshotOmegaNegotiator,1.1235705368173785
AssariAsari,1.098403072569234
IsobeAgent,1.03225327167076
SBDOneShot,1.0566723395637965
Supvelikos,1.082607629093585
Group3,0.999280224020758
Group3,1.0886192147459324
TimeWeightedAgent,1.0827315340008823
Supvelikos,1.029647712016758
SBDOneShot,1.1683191260946657
Supvelikos,1.1201065065775495
YamashitaAgent,1.1186554821379795
SteadySyncAgent,0.9461302286838904
Oneshot,1.060899928708288
SBDOneShot,1.1249065502606337
LatticeOneShotAgent,1.093026076409945
PenaltyAvoidAgent,1.130342465753425
SBDOneShot,1.1012334574490907
Oneshot,1.0538896418052326
Group3,1.0116325106268516
Ysi,1.1217070145825128
SteadySyncAgent,1.1192282701702545
LatticeOneShotAgent,1.1640326776539227
SBDOneShot,1.04600090551166
IsobeAgent,1.082362274691838
LatticeOneShotAgent,1.0926271854637597
Supvelikos,1.1271604755607496
PenaltyAvoidAgent,1.128611860725334
Oneshot,1.1286793501896266
YamashitaAgent,1.0940367899737216
AssariAsari,0.99282630818042
EFRDistOneShotAgent,1.1074527875326488
IsobeAgent,1.0394862611883042
SteadySyncAgent,1.100827273771279
BayesianAgent,1.028450324320853
OneshotOmegaNegotiator,1.0627015968271556
MyAgent,0.9442706435563109
TimeWeightedAgent,1.140687185779517
YamashitaAgent,1.050864464340846
Agent03Agent,1.0629425819699942
LatticeOneShotAgent,1.0808904697657304
OneshotOmegaNegotiator,1.0802882282965796
TimeWeightedAgent,1.0233891286248584
MyAgent,1.0250784904205343
OneshotOmegaNegotiator,1.1297234072497508
MyAgent,1.0274514169535092
LatticeOneShotAgent,1.0205505488998228
AssariAsari,1.115876588881474
Supvelikos,1.0295365106493903
AssariAsari,1.1784168058861908
SteadySyncAgent,1.084447442659144
AssariAsari,1.095512601921785
Agent03Agent,1.1283806557597569
LatticeOneShotAgent,1.0921366484738224
Ysi,1.0232397710775365
SBDOneShot,1.0749801669024035
Supvelikos,1.1274145152451285
AssariAsari,1.0986456438245402
Oneshot,1.1632649942993427
BayesianAgent,1.0556512659879926
IsobeAgent,1.0115202083953916
Agent03Agent,1.026821830631613
Supvelikos,1.0811357782411382
AssariAsari,1.095670305409052
Ysi,1.019847252036795
EFRDistOneShotAgent,0.9735172434223
EFRDistOneShotAgent,0.995167373307552
LatticeOneShotAgent,1.0983258820054194
PenaltyAvoidAgent,1.0352135188120366
TimeWeightedAgent,1.079334510581533
Group3,1.081056565423612
OneshotOmegaNegotiator,1.0613167301647373
Ysi,1.149702562555041
YamashitaAgent,1.0569701364126884
Supvelikos,1.041910623912547
SBDOneShot,1.0635698951630497
SBDOneShot,1.1417439745335114
Oneshot,1.047782148776984
OneshotOmegaNegotiator,1.129417904112434
Ysi,1.0569563731572698
Oneshot,1.0431459204750204
PenaltyAvoidAgent,1.1797392759543648
Agent03Agent,1.0232936558935668
LatticeOneShotAgent,1.1074025331583532
SBDOneShot,1.046099845030818
YamashitaAgent,1.0720394129501298
IsobeAgent,1.0918301860778432
AssariAsari,1.0682850430696946
PenaltyAvoidAgent,1.149249688367922
BayesianAgent,1.2660856156925884
SBDOneShot,1.031721432653767
Group3,1.033212183961104
Supvelikos,1.1255518337090131
AssariAsari,1.122682958121388
TimeWeightedAgent,1.1235452095034208
MyAgent,1.0199464734100283
OneshotOmegaNegotiator,1.084140807064884
PenaltyAvoidAgent,1.098368698638538
IsobeAgent,1.0310663328112777
Group3,0.8765125808356132
Supvelikos,1.1101845239811825
BayesianAgent,1.1001655836946354
Oneshot,1.0604882172318124
Supvelikos,1.090719015514434
TimeWeightedAgent,1.046717585103162
Ysi,1.070348905880565
PenaltyAvoidAgent,1.0400809275962626
Agent03Agent,1.1345237270700474
Oneshot,1.1596061657400816
YamashitaAgent,1.0505588390662806
BayesianAgent,1.1311821691310364
OneshotOmegaNegotiator,1.093702179325278
TimeWeightedAgent,1.0688839511085475
EFRDistOneShotAgent,1.017844935240654
SteadySyncAgent,1.013510525914133
Agent03Agent,1.0800060903144997
Ysi,1.134287576830835
Group3,0.3049375195115665
YamashitaAgent,1.0317062779254278
Supvelikos,1.0732772461627385
Supvelikos,1.0062648827152856
Group3,0.9959552516777976
Supvelikos,1.1541873840885233
Agent03Agent,1.033301013306394
YamashitaAgent,1.0606009418513969
Supvelikos,1.1833534128483576
MyAgent,0.9378007868770656
EFRDistOneShotAgent,1.064558397491546
OneshotOmegaNegotiator,1.1458352568059658
PenaltyAvoidAgent,1.053643138176264
Agent03Agent,1.1315957477179346
TimeWeightedAgent,1.0847048269083768
OneshotOmegaNegotiator,1.1266686720109176
IsobeAgent,1.0064943529737729
LatticeOneShotAgent,1.1286790424118376
SBDOneShot,1.0809955305247383
Oneshot,1.1286792904228324
SteadySyncAgent,1.0802629134188828
BayesianAgent,1.111741381835626
AssariAsari,1.2326187937704889
MyAgent,0.932299201152872
EFRDistOneShotAgent,1.024375937344945
LatticeOneShotAgent,1.0795484896451513
Ysi,1.073209777126245
YamashitaAgent,1.0456142438992233
MyAgent,0.9105582614843672
Group3,0.7761447982840354
SBDOneShot,1.2515235869802033
Supvelikos,1.0374919297048013
Ysi,1.0658964586236177
Supvelikos,1.1400523793687654
BayesianAgent,1.2847983812664752
YamashitaAgent,1.0279641071250178
LatticeOneShotAgent,1.1050583888753236
MyAgent,0.9490147657731908
Supvelikos,1.0740197591849336
BayesianAgent,1.0699116569825868
Group3,0.8877404739118178
Supvelikos,1.0947946492812983
BayesianAgent,1.0903689603651885
IsobeAgent,1.0825998210009282
EFRDistOneShotAgent,1.1362689773430537
AssariAsari,0.9426758622934516
LatticeOneShotAgent,1.270820471227447
OneshotOmegaNegotiator,1.1287139007821485
SteadySyncAgent,1.1054763086908277
MyAgent,0.965841830666641
OneshotOmegaNegotiator,1.0990449902958368
BayesianAgent,1.0760386304514218
AssariAsari,1.0939258971239614
Oneshot,1.0500899686595182
EFRDistOneShotAgent,1.0505226870725235
PenaltyAvoidAgent,1.1285205015984123
YamashitaAgent,1.0951687891651507
Supvelikos,1.0276040085076974
PenaltyAvoidAgent,1.15783212161269
BayesianAgent,1.0289384951459206
PenaltyAvoidAgent,1.1123285758953492
AssariAsari,1.0359127022934458
PenaltyAvoidAgent,1.0947618573719105
AssariAsari,1.081442413835398
SteadySyncAgent,1.102316447296296
Agent03Agent,1.0446832513090194
AssariAsari,1.1506512861498086
LatticeOneShotAgent,1.0497028492004867
Group3,1.1056603236553637
Group3,1.0126821476260504
Agent03Agent,1.0567980061186732
TimeWeightedAgent,1.0223611203960128
SBDOneShot,1.0682595011225624
LatticeOneShotAgent,1.1237281859923405
Supvelikos,1.127690383729349
TimeWeightedAgent,1.1548366511805015
SBDOneShot,1.0117542622005946
IsobeAgent,1.1114222423135451
SteadySyncAgent,1.112805262121508
YamashitaAgent,1.0684373855071423
Group3,0.8436316625630131
Supvelikos,0.9892156986474024
Oneshot,1.1529137474172113
LatticeOneShotAgent,1.0325605291888769
TimeWeightedAgent,1.0569693376016387
BayesianAgent,1.029103349051952
AssariAsari,1.1109995909458448
Group3,1.081060238950428
SBDOneShot,1.053223914888341
PenaltyAvoidAgent,1.0056039388155478
AssariAsari,1.069809260805343
PenaltyAvoidAgent,1.0415002453105342
AssariAsari,1.0691342202147318
SBDOneShot,1.1372027934751407
TimeWeightedAgent,1.2234827253827756
MyAgent,0.9055378026864238
Supvelikos,1.1696578866935667
YamashitaAgent,1.1611205390668735
Oneshot,1.0443505942485978
Agent03Agent,0.9932122738267868
OneshotOmegaNegotiator,1.068071430758385
EFRDistOneShotAgent,0.982220443495937
AssariAsari,1.0696165949521546
MyAgent,0.9480313444755804
PenaltyAvoidAgent,1.146808701541706
YamashitaAgent,1.0899828284275634
Oneshot,1.247767904663912
LatticeOneShotAgent,1.1401983226149044
Supvelikos,1.2247110065434317
MyAgent,0.9287354371577368
Agent03Agent,1.2012266118009487
Agent03Agent,1.1042583992737085
SBDOneShot,1.2539871784033036
Ysi,1.0266845995578993
IsobeAgent,1.062813014667351
Ysi,1.0452103654216416
TimeWeightedAgent,1.060871793750824
BayesianAgent,1.0285898775006703
Group3,0.9834685939335148
MyAgent,1.00632708485667
Ysi,1.0539472822930098
Group3,1.0291781914901976
Ysi,1.0925951393938342
MyAgent,0.9991768500326358
Agent03Agent,1.0599307032696903
IsobeAgent,1.0287326127919303
YamashitaAgent,1.1415138010360528
LatticeOneShotAgent,1.079614448978081
TimeWeightedAgent,1.078889309133412
Ysi,1.043360470706742
YamashitaAgent,1.1393669112585143
AssariAsari,1.03750152334935
MyAgent,1.0209583438044771
Ysi,1.0720558486444862
LatticeOneShotAgent,1.0914734516516535
SBDOneShot,1.127670506940328
IsobeAgent,1.0670985202339842
EFRDistOneShotAgent,1.0183762306966493
LatticeOneShotAgent,1.0699318818886514
SBDOneShot,1.0428908288765353
Oneshot,1.0706969981017986
Ysi,1.157746202065718
IsobeAgent,0.972610472761192
TimeWeightedAgent,1.0294665656290414
EFRDistOneShotAgent,0.9607630219438628
SBDOneShot,1.126014679861261
AssariAsari,1.1247943131705391
Oneshot,1.0479274522163249
TimeWeightedAgent,1.0664453290545468
EFRDistOneShotAgent,0.9931864085414676
Ysi,1.0922732268456852
PenaltyAvoidAgent,1.1632922527345684
OneshotOmegaNegotiator,1.049692759681042
Ysi,1.1297123701864504
MyAgent,1.0291591574432415
Supvelikos,1.0982409913129243
PenaltyAvoidAgent,1.1308249723601482
LatticeOneShotAgent,1.032432085286751
Supvelikos,1.073405690064864
EFRDistOneShotAgent,0.985654509623078
SteadySyncAgent,1.1006779055078513
EFRDistOneShotAgent,1.1349728311941591
TimeWeightedAgent,1.0320370053890242
IsobeAgent,0.9902403673011404
BayesianAgent,1.0802621500867169
YamashitaAgent,1.0496287263890227
BayesianAgent,1.0746372337141092
SBDOneShot,1.063317521411148
BayesianAgent,1.084481830807042
Group3,0.9910843852521464
PenaltyAvoidAgent,1.075545845991083
SBDOneShot,1.0578101761944134
TimeWeightedAgent,1.0749117447823142
Group3,1.0213094725533205
OneshotOmegaNegotiator,1.0126422107503623
SteadySyncAgent,1.0754975733639305
PenaltyAvoidAgent,1.0990432969459094
PenaltyAvoidAgent,1.1660344328807974
EFRDistOneShotAgent,0.9023049174479276
Agent03Agent,1.033923115666627
PenaltyAvoidAgent,1.0753965705478132
Oneshot,1.022874380157446
SteadySyncAgent,1.091281061579368
PenaltyAvoidAgent,1.0133536301472734
SteadySyncAgent,1.2177592309521317
Group3,0.9529681218175956
MyAgent,1.061058182465724
Agent03Agent,1.0551617122618413
OneshotOmegaNegotiator,1.1423114246956882
SteadySyncAgent,0.9950518116724782
Agent03Agent,1.026231449523365
Ysi,1.153699469325002
Oneshot,1.0195365284713476
PenaltyAvoidAgent,1.128972602739726
Agent03Agent,1.0892380081813915
LatticeOneShotAgent,1.028807163716343
OneshotOmegaNegotiator,1.0908428806364678
MyAgent,0.8920909862995214
BayesianAgent,1.1503846392998738
SteadySyncAgent,0.990231381251678
Agent03Agent,1.0944526987287058
IsobeAgent,1.0376333692779964
EFRDistOneShotAgent,1.0747475501657051
EFRDistOneShotAgent,1.0231514768497922
SBDOneShot,1.1396470923624706
Group3,0.9324857341291768
SteadySyncAgent,1.08726120937333
YamashitaAgent,1.071697484556151
OneshotOmegaNegotiator,1.0846038213118276
PenaltyAvoidAgent,1.1638882620855944
AssariAsari,1.067554163403811
LatticeOneShotAgent,1.0321031372148342
Oneshot,1.02374880414136
Supvelikos,1.031156977179054
AssariAsari,1.069488151050029
Supvelikos,1.0277396911773709
YamashitaAgent,1.0920870464853294
SteadySyncAgent,0.724427036997997
Supvelikos,1.267636792057402
Agent03Agent,1.1527803301146793
TimeWeightedAgent,1.020399930441115
YamashitaAgent,1.1286795719451583
IsobeAgent,1.0713961582632685
OneshotOmegaNegotiator,1.130590323139539
TimeWeightedAgent,1.0872215314932077
BayesianAgent,1.063370032694162
Supvelikos,1.1782112025014817
TimeWeightedAgent,1.0282880779333623
LatticeOneShotAgent,1.0712221437287264
LatticeOneShotAgent,1.0291073615358657
Ysi,1.0814373069428291
TimeWeightedAgent,1.1401973574413369
IsobeAgent,1.134514892556688
SBDOneShot,1.038958241051531
LatticeOneShotAgent,1.171855379932316
YamashitaAgent,1.1342952976990026
Group3,0.2361911174101851
Oneshot,1.0506329113924051
YamashitaAgent,1.0689539440774043
Supvelikos,1.0174925263507144
MyAgent,1.0559382688461685
TimeWeightedAgent,1.1165714807415423
SteadySyncAgent,1.2356288885421003
Agent03Agent,1.1319676328210984
Ysi,1.0568747148153883
BayesianAgent,1.0285145462719156
TimeWeightedAgent,1.0557442365349714
AssariAsari,1.167905038057267
Supvelikos,1.0629600626468283
TimeWeightedAgent,1.0554919015678823
SBDOneShot,1.0575970415076916
EFRDistOneShotAgent,1.0141055662159024
AssariAsari,1.095486324052496
PenaltyAvoidAgent,1.11399021755745
OneshotOmegaNegotiator,1.1123064359127444
IsobeAgent,0.9871793822517616
Oneshot,1.072821342827997
EFRDistOneShotAgent,1.116939534035572
IsobeAgent,1.070241551730624
Supvelikos,1.128306159134056
IsobeAgent,1.112615374720374
YamashitaAgent,1.0383331664734423
BayesianAgent,1.1501182028657315
YamashitaAgent,1.1267503623541697
SteadySyncAgent,1.1041895629959966
MyAgent,1.0340356825772758
IsobeAgent,1.074684026060098
AssariAsari,1.0321751974824995
EFRDistOneShotAgent,0.9659862260001836
EFRDistOneShotAgent,0.9336718968917164
Supvelikos,1.1739859353041089
LatticeOneShotAgent,1.1297120355291772
Group3,1.104846628065457
BayesianAgent,1.0479261329334155
PenaltyAvoidAgent,1.0699572522353205
EFRDistOneShotAgent,1.1193596911110593
MyAgent,0.9015737295503692
Group3,1.059785200530122
TimeWeightedAgent,1.073971311800742
Oneshot,1.1209980015128482
PenaltyAvoidAgent,1.2290810990626269
Agent03Agent,1.138568203034496
TimeWeightedAgent,1.237744237983164
OneshotOmegaNegotiator,1.1207009713619387
IsobeAgent,1.1189839536725987
Group3,1.0517602845037244
MyAgent,1.0228512013366664
Agent03Agent,1.0506519591282395
LatticeOneShotAgent,1.148229034842674
Supvelikos,1.1269568242414447
MyAgent,1.0330120944227492
SBDOneShot,0.9942039037708628
MyAgent,1.000400635550052
PenaltyAvoidAgent,1.0317197059985312
TimeWeightedAgent,1.1532587018555505
SteadySyncAgent,1.1542491097439138
Group3,1.0591429753825847
BayesianAgent,1.029712258943804
TimeWeightedAgent,1.073892633047207
TimeWeightedAgent,1.1319758988358335
Ysi,1.051794596636035
Group3,1.036556271413779
AssariAsari,1.1193970907654842
Ysi,1.018772233988373
YamashitaAgent,1.0656692452077017
Agent03Agent,1.1469209630557509
Group3,0.9783345404314112
EFRDistOneShotAgent,1.0428225293644091
Oneshot,1.0680584703505505
IsobeAgent,1.0013913367256728
BayesianAgent,1.065432360494589
SBDOneShot,1.1235287764194446
Agent03Agent,1.0804917567764103
MyAgent,1.0079425246431624
SBDOneShot,1.0590123749750593
PenaltyAvoidAgent,1.0495245091728314
AssariAsari,1.1727164609241736
EFRDistOneShotAgent,0.9892949899578684
OneshotOmegaNegotiator,1.1118288970610977
Supvelikos,1.162388776228935
EFRDistOneShotAgent,0.9563434001074724
Group3,1.009883739351174
MyAgent,1.0190066930905868
YamashitaAgent,1.0387246284123044
SteadySyncAgent,1.1737740883046337
EFRDistOneShotAgent,1.0222617118357251
Agent03Agent,1.0673814050823969
Group3,1.0289080628945648
Supvelikos,1.1020724259991086
MyAgent,1.046250001577459
PenaltyAvoidAgent,1.124531034028829
AssariAsari,1.0817490494296578
TimeWeightedAgent,1.0846789461575173
TimeWeightedAgent,1.1245617796430565
Agent03Agent,1.085988795310945
Oneshot,1.050138871425155
TimeWeightedAgent,1.1194568127846278
Oneshot,1.0481621871532218
Agent03Agent,1.061325151274021
AssariAsari,1.0320467535803737
PenaltyAvoidAgent,0.9379041966812312
EFRDistOneShotAgent,1.1296726933891743
TimeWeightedAgent,1.0870108964597285
Supvelikos,1.0334079816973507
IsobeAgent,0.8696893918833163
Oneshot,1.1120968389895671
BayesianAgent,1.087397365824858
Oneshot,1.0054786687889292
BayesianAgent,1.1451262157533235
OneshotOmegaNegotiator,1.0815649197945565
Agent03Agent,1.0811767177158864
Group3,1.1873216954748602
Ysi,1.0542425495859211
TimeWeightedAgent,1.0687667979443154
Group3,0.9020444331078356
AssariAsari,1.1287671232876713
Group3,0.966411205345151
EFRDistOneShotAgent,1.013981984861267
Group3,1.0932530959396816
PenaltyAvoidAgent,1.050317695244099
YamashitaAgent,1.0719625367826082
YamashitaAgent,1.0795225662349466
Oneshot,1.0611575193789855
IsobeAgent,1.0267446996359295
TimeWeightedAgent,1.067171963310609
Supvelikos,1.1670895251902864
OneshotOmegaNegotiator,1.0434390261315083
Ysi,1.0718755016167762
Oneshot,1.0708745667544166
AssariAsari,1.0075460670167955
SBDOneShot,1.153867170372309
Ysi,1.018076029230368
BayesianAgent,1.0824477839072262
SBDOneShot,1.1186768299979062
Supvelikos,1.127558744158494
IsobeAgent,1.1071035624057015
SBDOneShot,0.9457565722211644
AssariAsari,1.1279817866370625
OneshotOmegaNegotiator,1.0798065320136818
Oneshot,1.1287004480172116
LatticeOneShotAgent,1.0928643622397411
PenaltyAvoidAgent,1.084263461302588
SBDOneShot,1.0629628805735225
EFRDistOneShotAgent,1.0086508244151025
Ysi,1.0751353001982722
IsobeAgent,1.078092187272328
YamashitaAgent,1.235328441414887
IsobeAgent,1.1091764816684058
EFRDistOneShotAgent,1.014785024187443
IsobeAgent,0.9871535463980357
Group3,1.0159579964923324
Supvelikos,1.1235350167394549
Oneshot,1.087043467065243
TimeWeightedAgent,1.0666915692403032
SteadySyncAgent,1.1019008702997364
SteadySyncAgent,0.93837503734591
SBDOneShot,1.086885901873938
OneshotOmegaNegotiator,1.1547299002519045
Agent03Agent,1.0316195238476342
Group3,1.160236062511872
YamashitaAgent,1.0582154764820295
SteadySyncAgent,1.0005543728372936
TimeWeightedAgent,1.127128238537122
SteadySyncAgent,0.9294908080392904
Oneshot,1.0842628048509346
LatticeOneShotAgent,1.0456156661542189
YamashitaAgent,1.0690281431398865
Agent03Agent,1.12538001819046
Oneshot,1.071592576071334
Supvelikos,1.035450516986706
Agent03Agent,1.0268835565314525
SBDOneShot,1.1334931506849315
TimeWeightedAgent,1.0797530614423303
LatticeOneShotAgent,1.030507566368604
BayesianAgent,1.151299649486473
SteadySyncAgent,0.7989548890446417
IsobeAgent,1.0208697908227045
YamashitaAgent,1.1655624027375386
LatticeOneShotAgent,1.0581911515568614
BayesianAgent,1.1459556389059242
Ysi,1.2099006470355402
OneshotOmegaNegotiator,1.1461069970598738
IsobeAgent,1.2206874590488062
SteadySyncAgent,0.8593805521907752
Ysi,1.2309419779989712
SBDOneShot,1.0269672693406753
LatticeOneShotAgent,1.0984343057690853
Ysi,1.0765344972443471
BayesianAgent,1.0855144653783684
Supvelikos,1.1287671232876713
Group3,0.9680450949817824
Agent03Agent,1.129464492240199
PenaltyAvoidAgent,1.0980589688530282
AssariAsari,1.1679058712840376
LatticeOneShotAgent,1.054674450119672
LatticeOneShotAgent,1.0343587438186372
IsobeAgent,0.8583366144028259
IsobeAgent,1.102768891955245
Supvelikos,1.1925254572146795
IsobeAgent,1.020629057619597
SBDOneShot,1.036117236578008
MyAgent,1.0574892569193812
LatticeOneShotAgent,1.0925386174014555
Oneshot,1.0250444739104525
LatticeOneShotAgent,1.1070968171789102
EFRDistOneShotAgent,0.9906147093310902
OneshotOmegaNegotiator,1.0757968203670305
Group3,1.014959916976025
LatticeOneShotAgent,1.0912084055879248
Supvelikos,1.0957420862399043
AssariAsari,1.1440593859877064
MyAgent,0.9293770481834314
BayesianAgent,1.1289710301793296
BayesianAgent,1.1288978862300658
Supvelikos,1.0962199312714778
Ysi,1.1277564360239394
Supvelikos,1.1184752737551698
TimeWeightedAgent,1.038986432801193
YamashitaAgent,1.139464137588444
Oneshot,1.0456952282194487
SteadySyncAgent,1.1750939597186956
OneshotOmegaNegotiator,1.0342867043152435
Oneshot,1.1235554566435588
TimeWeightedAgent,1.0287544737895464
MyAgent,0.9967078498528332
IsobeAgent,1.0687472179710338
TimeWeightedAgent,1.0788878629514522
LatticeOneShotAgent,1.1657303370786516
Agent03Agent,1.03179882906095
MyAgent,1.0597976479595788
LatticeOneShotAgent,1.0558345801214248
IsobeAgent,1.080333748383666
Ysi,1.0709418540827589
TimeWeightedAgent,1.0444026699306022
IsobeAgent,1.017458081854918
Supvelikos,1.081381086716546
Ysi,1.063013368830364
YamashitaAgent,1.0481797099321015
PenaltyAvoidAgent,1.1594624366600572
TimeWeightedAgent,1.025074281074602
BayesianAgent,1.0653679073787208
SBDOneShot,1.1287671232876713
OneshotOmegaNegotiator,1.0674802830960692
Supvelikos,1.13205623133513
MyAgent,1.0262713644352086
Group3,1.0464262323557862
Ysi,1.0752141692164023
BayesianAgent,1.129189684637194
MyAgent,1.0230255610239722
AssariAsari,0.9565961936528656
LatticeOneShotAgent,1.1355822154656583
YamashitaAgent,1.1308908150630053
Supvelikos,1.096462502526784
YamashitaAgent,1.1297734611108907
Ysi,1.0790787144566054
EFRDistOneShotAgent,1.052147767027524
AssariAsari,1.158021608289745
PenaltyAvoidAgent,1.0236549608578398
SBDOneShot,1.083756126572708
IsobeAgent,1.0504478394381511
SBDOneShot,1.052216195023729
AssariAsari,1.0349769790583692
Oneshot,1.0837856265283383
SteadySyncAgent,0.892409235477859
EFRDistOneShotAgent,1.022086632373949
AssariAsari,0.984265512683114
OneshotOmegaNegotiator,1.154655196548368
BayesianAgent,1.075068702960177
Group3,0.9770102574192898
LatticeOneShotAgent,1.1660600598454032
TimeWeightedAgent,1.0213359667849686
Agent03Agent,1.1288991761057685
PenaltyAvoidAgent,1.1294675179358915
OneshotOmegaNegotiator,1.0340039370453529
SteadySyncAgent,1.170300870555151
IsobeAgent,1.106471455952466
TimeWeightedAgent,1.0062151543818805
BayesianAgent,1.0631510282462604
SBDOneShot,1.1349247768010156
Ysi,1.023799033852107
Agent03Agent,1.088676070525294
Ysi,1.1286802574985804
SBDOneShot,1.0805376171276428
LatticeOneShotAgent,1.1276472497493737
EFRDistOneShotAgent,1.0818015449999885
SBDOneShot,0.9869094120520364
Agent03Agent,1.027087400686698
OneshotOmegaNegotiator,1.1525963414138396
Ysi,0.9997982126287872
Oneshot,1.0295293008560191
Group3,1.016817096163033
Supvelikos,1.0205889483632196
Oneshot,1.0755444023704828
BayesianAgent,1.119273755169118
OneshotOmegaNegotiator,1.2089559772860636
TimeWeightedAgent,1.1255975714424382
Oneshot,1.0872774290531595
Oneshot,0.9983448351196544
LatticeOneShotAgent,1.17404648849876
Oneshot,1.1342920653481203
Group3,0.343112077967859
SteadySyncAgent,0.9618005188007408
PenaltyAvoidAgent,1.081395382712981
BayesianAgent,1.160055148378842
IsobeAgent,0.9666771547395976
AssariAsari,1.032432085286751
Agent03Agent,1.048520174871106
Agent03Agent,1.1347393757435351
Supvelikos,1.2647768598447784
IsobeAgent,1.094227144714551
BayesianAgent,1.2122264133761935
Supvelikos,1.0339091901611972
PenaltyAvoidAgent,1.0751396827435618
Oneshot,1.1307451380289897
Agent03Agent,1.0807918184969698
TimeWeightedAgent,1.0491392341275516
Supvelikos,1.173314055634871
EFRDistOneShotAgent,0.9863806198968572
Group3,1.004594988114547
IsobeAgent,1.0230472118932157
SteadySyncAgent,1.1774269924242793
Agent03Agent,1.0209653113877937
EFRDistOneShotAgent,1.117336615067266
Supvelikos,1.128904109589041
SBDOneShot,1.0921020657717857
Ysi,1.158204701005133
EFRDistOneShotAgent,0.950883114442666
SBDOneShot,1.1287671232876713
Oneshot,1.064747492254179
PenaltyAvoidAgent,1.1254166280439308
Ysi,1.0500896087673837
LatticeOneShotAgent,1.0447692236679431
MyAgent,0.8602094033222745
Group3,0.9743732959823432
Oneshot,1.0470030609929248
Ysi,1.0502157773762315
Agent03Agent,1.126395103244889
AssariAsari,1.008844190304884
Oneshot,1.1415530556576614
Ysi,1.04892452104561
OneshotOmegaNegotiator,1.163193656536003
Group3,0.99455095568431
Agent03Agent,1.0583988709055587
Oneshot,0.9972604405310213
TimeWeightedAgent,1.0629840991711703
EFRDistOneShotAgent,0.9938220527079926
PenaltyAvoidAgent,1.1813945839272009
YamashitaAgent,1.0605087320450015
MyAgent,1.0899039529623036
YamashitaAgent,1.159513206621182
SteadySyncAgent,1.0690650369123005
Agent03Agent,0.9939362244628164
Oneshot,1.0477852577407092
SBDOneShot,1.049200399361078
SteadySyncAgent,1.144978053415738
Ysi,1.1257413731564183
EFRDistOneShotAgent,1.0398956374777872
IsobeAgent,1.0141365678784755
Oneshot,1.055496123794134
SBDOneShot,1.047293740701126
IsobeAgent,1.1054249216395446
PenaltyAvoidAgent,1.0371845096654035
IsobeAgent,1.0205292297500068
MyAgent,1.0346838629022466
AssariAsari,1.0985985693031843
IsobeAgent,1.0849380596099596
LatticeOneShotAgent,1.097142156261499
Oneshot,1.1606803736101885
LatticeOneShotAgent,1.0576258567684784
LatticeOneShotAgent,1.1449239792832002
Ysi,1.219169772202781
YamashitaAgent,1.1297849583175856
PenaltyAvoidAgent,1.09553264604811
Ysi,1.0679809924371932
SteadySyncAgent,1.1013626878912552
AssariAsari,1.1609573791250478
SteadySyncAgent,1.0547124638674792
OneshotOmegaNegotiator,1.043883779885742
AssariAsari,1.069058706924497
SBDOneShot,0.9932601108779162
Group3,1.0238548173176565
Group3,1.0370155416219835
SBDOneShot,1.0660979814869664
BayesianAgent,1.1031760490816076
Oneshot,1.2377231163351463
IsobeAgent,1.033726654980026
SBDOneShot,1.1352643055019227
Ysi,1.0154943853030722
IsobeAgent,1.060172343443728
MyAgent,0.8672578421030925
PenaltyAvoidAgent,1.1044282548837718
Group3,1.0778896625542786
LatticeOneShotAgent,1.0690319387971448
LatticeOneShotAgent,1.0820556850239176
SBDOneShot,1.0591847244205572
SBDOneShot,1.0529298190111591
IsobeAgent,0.949911796455972
EFRDistOneShotAgent,1.1231864143848171
Ysi,1.0714601526813383
OneshotOmegaNegotiator,1.0120210369382734
EFRDistOneShotAgent,0.9621596759138704
SBDOneShot,1.1445959521735032
OneshotOmegaNegotiator,1.2661450964167489
Oneshot,1.013693992278835
SBDOneShot,1.029043018942066
Oneshot,1.1307451380289897
AssariAsari,1.0982817869415809
IsobeAgent,1.0775905096530505
Agent03Agent,1.0792761417422518
PenaltyAvoidAgent,1.153662851362294
TimeWeightedAgent,1.0226089756844132
OneshotOmegaNegotiator,1.1256398479203027
PenaltyAvoidAgent,1.0956570581372027
Ysi,1.031947030460481
TimeWeightedAgent,1.0782388188104424
YamashitaAgent,1.1628982671124268
OneshotOmegaNegotiator,1.0422479153313868
OneshotOmegaNegotiator,1.127664025323773
SBDOneShot,1.080246314410159
EFRDistOneShotAgent,1.004457611299826
Group3,1.0199895379623758
SBDOneShot,1.1268051747005232
EFRDistOneShotAgent,1.0744679535463555
SBDOneShot,1.0459825820180857
IsobeAgent,1.0208217760345604
Agent03Agent,1.1270279920783293
AssariAsari,1.098362644026683
SBDOneShot,1.0696020723538489
TimeWeightedAgent,1.145517768742018
SteadySyncAgent,1.0380836169802838
EFRDistOneShotAgent,0.9564202105197952
SteadySyncAgent,1.1923477123852544
AssariAsari,1.0641607935264945
Supvelikos,1.0807064884091746
PenaltyAvoidAgent,1.0431952209544992
SteadySyncAgent,0.8022061887896162
AssariAsari,1.0741741278172274
OneshotOmegaNegotiator,1.0450671830501732
SteadySyncAgent,1.15854064770014
Agent03Agent,1.046027101404526
OneshotOmegaNegotiator,1.0607991895671738
PenaltyAvoidAgent,1.126886305340267
LatticeOneShotAgent,1.0921366484738224
TimeWeightedAgent,1.1207028007238278
PenaltyAvoidAgent,1.129664977292174
LatticeOneShotAgent,1.051982367557662
MyAgent,1.0273788345443071
MyAgent,0.9245726000893988
SBDOneShot,1.1532284815862877
OneshotOmegaNegotiator,1.0257933042035587
IsobeAgent,0.8691871340731218
YamashitaAgent,1.1626203005031062
EFRDistOneShotAgent,0.9353087366379166
LatticeOneShotAgent,1.032496307237814
EFRDistOneShotAgent,0.970192903637769
Agent03Agent,1.0428635603713057
Supvelikos,1.1771797998265747
Supvelikos,1.083343554519809
MyAgent,1.0046415478051394
SBDOneShot,0.9684487157810378
OneshotOmegaNegotiator,1.0690434574466718
OneshotOmegaNegotiator,1.120893685760768
BayesianAgent,1.0923792197291289
Ysi,1.122258618022657
LatticeOneShotAgent,1.308448314647989
Group3,1.002150844528109
Agent03Agent,1.0793847474205287
SteadySyncAgent,0.9771587014321284
Supvelikos,1.1291644480923178
Agent03Agent,0.9912513562896276
LatticeOneShotAgent,1.07353413396699
SteadySyncAgent,0.9096914033151732
IsobeAgent,1.095213943233023
YamashitaAgent,1.0284408322041545
SteadySyncAgent,1.1013719401236317
MyAgent,1.0372853546692995
Supvelikos,1.048123976352562
SBDOneShot,1.1492836895385894
Supvelikos,1.061608524484643
YamashitaAgent,1.1267510516498966
IsobeAgent,1.0930435063691426
MyAgent,1.0358242729638891
Agent03Agent,1.096573049264318
LatticeOneShotAgent,1.164045650137577
MyAgent,0.9300330714508552
MyAgent,1.050363970655252
IsobeAgent,0.9382321364305216
Group3,1.0492511208220607
EFRDistOneShotAgent,1.028310883663549
SteadySyncAgent,0.8792763715647047
PenaltyAvoidAgent,1.2913575431954234
MyAgent,1.0170907954934232
OneshotOmegaNegotiator,1.094607000368709
Agent03Agent,1.1410761442329884
Ysi,1.234201152059362
PenaltyAvoidAgent,1.0207725434502262
Group3,0.9294764272188202
LatticeOneShotAgent,1.131343839508241
EFRDistOneShotAgent,1.177475126374852
Agent03Agent,1.147478331845034
LatticeOneShotAgent,1.0540605275587989
YamashitaAgent,1.131447680597727
Agent03Agent,1.2098544599940926
EFRDistOneShotAgent,1.0134397975114422
SteadySyncAgent,1.0965149509145018
BayesianAgent,1.1287671232876713
MyAgent,1.0388925835441898
EFRDistOneShotAgent,1.0346894851716646
IsobeAgent,1.0221082034980165
Agent03Agent,1.044604044466863
MyAgent,0.917231293365877
Ysi,1.02206553225701
PenaltyAvoidAgent,1.0883566807295733
PenaltyAvoidAgent,1.1152972059702162
EFRDistOneShotAgent,0.93393622232529
IsobeAgent,1.0202240237972118
OneshotOmegaNegotiator,1.0815603518948276
Agent03Agent,1.125786756351037
Supvelikos,1.096502931069335
BayesianAgent,1.1327397260273973
TimeWeightedAgent,1.0669136323267858
MyAgent,0.9739871622626912
Supvelikos,1.0885143489826246
AssariAsari,1.0816263951919538
OneshotOmegaNegotiator,1.0922818853929857
Ysi,1.0400274728882766
YamashitaAgent,1.067232948180705
IsobeAgent,1.0159971113473032
YamashitaAgent,1.1631012981690587
TimeWeightedAgent,1.1277594189535185
YamashitaAgent,1.0853808364213902
IsobeAgent,0.9835510785734008
OneshotOmegaNegotiator,1.098629527015993
TimeWeightedAgent,1.0455294054146416
Ysi,1.1500561108933642
Agent03Agent,1.1271608282625534
SteadySyncAgent,1.093588019558353
MyAgent,0.9993393525014214
EFRDistOneShotAgent,0.98052936913059
TimeWeightedAgent,1.0158109111224407
LatticeOneShotAgent,1.171159287611256
SteadySyncAgent,0.9259566123719938
Agent03Agent,1.0391543048677805
PenaltyAvoidAgent,0.9985115167930458
EFRDistOneShotAgent,0.958907829529478
Supvelikos,1.034166077965449
SteadySyncAgent,1.0736070752052949
SBDOneShot,1.041159286236405
SteadySyncAgent,1.1709866035368213
Supvelikos,1.0393387562656966
YamashitaAgent,1.0681353737020034
SteadySyncAgent,1.08014042011234
Supvelikos,1.0937078376057894
TimeWeightedAgent,1.1256090116589734
PenaltyAvoidAgent,1.0957347887608653
SteadySyncAgent,0.8531103193104594
Agent03Agent,1.2497960488893198
IsobeAgent,1.0402429644354063
Supvelikos,1.1512880628486364
Ysi,1.0446178876061625
PenaltyAvoidAgent,1.069519932742651
AssariAsari,1.0834205535058892
EFRDistOneShotAgent,1.083453043628972
MyAgent,0.9108454590033506
Group3,0.6823433090900266
TimeWeightedAgent,1.1421376656400513
BayesianAgent,1.054569106985081
OneshotOmegaNegotiator,1.052650748237996
PenaltyAvoidAgent,1.1582281095343363
OneshotOmegaNegotiator,1.03255733632016
TimeWeightedAgent,1.0589529349190274
OneshotOmegaNegotiator,1.048848147133562
YamashitaAgent,1.1380606640531936
IsobeAgent,1.024345185433482
EFRDistOneShotAgent,1.1113876522239006
PenaltyAvoidAgent,1.121986425989751
LatticeOneShotAgent,1.0566640242395986
Agent03Agent,0.993129693422678
MyAgent,1.000820532220196
Ysi,1.042108285323763
Supvelikos,1.066512668789363
TimeWeightedAgent,1.0233378750935598
PenaltyAvoidAgent,1.0128650603023148
Group3,0.8463962103199754
Ysi,1.2419038470094108
Ysi,1.047788418062682
SBDOneShot,1.1353758865666908
Group3,0.7625239019878991
Oneshot,1.188646537162754
LatticeOneShotAgent,1.0222208086705589
EFRDistOneShotAgent,1.0688878335644607
AssariAsari,1.045386277168854
PenaltyAvoidAgent,1.152433606188565
YamashitaAgent,1.0466267606201156
Supvelikos,1.0707813830477495
Oneshot,1.1247357668073383
Agent03Agent,1.0751207606588506
SteadySyncAgent,0.9172975684552394
PenaltyAvoidAgent,1.0514099702549216
Group3,0.9944157349899128
Supvelikos,1.093794218718415
SteadySyncAgent,1.0015320940622168
Supvelikos,1.103289705287325
MyAgent,0.9443686879188262
PenaltyAvoidAgent,1.0742513121333743
IsobeAgent,1.1017776784078823
EFRDistOneShotAgent,0.9364814019096264
TimeWeightedAgent,1.0434278408614963
Agent03Agent,1.158004036124879
Supvelikos,1.0145746366389228
OneshotOmegaNegotiator,1.1326481404422926
Agent03Agent,1.129054665881042
PenaltyAvoidAgent,1.0969072164948457
Supvelikos,1.03397341211226
EFRDistOneShotAgent,0.9414714372192708
BayesianAgent,1.130307420641259
Ysi,1.076683757864641
TimeWeightedAgent,1.0286888818507445
Supvelikos,1.072442360798921
SBDOneShot,1.070718020998353
MyAgent,0.9996968476938316
MyAgent,0.8661468250195657
Oneshot,1.1547947563858103
Oneshot,1.0341879613058207
OneshotOmegaNegotiator,1.1617474247763762
Ysi,1.0227746746837805
AssariAsari,1.1122697596922335
TimeWeightedAgent,1.0460147578404486
EFRDistOneShotAgent,1.0556884624818694
OneshotOmegaNegotiator,1.0435916961560177
IsobeAgent,1.0824883284654154
SBDOneShot,1.1157679462789925
BayesianAgent,1.090023944924434
AssariAsari,1.0476918669238202
SBDOneShot,1.0671765890644112
OneshotOmegaNegotiator,1.0230554669646883
BayesianAgent,1.081514010996089
Group3,0.7923777565208731
OneshotOmegaNegotiator,1.127702782027447
OneshotOmegaNegotiator,1.0602002093561549
MyAgent,1.0952479616686002
AssariAsari,1.1339041095890412
TimeWeightedAgent,1.0451792846295294
Ysi,1.1297118695873123
EFRDistOneShotAgent,1.0780293114856774
BayesianAgent,1.1267529740996811
Agent03Agent,1.0999236617359192
PenaltyAvoidAgent,1.036173089912328
YamashitaAgent,1.1419119648857765
TimeWeightedAgent,1.1235585980949272
SteadySyncAgent,1.110482789480798
TimeWeightedAgent,1.048806517359892
OneshotOmegaNegotiator,1.129514752735506
SteadySyncAgent,0.9153978914092972
IsobeAgent,1.0624360416066403
SBDOneShot,1.047969462235962
YamashitaAgent,1.1165223868081458
TimeWeightedAgent,1.1431497986954104
SBDOneShot,1.2512701797586698
TimeWeightedAgent,1.1252944297794405
SteadySyncAgent,1.1102176249641271
YamashitaAgent,1.1461031191041406
IsobeAgent,1.1678992672528166
MyAgent,0.9555160922316775
OneshotOmegaNegotiator,1.0617600280160788
SteadySyncAgent,1.0395472955496707
LatticeOneShotAgent,1.1182156390829865
Supvelikos,1.0452886288940184
LatticeOneShotAgent,1.0652034685383518
Ysi,1.1287671232876713
IsobeAgent,1.0002094846732703
LatticeOneShotAgent,1.0229377797645762
SteadySyncAgent,1.1072781929753714
AssariAsari,1.0796796833103004
Oneshot,1.0743923255729857
EFRDistOneShotAgent,1.1574961938253243
Ysi,1.023054341546601
Agent03Agent,1.0437652839483462
IsobeAgent,1.0222217395109292
Ysi,1.067172048809885
PenaltyAvoidAgent,1.0994725867778732
TimeWeightedAgent,1.0412322502450668
AssariAsari,1.1426681994461052
BayesianAgent,1.0761015105866951
Supvelikos,1.0938304918434931
IsobeAgent,1.0293504727890004
Agent03Agent,1.156426814964972
LatticeOneShotAgent,1.108253377295974
YamashitaAgent,1.160351299831615
PenaltyAvoidAgent,1.0387946129434324
SteadySyncAgent,0.7996334086017324
SteadySyncAgent,0.9913085918193544
OneshotOmegaNegotiator,1.087699372717552
Supvelikos,1.0161989288952855
LatticeOneShotAgent,1.10150576109947
EFRDistOneShotAgent,1.033752605245327
SteadySyncAgent,1.1523918471690069
MyAgent,1.0069070690689506
SBDOneShot,1.037597543577907
EFRDistOneShotAgent,0.9310246232411392
LatticeOneShotAgent,1.1693117271141649
SBDOneShot,1.011422249223064
AssariAsari,1.0708368120223493
AssariAsari,1.0312118682165563
Supvelikos,1.0712221437287264
SteadySyncAgent,0.9307894679161124
Group3,1.02855491077819
IsobeAgent,1.0231826790756728
Oneshot,1.135738393432208
PenaltyAvoidAgent,1.0233140475863285
Agent03Agent,1.0896132350519316
LatticeOneShotAgent,1.03352385845482
Group3,1.041937094612783
TimeWeightedAgent,1.051733241784874
PenaltyAvoidAgent,1.157964309319233
LatticeOneShotAgent,1.0204826406577183
Oneshot,1.1443086299836092
IsobeAgent,0.984536891466087
Agent03Agent,1.0950064748039137
MyAgent,1.061479263939784
EFRDistOneShotAgent,0.988370901830642
Oneshot,0.9858660105269192
MyAgent,1.0162842483695331
PenaltyAvoidAgent,1.1224823206619217
Group3,1.1079918816542405
BayesianAgent,1.1337315172263094
TimeWeightedAgent,1.0864082318219173
OneshotOmegaNegotiator,1.0066205913578976
PenaltyAvoidAgent,1.0082166291660457
Ysi,1.0397634598504102
TimeWeightedAgent,1.1536590002685063
PenaltyAvoidAgent,1.0260651654645851
YamashitaAgent,1.0954700159531416
TimeWeightedAgent,1.0741944138207655
AssariAsari,1.0960382681221637
SBDOneShot,1.142828331045828
Ysi,1.207508347637933
SteadySyncAgent,0.9477157838130932
OneshotOmegaNegotiator,1.025875879754886
OneshotOmegaNegotiator,1.1474495904714506
YamashitaAgent,1.058750918621672
Ysi,1.155576949437262
Agent03Agent,1.0355674111911026
TimeWeightedAgent,1.018157833620665
BayesianAgent,1.0861211191039488
EFRDistOneShotAgent,1.0987131286052796
BayesianAgent,1.0921366484738224
TimeWeightedAgent,1.1256137934385309
Supvelikos,1.093713361633313
LatticeOneShotAgent,1.1626179569104187
Oneshot,1.0337060585131372
SBDOneShot,1.0527837208977275
YamashitaAgent,1.0951796884582363
Group3,1.007944448721113
YamashitaAgent,1.092318725540131
LatticeOneShotAgent,1.0235236695245475
BayesianAgent,1.0881314179971224
IsobeAgent,1.0405925411468089
EFRDistOneShotAgent,1.0171606527120316
EFRDistOneShotAgent,0.9960995723041194
IsobeAgent,1.0882461742670435
Oneshot,1.0152570547632027
Ysi,1.0554401101681694
IsobeAgent,1.0195462062769
LatticeOneShotAgent,1.1282622550212504
Group3,1.097734890084753
IsobeAgent,1.046500105869561
MyAgent,0.932289070593022
Agent03Agent,1.1354842365752416
PenaltyAvoidAgent,1.085626049214811
AssariAsari,1.1402381302679112
IsobeAgent,1.026120695185563
SBDOneShot,1.1530389899060245
TimeWeightedAgent,1.0698655239921782
Group3,1.0316481491758132
TimeWeightedAgent,1.1247343316898242
Oneshot,1.0762049416123116
Group3,1.1888108783313864
LatticeOneShotAgent,1.0556752340229048
MyAgent,1.026594313768702
Group3,1.079164491209385
Group3,0.9468889522728184
BayesianAgent,1.269427791364118
Supvelikos,1.1288976564138258
Agent03Agent,1.0815442801817683
BayesianAgent,1.1368494945316203
SteadySyncAgent,1.1876675268858
EFRDistOneShotAgent,1.0178810719250828
Supvelikos,1.070856433695358
Group3,1.008028819761194
TimeWeightedAgent,1.0871833857324784
Group3,1.0821364179253767
MyAgent,0.8811044271030358
Oneshot,1.1596987194559611
MyAgent,0.9396430205505012
AssariAsari,1.0333141758504056
TimeWeightedAgent,1.0782101238460575
YamashitaAgent,1.0321751974824995
Oneshot,1.043086954566381
Agent03Agent,1.026909265086788
SBDOneShot,1.0530642620631097
AssariAsari,1.081565068073102
PenaltyAvoidAgent,1.098246044400834
Ysi,1.1287671232876713
Agent03Agent,1.0805797450244388
TimeWeightedAgent,1.1527215564460391
OneshotOmegaNegotiator,1.04589671600357
SBDOneShot,1.125768698756278
LatticeOneShotAgent,1.1069146580619715
AssariAsari,1.0331204515075003
Group3,0.9535544554178892
SteadySyncAgent,1.0366181019142582
OneshotOmegaNegotiator,1.0724132225631249
SBDOneShot,1.1318233751298366
TimeWeightedAgent,1.0860464054453824
Agent03Agent,1.061687848406635
Group3,1.0445602781664205
EFRDistOneShotAgent,1.1440181691388496
Supvelikos,1.0547899980553024
SteadySyncAgent,0.9998359230594408
LatticeOneShotAgent,1.1082034299227614
LatticeOneShotAgent,1.0285829347335609
YamashitaAgent,1.1014808367063604
LatticeOneShotAgent,1.164467794354261
Ysi,1.008803278303104
MyAgent,0.9985363516935386
Group3,1.0985552473888482
LatticeOneShotAgent,1.0478503031471411
SBDOneShot,1.0629589285204828
YamashitaAgent,1.081381086716546
MyAgent,0.9974839228023936
Group3,1.0488272719254823
IsobeAgent,0.9648177837689976
BayesianAgent,1.0760461029138653
EFRDistOneShotAgent,1.015240325075203
Ysi,1.0278846911566226
MyAgent,1.0426790341773706
SteadySyncAgent,1.1743372741395146
YamashitaAgent,1.0543861619321866
EFRDistOneShotAgent,1.1120898413239848
Group3,1.0307286312113864
Ysi,1.0419205226780175
EFRDistOneShotAgent,1.0618606022567296
PenaltyAvoidAgent,1.0325847543397293
OneshotOmegaNegotiator,1.160708500579899
LatticeOneShotAgent,1.1408684713901855
Oneshot,1.1794872106888004
AssariAsari,1.031149642189528
IsobeAgent,1.0768889566964113
AssariAsari,1.0388385563641764
Ysi,1.091074798221733
Agent03Agent,1.0445943776757456
BayesianAgent,1.064847610725484
Agent03Agent,0.9915230527064304
Ysi,1.0590176049023243
PenaltyAvoidAgent,1.0371202877143408
Group3,1.0294905318961154
LatticeOneShotAgent,1.0268540877346632
PenaltyAvoidAgent,1.098003250366045
OneshotOmegaNegotiator,1.0215762263566277
PenaltyAvoidAgent,1.107979669640222
BayesianAgent,1.1290074975210302
PenaltyAvoidAgent,1.145324696660334
Oneshot,1.165639724537876
PenaltyAvoidAgent,1.068180631688854
MyAgent,1.0492171917430722
SBDOneShot,1.0535566680014758
BayesianAgent,1.0771479797698813
Ysi,1.0719965708319337
OneshotOmegaNegotiator,1.1257416773239473
SteadySyncAgent,1.1215067098902036
EFRDistOneShotAgent,1.1421342883677592
Agent03Agent,1.0283810730236105
BayesianAgent,1.129116324144948
YamashitaAgent,1.0946432181119872
MyAgent,1.0258320521760211
TimeWeightedAgent,1.087025187998039
TimeWeightedAgent,1.0400022601452077
IsobeAgent,1.1545899790166043
IsobeAgent,1.102342707206527
TimeWeightedAgent,1.2555215954393846
Supvelikos,0.9677836799364642
YamashitaAgent,1.171688525310033
OneshotOmegaNegotiator,1.148848280373069
SBDOneShot,1.030872051793721
YamashitaAgent,1.1196707994569095
LatticeOneShotAgent,1.2783577406683266
EFRDistOneShotAgent,1.0229421106249257
BayesianAgent,1.067465432414461
BayesianAgent,1.051251510070669
MyAgent,0.8992564672057497
Supvelikos,1.0418961721254147
Ysi,1.1253083676801814
IsobeAgent,0.9903100228448274
TimeWeightedAgent,1.0886766399122685
EFRDistOneShotAgent,0.9982432859708128
PenaltyAvoidAgent,1.0960587645494806
OneshotOmegaNegotiator,1.0142807403676757
Oneshot,1.0941476986370011
OneshotOmegaNegotiator,1.0248571248149283
Ysi,1.0823145039153923
Supvelikos,1.0259526640920376
LatticeOneShotAgent,1.2745492302708572
Oneshot,1.122711140498446
EFRDistOneShotAgent,0.93690393041884
OneshotOmegaNegotiator,1.031897650829051
Ysi,1.0337038413205446
LatticeOneShotAgent,1.049936974784451
IsobeAgent,1.061408859834669
EFRDistOneShotAgent,1.006966982312888
Group3,1.020871417878051
LatticeOneShotAgent,1.122707171285743
MyAgent,1.0202995473565606
SteadySyncAgent,1.0283439939019712
BayesianAgent,1.275017789316017
Oneshot,1.1610211772777157
AssariAsari,1.0627409697907455
Agent03Agent,1.0660906758787068
LatticeOneShotAgent,1.2787746825854485
SBDOneShot,1.135181908203028
Supvelikos,1.2043294042020267
SBDOneShot,1.149011156517793
BayesianAgent,1.1873680025727984
SteadySyncAgent,1.0247486423327956
Oneshot,1.0379652141183977
TimeWeightedAgent,1.0134481947124745
LatticeOneShotAgent,1.1111126088476029
PenaltyAvoidAgent,1.1311093306140287
OneshotOmegaNegotiator,1.0858001762866054
SBDOneShot,1.0454973282848354
PenaltyAvoidAgent,1.0722981389609012
SteadySyncAgent,1.069711579701604
TimeWeightedAgent,1.0842916461150638
Oneshot,1.148583267843911
BayesianAgent,1.1965866749225802
Supvelikos,1.046459891366803
Group3,1.1038036002508709
SBDOneShot,1.0313216435431154
SteadySyncAgent,1.101261487359592
PenaltyAvoidAgent,1.116483786394379
YamashitaAgent,1.098816582544463
AssariAsari,1.039680514224704
Ysi,1.1515207872181594
IsobeAgent,0.8483973536125762
OneshotOmegaNegotiator,0.9493738238034684
YamashitaAgent,1.0289533556998771
MyAgent,1.0304622811254396
Agent03Agent,1.1542974640675558
SBDOneShot,1.0408680557796224
PenaltyAvoidAgent,1.1313412331965116
Group3,0.3108641872032238
Supvelikos,1.1219644021764257
Group3,1.1086211200921483
SBDOneShot,1.1152899690206708
YamashitaAgent,1.122522541311049
Group3,1.1612328767123288
IsobeAgent,0.8933618640550696
Oneshot,1.0363856870732229
AssariAsari,1.1768072309400266
SteadySyncAgent,0.9426927023142464
AssariAsari,1.1491452755503009
BayesianAgent,1.1202912783911647
EFRDistOneShotAgent,1.213683068871564
Agent03Agent,1.063772892566848
Ysi,1.069751133208519
IsobeAgent,0.8644968410541979
YamashitaAgent,1.0632091127770544
EFRDistOneShotAgent,0.9866454354766052
IsobeAgent,0.8660190438901604
SteadySyncAgent,1.0364527323748656
SBDOneShot,1.0043500334572264
Supvelikos,1.0810060531701944
IsobeAgent,0.9311656833638668
IsobeAgent,1.0756344271060636
PenaltyAvoidAgent,1.0958156458459674
IsobeAgent,1.0849380596099596
Group3,0.9817072417342028
Ysi,1.0650249971682115
Group3,1.0208922955305848
PenaltyAvoidAgent,1.1311689148375026
MyAgent,1.023780519669779
SBDOneShot,1.128904109589041
YamashitaAgent,1.1020129887783348
SteadySyncAgent,1.0776398806259877
TimeWeightedAgent,1.0746923887892224
SteadySyncAgent,0.815407101358172
Group3,1.0994559471477074
TimeWeightedAgent,1.1217045067805909
MyAgent,0.9815784587016768
Ysi,1.128387037266
PenaltyAvoidAgent,1.1877303393534102
IsobeAgent,1.106057295320211
Supvelikos,1.1122156682705842
TimeWeightedAgent,1.1407975437318274
LatticeOneShotAgent,1.055178337661972
MyAgent,1.01154079667131
SteadySyncAgent,1.120253989553401
EFRDistOneShotAgent,0.9834570946358964
BayesianAgent,1.066405497399011
TimeWeightedAgent,1.1512599036070896
PenaltyAvoidAgent,1.0558544388229598
Agent03Agent,0.992677371074652
BayesianAgent,1.0653681485409094
LatticeOneShotAgent,1.0490184791402972
TimeWeightedAgent,1.0620344070446186
OneshotOmegaNegotiator,1.152990686075
EFRDistOneShotAgent,0.9036857429225754
YamashitaAgent,1.0722638642922886
EFRDistOneShotAgent,1.0147086420422935
Oneshot,1.0137575805581354
BayesianAgent,1.0664697193500738
LatticeOneShotAgent,1.0818103765485096
MyAgent,1.0127694065456274
SteadySyncAgent,0.9461263549789436
LatticeOneShotAgent,1.1500007555088667
MyAgent,0.9649682651836876
Oneshot,1.0721162314059471
Ysi,1.046054274276023
Oneshot,1.1295121552378566
Agent03Agent,1.132766383411977
Oneshot,1.255887096461176
EFRDistOneShotAgent,1.1240742684116434
SBDOneShot,1.048162921892403
SBDOneShot,1.0061589804168247
YamashitaAgent,1.0702588144627834
LatticeOneShotAgent,1.0393440065453816
BayesianAgent,1.1263493009269152
OneshotOmegaNegotiator,1.0301299319239303
BayesianAgent,1.066405497399011
Agent03Agent,1.1239934065545245
EFRDistOneShotAgent,1.0087500554680602
BayesianAgent,1.03286496177503
EFRDistOneShotAgent,1.044475934829611
PenaltyAvoidAgent,1.0469926062860646
OneshotOmegaNegotiator,1.0638365683185456
SBDOneShot,1.0579910271065618
PenaltyAvoidAgent,1.007003076292376
EFRDistOneShotAgent,1.0753010809408563
IsobeAgent,1.1090007984478285
AssariAsari,1.050709400250706
BayesianAgent,1.0696532971001496
PenaltyAvoidAgent,1.1134828508541808
OneshotOmegaNegotiator,1.2349788296719308
BayesianAgent,1.1236989743128856
Agent03Agent,1.214791507173565
Group3,1.0332612608385825
AssariAsari,1.1025052856157889
Supvelikos,1.0019243738168464
OneshotOmegaNegotiator,1.153540714106848
Oneshot,1.1169406718037904
BayesianAgent,1.0922579341014755
TimeWeightedAgent,1.1493982171040271
Group3,1.0581584669439106
LatticeOneShotAgent,1.159776903813183
BayesianAgent,1.0560689115113548
Agent03Agent,1.04702415281564
TimeWeightedAgent,1.0589626047395808
Ysi,1.0741509148990889
EFRDistOneShotAgent,1.002020925006767
SBDOneShot,1.144480062252761
EFRDistOneShotAgent,0.9334683749770816
EFRDistOneShotAgent,0.994927400156844
Agent03Agent,1.1475019254047731
TimeWeightedAgent,1.0268824455390384
Group3,1.0222267101164328
Ysi,1.126614254490656
Agent03Agent,1.0830673160125976
TimeWeightedAgent,1.079846031760862
Oneshot,1.069246299518338
Oneshot,1.025683900717713
Supvelikos,1.0978721004543053
AssariAsari,1.1325342465753423
Ysi,1.0733070107807576
Agent03Agent,1.0225960580355884
TimeWeightedAgent,1.0620610209410444
MyAgent,0.95687600261059
YamashitaAgent,1.0718849571377882
AssariAsari,1.052330966347638
Supvelikos,1.0719125484526997
BayesianAgent,1.039486812488442
Supvelikos,1.0662956430419703
SBDOneShot,1.1288264078089925
AssariAsari,1.0967050737820905
Agent03Agent,1.0680088054770966
IsobeAgent,0.9717305289515
OneshotOmegaNegotiator,1.1536510147610992
TimeWeightedAgent,1.0258247127752134
YamashitaAgent,1.049781490580806
SteadySyncAgent,0.756880064059126
Oneshot,1.0675351867291094
MyAgent,1.009791701534721
IsobeAgent,1.0274398614124738
Agent03Agent,1.0652584855790697
YamashitaAgent,1.0172528141099717
Oneshot,1.1436286785768974
AssariAsari,1.1241312643180543
Supvelikos,1.1192654511946292
Oneshot,1.1307451380289897
MyAgent,1.017838360609033
Agent03Agent,1.0222505231517287
YamashitaAgent,1.0758600786980794
AssariAsari,1.1285999115693195
SBDOneShot,0.9984117073719422
YamashitaAgent,1.0132536886179777
LatticeOneShotAgent,1.1598673854526866
PenaltyAvoidAgent,1.0371202877143408
OneshotOmegaNegotiator,1.0711831219068928
TimeWeightedAgent,1.055135932255702
MyAgent,1.0884006820403056
EFRDistOneShotAgent,1.0194009147186476
Group3,0.9158067082478508
SBDOneShot,1.1383551003199188
IsobeAgent,1.1882759129172888
MyAgent,1.0060798786759249
Oneshot,1.047133052545683
LatticeOneShotAgent,1.1257400585339097
Oneshot,1.0925374014894924
BayesianAgent,1.0600985531407858
Ysi,1.1404670593533404
TimeWeightedAgent,1.0447790813043902
Oneshot,1.140167143975742
Oneshot,1.0167257783101542
LatticeOneShotAgent,1.1442272514203904
Oneshot,1.052856016709918
PenaltyAvoidAgent,1.1568985773588307
PenaltyAvoidAgent,1.0082781586521907
Supvelikos,1.1617024089296857
YamashitaAgent,1.0821170121427697
Group3,1.0414647799623902
LatticeOneShotAgent,1.0821783392616215
PenaltyAvoidAgent,1.0995952410155772
OneshotOmegaNegotiator,1.0398499252209037
PenaltyAvoidAgent,1.1835752614357904
Agent03Agent,1.056718228835516
SteadySyncAgent,1.1685932303687276
SteadySyncAgent,1.06190090022257
EFRDistOneShotAgent,1.0453818886452504
BayesianAgent,1.0515702869288386
SteadySyncAgent,1.1753370506944605
SBDOneShot,1.0499943644110523
Agent03Agent,1.126968834765582
AssariAsari,1.0802771985772108
Group3,1.0455838042308867
OneshotOmegaNegotiator,1.0469354777255
Oneshot,1.0711402445303335
Group3,1.1913266431070957
AssariAsari,1.0661968154528845
MyAgent,0.9481958784245924
AssariAsari,1.0741741278172274
BayesianAgent,1.118816428378713
AssariAsari,1.1231488185348515
PenaltyAvoidAgent,1.084263461302588
OneshotOmegaNegotiator,1.0817746307597345
Group3,0.893807105083259
TimeWeightedAgent,1.1463323038850564
TimeWeightedAgent,1.0578372143142951
OneshotOmegaNegotiator,1.0846410342338155
OneshotOmegaNegotiator,1.1520773150733452
MyAgent,0.9196372314134724
MyAgent,0.9588168153511004
LatticeOneShotAgent,1.183285262530408
SBDOneShot,0.9962184628133276
TimeWeightedAgent,1.0587453422842492
LatticeOneShotAgent,1.1640342601458884
OneshotOmegaNegotiator,1.0431890885547093
SBDOneShot,1.039220820861661
TimeWeightedAgent,1.0640074849963694
IsobeAgent,1.0284183455823903
Ysi,1.0698571846567126
SteadySyncAgent,1.0741695392013202
LatticeOneShotAgent,1.0980007359254262
MyAgent,1.010477218918927
SteadySyncAgent,1.0659582003634591
BayesianAgent,1.155638140747567
OneshotOmegaNegotiator,1.0475930055697265
YamashitaAgent,1.054832062919647
IsobeAgent,1.0672947734381646
IsobeAgent,1.0947779613522337
OneshotOmegaNegotiator,1.0518425315345927
Ysi,1.0580785915875075
SBDOneShot,1.1655978511973586
AssariAsari,1.0312760901676192
SBDOneShot,1.030497393059286
Ysi,1.024810900526635
Group3,0.9159862200160632
Agent03Agent,1.1490584245916742
IsobeAgent,1.184564441086133
IsobeAgent,1.0424853215127052
Ysi,1.1441086636377589
AssariAsari,1.1373605425081277
LatticeOneShotAgent,1.0913607603461084
Ysi,1.0500558274120062
Supvelikos,1.172997577790743
AssariAsari,1.1319833928181222
Group3,1.1054742872385752
SBDOneShot,1.0463993645766676
Ysi,1.067102745248303
Supvelikos,1.078618722880371
OneshotOmegaNegotiator,1.0849906016890252
OneshotOmegaNegotiator,1.0769060224342208
Oneshot,1.0743623102248752
TimeWeightedAgent,1.126655151955389
IsobeAgent,1.054142970607091
IsobeAgent,1.0379592784733498
Agent03Agent,1.1224609834784076
Supvelikos,1.1050232374788018
EFRDistOneShotAgent,1.198018513227611
Oneshot,1.0488553225491704
OneshotOmegaNegotiator,1.062689537749649
BayesianAgent,1.1228467649314375
SteadySyncAgent,1.092875947183619
EFRDistOneShotAgent,1.0091760677382515
AssariAsari,1.1134482834141528
Ysi,1.040008654707059
MyAgent,0.8751294932001775
Group3,0.8335843294200412
TimeWeightedAgent,1.2574806857215497
MyAgent,0.9923804970394696
AssariAsari,1.0702588144627834
SBDOneShot,1.1520354705637614
Ysi,0.9954674635990286
Group3,1.1797023144221543
SBDOneShot,1.0345125052774131
BayesianAgent,1.0442925090570587
YamashitaAgent,1.070013777258158
IsobeAgent,1.1091609833397875
OneshotOmegaNegotiator,1.0917649692485196
Oneshot,1.0632620765355312
SBDOneShot,1.072635892447736
PenaltyAvoidAgent,1.0367991779590264
BayesianAgent,1.065303904302827
SteadySyncAgent,0.7498268676195827
MyAgent,1.0595159846554243
IsobeAgent,1.019959964952679
Oneshot,1.1586585321358471
SBDOneShot,1.152904914982026
MyAgent,0.922720296057748
YamashitaAgent,1.1265637065875491
LatticeOneShotAgent,1.0921366484738224
MyAgent,0.9715992319799324
TimeWeightedAgent,1.1037387806378514
AssariAsari,1.168176875679594
PenaltyAvoidAgent,1.0669276951187678
Group3,0.9391848988828274
IsobeAgent,1.0952576933234408
Supvelikos,1.030303266237506
MyAgent,0.9425458338721708
TimeWeightedAgent,1.0466387348781212
EFRDistOneShotAgent,1.050453989113158
EFRDistOneShotAgent,1.06926316041437
OneshotOmegaNegotiator,1.183273716204362
YamashitaAgent,1.1277583920576086
Group3,0.9122840413196208
AssariAsari,1.0294860941298376
TimeWeightedAgent,1.1202163855551297
Group3,0.8944195932469837
Ysi,1.1517846515697852
Supvelikos,1.1308908150630053
OneshotOmegaNegotiator,1.0941703833456826
Agent03Agent,1.0460302038755864
PenaltyAvoidAgent,1.0744056807656683
Group3,1.0435636624064664
SteadySyncAgent,1.082833505353029
SBDOneShot,1.0547244736805748
MyAgent,1.0480162877481425
MyAgent,0.8725167711877566
TimeWeightedAgent,1.1557268177184166
Supvelikos,1.1156914535055602
PenaltyAvoidAgent,1.0967455023246413
TimeWeightedAgent,1.1091889604525704
AssariAsari,1.164716632180535
Supvelikos,1.0340038983093944
AssariAsari,1.0740969435010803
IsobeAgent,1.1076422371009969
AssariAsari,1.1216349634700191
MyAgent,0.9338128392462358
AssariAsari,1.1453440168123814
YamashitaAgent,1.0792898316467283
PenaltyAvoidAgent,1.0993499325401692
IsobeAgent,1.0280178094181274
YamashitaAgent,1.0642280896897285
Oneshot,1.0147919387485
OneshotOmegaNegotiator,1.0662630598917122
PenaltyAvoidAgent,1.1675425878941643
Agent03Agent,1.0231912332951518
PenaltyAvoidAgent,1.036991843812215
YamashitaAgent,1.0690857345215814
Oneshot,1.0694885464510169
Group3,0.9042780563415312
OneshotOmegaNegotiator,1.1372444532071018
Agent03Agent,1.2490572076271849
YamashitaAgent,1.1297855813681337
Group3,1.1067330219007625
MyAgent,0.9162677329312632
LatticeOneShotAgent,1.1717105709227604
EFRDistOneShotAgent,1.0920122967848875
LatticeOneShotAgent,1.122026188618405
OneshotOmegaNegotiator,1.0431832070642282
SBDOneShot,1.0613749113627406
PenaltyAvoidAgent,1.129041095890411
AssariAsari,1.1200199271867746
Supvelikos,1.082852937568993
EFRDistOneShotAgent,1.008820256314685
TimeWeightedAgent,1.15078571033122
Agent03Agent,1.0144457196748304
AssariAsari,1.0901770547365237
OneshotOmegaNegotiator,1.2394518793069338
TimeWeightedAgent,1.025723922427462
Ysi,1.091326331898464
Oneshot,1.0621193482717406
PenaltyAvoidAgent,1.1003924935606526
SteadySyncAgent,0.898279660739507
SBDOneShot,1.0476590371768106
SteadySyncAgent,1.080252636212215
SBDOneShot,1.068570596782933
YamashitaAgent,1.0537232619790438
Agent03Agent,1.1464944404473945
Group3,0.8619645125651872
YamashitaAgent,1.3017717660506762
IsobeAgent,0.9900677443937754
SteadySyncAgent,1.103371498765313
Ysi,1.12248301047573
Oneshot,1.0572813699597163
Supvelikos,1.0339730566897294
YamashitaAgent,1.1389489238606247
SBDOneShot,1.151878984247692
Agent03Agent,1.0285034574193088
Ysi,1.016665133945614
LatticeOneShotAgent,1.1050400941245189
Supvelikos,0.9934409997498972
TimeWeightedAgent,1.1421534835394171
SteadySyncAgent,1.075996441433568
BayesianAgent,1.071706131915788
Oneshot,1.1304880708493363
TimeWeightedAgent,1.0848484217811136
Group3,1.0774811694246111
TimeWeightedAgent,1.0666515404943926
Agent03Agent,1.0448911347666887
Ysi,1.1567690168062608
EFRDistOneShotAgent,1.0881242892808545
PenaltyAvoidAgent,1.21417832308629
LatticeOneShotAgent,1.055341878458838
TimeWeightedAgent,1.154444282170804
YamashitaAgent,1.1611234268654993
AssariAsari,1.0679196032367528
Agent03Agent,1.0210094819861355
PenaltyAvoidAgent,1.117232804994664
PenaltyAvoidAgent,1.158725658602486
Ysi,1.0274164134358286
Ysi,1.1186856426873022
AssariAsari,1.1159444894675743
LatticeOneShotAgent,1.026215402502998
MyAgent,1.038154153325914
YamashitaAgent,1.1286788322395924
MyAgent,1.0179066143548785
IsobeAgent,1.0728134703431838
Supvelikos,1.0919893970263383
Oneshot,1.0525032667268492
IsobeAgent,1.1291067629152154
YamashitaAgent,1.0246942696649897
BayesianAgent,1.0701889004668816
BayesianAgent,1.02838610236979
Group3,0.9807324836673
IsobeAgent,0.9903255462015308
MyAgent,1.0456807803031685
Group3,1.077083515004677
Ysi,1.056956209311509
PenaltyAvoidAgent,1.017412801504213
LatticeOneShotAgent,1.1530303293843305
MyAgent,0.9172573594349458
Agent03Agent,1.1663824626643942
Group3,1.0032106401885654
EFRDistOneShotAgent,1.0694431730937528
Supvelikos,1.006653225745897
BayesianAgent,1.1422286038257
AssariAsari,1.0810744511222865
Supvelikos,1.0922989532683387
TimeWeightedAgent,1.1537505056976889
IsobeAgent,1.013131052513914
LatticeOneShotAgent,1.1297849149925738
IsobeAgent,1.0101226061990742
AssariAsari,1.128994190334624
Group3,0.2995516301803113
TimeWeightedAgent,1.0208053804395214
YamashitaAgent,1.084940705216169
PenaltyAvoidAgent,1.0837663241463469
BayesianAgent,1.097993726883235
PenaltyAvoidAgent,0.9934268173965988
SteadySyncAgent,1.1605660194377512
Oneshot,1.1655491119971004
SteadySyncAgent,1.0718836356135732
AssariAsari,1.0231313022943471
OneshotOmegaNegotiator,1.0955648187437907
BayesianAgent,1.1310364920970208
Oneshot,1.0851268900126088
SteadySyncAgent,0.9849760698798132
Group3,0.9841628821514352
AssariAsari,1.0521765977153443
Ysi,1.066735648925038
Agent03Agent,1.1247337854477255
Supvelikos,1.1223589811097217
SteadySyncAgent,1.020331071370408
Oneshot,1.2447011910621426
OneshotOmegaNegotiator,1.1549243821817234
AssariAsari,1.0674497520229704
YamashitaAgent,1.037601213940769
EFRDistOneShotAgent,1.042822782118314
AssariAsari,1.166455237404857
BayesianAgent,1.0542669609605162
IsobeAgent,1.0297546943421234
Oneshot,1.069113364424366
MyAgent,0.8994272735680001
Ysi,1.1580604799433674
YamashitaAgent,1.081442413835398
IsobeAgent,0.959281199527272
TimeWeightedAgent,1.1287066172216438
OneshotOmegaNegotiator,1.0917449598355176
EFRDistOneShotAgent,1.1188831790495632
OneshotOmegaNegotiator,1.0746902458284266
PenaltyAvoidAgent,1.0375698413717809
Ysi,1.0348697632984911
TimeWeightedAgent,1.11673246257222
EFRDistOneShotAgent,1.1766386745994843
LatticeOneShotAgent,1.129831796603781
TimeWeightedAgent,1.0861668314694506
BayesianAgent,1.0784373850116522
SBDOneShot,1.044656458960226
EFRDistOneShotAgent,1.0276952527184806
AssariAsari,1.1422795439082651
MyAgent,1.00566998960719
YamashitaAgent,1.0937691647246413
Ysi,1.0693189294234338
MyAgent,1.0343940909435456
OneshotOmegaNegotiator,1.1421683758180723
Group3,0.1911425793568426
SteadySyncAgent,0.9996055292182372
Group3,1.0231425545875668
Oneshot,1.017199028107728
AssariAsari,1.1144811364344622
BayesianAgent,1.027126817123622
YamashitaAgent,1.089102219095584
Supvelikos,1.1287671232876713
Agent03Agent,1.101479889909864
AssariAsari,1.035000760322614
MyAgent,1.0422619027042384
PenaltyAvoidAgent,1.037505619420718
Agent03Agent,1.0176987687561698
SteadySyncAgent,0.9055642367351376
Oneshot,1.1525037743376223
BayesianAgent,1.0285145462719156
Supvelikos,1.0706937713750737
PenaltyAvoidAgent,1.1305866390330843
Oneshot,1.088095179797157
MyAgent,0.998644472652612
Supvelikos,1.0943191637309957
MyAgent,0.9081204030782692
Oneshot,1.1695141592773124
PenaltyAvoidAgent,1.0744782685924457
Agent03Agent,1.0621960338426115
Group3,1.062045099650437
YamashitaAgent,1.1177515961297966
Agent03Agent,1.0466986835675334
Supvelikos,1.07183410978397
Oneshot,1.1342920497546198
OneshotOmegaNegotiator,1.1779262037406215
Oneshot,1.1307451380289897
SBDOneShot,1.0854355503624376
BayesianAgent,1.0285145462719156
Oneshot,1.0404439352843504
AssariAsari,1.043752406152302
SteadySyncAgent,1.1530566135965457
PenaltyAvoidAgent,1.0065538123208455
Oneshot,1.0247019398812405
SteadySyncAgent,0.9220940376586412
YamashitaAgent,1.0915199733419385
SBDOneShot,1.0547116502277805
EFRDistOneShotAgent,1.030740816796748
Supvelikos,1.121378950590539
TimeWeightedAgent,1.0825877280491325
Oneshot,1.1459206879185089
Ysi,1.1915624488967524
Oneshot,1.0498661080521408
OneshotOmegaNegotiator,1.132655291601283
TimeWeightedAgent,1.1333898308041837
Oneshot,1.239049454992673
LatticeOneShotAgent,1.081565068073102
Oneshot,1.0448987143314554
SteadySyncAgent,0.9456413156668332
OneshotOmegaNegotiator,1.0507122641995037
IsobeAgent,1.0990689195469807
Agent03Agent,1.2178073322341132
SteadySyncAgent,1.03461721885376
Supvelikos,1.0711490630251304
TimeWeightedAgent,1.0432048278406114
AssariAsari,1.0689804693678102
YamashitaAgent,1.0486209623198073
Ysi,1.0672019340838816
TimeWeightedAgent,1.0451983078462792
Agent03Agent,1.066170940557348
BayesianAgent,1.117197515723933
LatticeOneShotAgent,1.1212231865272784
SBDOneShot,1.153325459443841
OneshotOmegaNegotiator,1.04987447010772
SteadySyncAgent,1.1756309112256194
Supvelikos,1.0555475240862655
Ysi,1.1514501207070509
BayesianAgent,1.056329939963456
SBDOneShot,1.1302946865000898
LatticeOneShotAgent,1.052370859023508
AssariAsari,1.1296575342465751
Oneshot,1.0715699478065284
Agent03Agent,1.0638981216815495
LatticeOneShotAgent,1.0953636698147922
MyAgent,1.0213112964664728
IsobeAgent,1.0088521613729653
MyAgent,0.992461506985418
LatticeOneShotAgent,1.096774193548387
SteadySyncAgent,0.826835694329113
LatticeOneShotAgent,1.0720417279178067
Group3,0.8663490573904912
LatticeOneShotAgent,1.1665643836205315
LatticeOneShotAgent,1.162528321189865
Supvelikos,1.0613126116025002
TimeWeightedAgent,1.020019086623708
IsobeAgent,1.047412252645374
IsobeAgent,1.0787172968923249
BayesianAgent,1.0923792197291289
Agent03Agent,1.126747314735249
OneshotOmegaNegotiator,1.0936161976469632
Supvelikos,1.159523586434181
SteadySyncAgent,1.0507788518978027
Agent03Agent,1.121121192148857
Group3,1.1087846659826637
YamashitaAgent,1.080346955739003
BayesianAgent,1.0864229163384391
OneshotOmegaNegotiator,1.0241742200445938
YamashitaAgent,1.0944527788009104
TimeWeightedAgent,1.1257396945200626
Agent03Agent,1.091492770989913
AssariAsari,1.165670478924179
Agent03Agent,1.0302482671758213
SteadySyncAgent,0.8431212970880589
OneshotOmegaNegotiator,1.2273491542276822
SteadySyncAgent,0.880015106455581
LatticeOneShotAgent,1.1695642107712187
AssariAsari,1.13197010864403
PenaltyAvoidAgent,1.0957752173034163
SBDOneShot,1.1137193675926131
BayesianAgent,1.0923792197291289
YamashitaAgent,1.164586344523323
MyAgent,0.9164416904614806
MyAgent,0.9612064965352068
Agent03Agent,1.0615992816062982
MyAgent,0.862975516216407
SteadySyncAgent,1.1652570087279257
BayesianAgent,1.032303579385118
EFRDistOneShotAgent,1.042843838859994
IsobeAgent,1.080705380136687
EFRDistOneShotAgent,1.082138607693793
Oneshot,1.1655491119971004
Supvelikos,1.0603881146133234
Ysi,1.02084800380116
Oneshot,1.0411629997371108
Ysi,1.1283848571013626
AssariAsari,1.2279899965105818
IsobeAgent,0.8451454742505827
EFRDistOneShotAgent,0.9558954576369396
BayesianAgent,1.046387068755829
YamashitaAgent,1.174062766712949
SteadySyncAgent,1.0372487316164665
PenaltyAvoidAgent,1.0189529371578578
EFRDistOneShotAgent,1.1099604197164263
Supvelikos,1.1855965373689092
Agent03Agent,1.0447263028853957
EFRDistOneShotAgent,1.0514705896892882
Group3,1.0589508949241035
LatticeOneShotAgent,1.1155137234252617
Group3,0.7558449409954107
EFRDistOneShotAgent,1.089918305748787
YamashitaAgent,1.028759336712069
SBDOneShot,1.0826082575577307
AssariAsari,1.0822396663804734
IsobeAgent,0.954519925533622
Ysi,1.0717533113005826
Group3,0.8340543550133004
Agent03Agent,1.1368824412654748
BayesianAgent,1.0558078830592534
Ysi,1.0727372109248232
IsobeAgent,1.0641576686211838
Group3,0.934690395866199
SteadySyncAgent,1.0761672339605677
SBDOneShot,1.1256105123147626
YamashitaAgent,1.0943197897715788
EFRDistOneShotAgent,1.0390320086857256
Ysi,1.0621765987948824
EFRDistOneShotAgent,0.9889408402248282
TimeWeightedAgent,1.0365898998745415
PenaltyAvoidAgent,1.0248243277589333
SteadySyncAgent,1.104818786460822
SteadySyncAgent,1.0775070373287914
Oneshot,1.070476384403976
PenaltyAvoidAgent,1.025017087561469
SteadySyncAgent,1.107487336678502
TimeWeightedAgent,1.0213612975572608
Group3,0.962968732442028
TimeWeightedAgent,1.0726517857373232
Ysi,1.0627712511121317
TimeWeightedAgent,1.1497383755812258
MyAgent,0.9159221896929374
TimeWeightedAgent,1.0657222244412512
YamashitaAgent,1.0904877234708406
TimeWeightedAgent,1.0377689251244688
BayesianAgent,1.0675400848778809
AssariAsari,1.0316614218739966
LatticeOneShotAgent,1.0728919144563611
SBDOneShot,1.0225993790088257
Agent03Agent,1.0950958332091163
EFRDistOneShotAgent,0.992690645275748
Ysi,1.160364054493436
SBDOneShot,1.0009547612649503
IsobeAgent,0.9058264837854686
Ysi,1.0592075799069596
IsobeAgent,1.1387972830142077
OneshotOmegaNegotiator,1.014648318975083
YamashitaAgent,1.1697126932555022
LatticeOneShotAgent,1.0510325466990993
Agent03Agent,1.1259206030582067
MyAgent,0.91059733206262
TimeWeightedAgent,1.2080692766066754
AssariAsari,0.9726219766305918
LatticeOneShotAgent,1.157488638013462
LatticeOneShotAgent,1.1257394126211249
OneshotOmegaNegotiator,1.111672227069188
IsobeAgent,1.0278876151078593
EFRDistOneShotAgent,1.0542264920661202
Group3,0.9638386828032668
IsobeAgent,1.100518100644595
BayesianAgent,1.128904109589041
SBDOneShot,1.090239323111418
EFRDistOneShotAgent,1.117901943697713
Agent03Agent,1.0853194141363822
Supvelikos,1.0455279657153376
SteadySyncAgent,1.0772929448886026
MyAgent,1.0107145680891647
IsobeAgent,0.966700129988774
OneshotOmegaNegotiator,1.040346755429624
Group3,1.0969486279751
Supvelikos,1.0183484691570388
OneshotOmegaNegotiator,1.0909440535555055
EFRDistOneShotAgent,1.0955497015632358
LatticeOneShotAgent,1.0959369314736205
Group3,0.9147234318420844
PenaltyAvoidAgent,1.123806869325107
Group3,1.0050026921994717
Oneshot,1.0905667139128794
BayesianAgent,1.1269792179430564
EFRDistOneShotAgent,1.0800902375559651
Agent03Agent,1.1480501692705194
PenaltyAvoidAgent,1.0680240146175932
Agent03Agent,1.1311093306140287
Oneshot,1.0691703749266994
LatticeOneShotAgent,1.031982531629311
BayesianAgent,1.0662770534968853
IsobeAgent,1.1047157883157248
PenaltyAvoidAgent,1.0714695901853302
Oneshot,1.1257413370030802
IsobeAgent,1.0814149821265764
SBDOneShot,1.1209691352131894
Oneshot,1.136334680335987
Agent03Agent,1.027159613879257
Supvelikos,1.066837607038129
SteadySyncAgent,1.056395542309439
YamashitaAgent,1.0640787994773493
Oneshot,1.128679086748092
OneshotOmegaNegotiator,1.0896707615185768
Group3,1.0034525276711626
Agent03Agent,1.063400138087797
LatticeOneShotAgent,1.0308480301058838
TimeWeightedAgent,1.0756230632234551
EFRDistOneShotAgent,0.96997502155214
SBDOneShot,1.034177969732353
EFRDistOneShotAgent,1.0144777819297472
Ysi,1.130726101378595
AssariAsari,1.0485401165937116
LatticeOneShotAgent,1.072118653165591
AssariAsari,1.0305483877565338
OneshotOmegaNegotiator,1.1423645637438182
Group3,0.7205992129668333
MyAgent,1.103568373561702
PenaltyAvoidAgent,1.046148448715843
LatticeOneShotAgent,1.0710630896269628
Supvelikos,1.076715401827009
BayesianAgent,1.0866052885124973
AssariAsari,1.0321751974824995
MyAgent,1.014991308980392
SBDOneShot,1.043105611841485
Oneshot,1.0680545518152431
EFRDistOneShotAgent,1.1293311122275178
OneshotOmegaNegotiator,1.043713017078953
Oneshot,1.0446764707673617
MyAgent,0.9041600640060208
Agent03Agent,1.044839304711645
EFRDistOneShotAgent,1.0792851715664211
Group3,1.1924832452366163
OneshotOmegaNegotiator,1.0496156571493278
IsobeAgent,1.087362638005279
Group3,0.9952196082147244
Ysi,1.021878061312833
Oneshot,1.0577084792540872
YamashitaAgent,1.0332027486995057
SBDOneShot,1.0494207116926433
PenaltyAvoidAgent,1.1287671232876713
Group3,0.9064653229435812
TimeWeightedAgent,1.019592723635595
OneshotOmegaNegotiator,1.0921277172648702
Group3,0.9941633435574048
Ysi,1.1237759697651335
TimeWeightedAgent,1.101803020628867
YamashitaAgent,1.1564788454541235
Agent03Agent,1.0468453251468903
SteadySyncAgent,1.1317704679635412
MyAgent,0.953467534317704
TimeWeightedAgent,1.069780711479886
Group3,1.1838650377068194
Agent03Agent,1.041875021461914
BayesianAgent,1.027055310236406
OneshotOmegaNegotiator,1.0976846295903275
LatticeOneShotAgent,1.0486225589829907
IsobeAgent,1.0236398506669808
YamashitaAgent,1.1582807384474765
Supvelikos,1.0589279227769308
Group3,1.0141615021274877
IsobeAgent,1.0704681265877225
PenaltyAvoidAgent,1.0548618259726965
TimeWeightedAgent,1.1363566628606612
YamashitaAgent,1.1257419181804331
AssariAsari,1.1188975328585422
Ysi,1.03313682681687
PenaltyAvoidAgent,1.1852318824690276
EFRDistOneShotAgent,1.1203322007155303
Group3,1.1071815034422512
Group3,1.02772036765291
SteadySyncAgent,1.1231331745533149
BayesianAgent,1.0363942161577364
TimeWeightedAgent,1.0614755225870298
IsobeAgent,1.0378595167626328
SteadySyncAgent,1.156098044939586
Agent03Agent,1.0134412309862948
BayesianAgent,1.148579745226504
PenaltyAvoidAgent,1.0426664158269223
BayesianAgent,1.1189720149611564
LatticeOneShotAgent,1.1186849829660692
SBDOneShot,1.1021343700033333
SBDOneShot,1.0369146416501596
AssariAsari,1.1684701182563062
SteadySyncAgent,0.8893871283212189
EFRDistOneShotAgent,1.0684986219167534
IsobeAgent,0.9890796509523344
YamashitaAgent,1.1000280289520583
LatticeOneShotAgent,1.019154969400678
IsobeAgent,1.0372569172573232
LatticeOneShotAgent,1.046834751222238
Agent03Agent,1.150022994260511
IsobeAgent,1.0776700914385742
SBDOneShot,1.0858817078985616
EFRDistOneShotAgent,1.0829869508371084
BayesianAgent,1.0906029194900848
MyAgent,1.0020655938931098
OneshotOmegaNegotiator,0.9558983243765798
Group3,1.0227562979144833
YamashitaAgent,1.1050997692358286
Supvelikos,0.950956897271566
MyAgent,1.020002681310965
MyAgent,0.9808425378586964
IsobeAgent,1.066455991295189
SteadySyncAgent,0.9052639521142726
Supvelikos,1.160497821196211
EFRDistOneShotAgent,1.129117633778606
Supvelikos,1.0969476450373965
AssariAsari,1.1206886255270796
BayesianAgent,1.0934305372361826
Group3,1.005087346333855
PenaltyAvoidAgent,1.086628061693103
Agent03Agent,1.0171037005860204
IsobeAgent,1.0515145153767067
OneshotOmegaNegotiator,1.0426120478072658
BayesianAgent,1.1257067779581142
SteadySyncAgent,1.0252170841561157
AssariAsari,1.1157111827815442
MyAgent,1.026053994665426
Group3,1.0454573154862463
Agent03Agent,1.0577554115942915
AssariAsari,1.0937546916261718
EFRDistOneShotAgent,1.0162584486535766
TimeWeightedAgent,1.0820320307317026
BayesianAgent,1.0590043487535692
MyAgent,1.034295950751878
Agent03Agent,1.0234555642048029
OneshotOmegaNegotiator,1.1006734999280838
BayesianAgent,1.0771893444969198
MyAgent,1.014594062343258
Ysi,1.1297121650871802
Supvelikos,1.0956943602183142
SBDOneShot,1.1376588195507442
PenaltyAvoidAgent,1.2074180592689945
MyAgent,0.9177478193199236
SteadySyncAgent,1.1477968119013802
SBDOneShot,0.9937783643221342
Ysi,1.059851980784177
LatticeOneShotAgent,1.1279050618468554
BayesianAgent,1.2383346250418852
LatticeOneShotAgent,1.1345190395065217
AssariAsari,1.2300191775721472
SteadySyncAgent,1.0746373583773834
YamashitaAgent,1.092861876970546
Group3,1.082440679475143
YamashitaAgent,1.068953281009242
SteadySyncAgent,0.7920315728010007
Supvelikos,1.073325100339611
LatticeOneShotAgent,1.0683513291487163
Group3,0.8880155589130847
PenaltyAvoidAgent,1.1071610995889498
Supvelikos,1.2430275951760617
Agent03Agent,1.0216361569288066
AssariAsari,1.1761922576920778
MyAgent,1.054795389102256
TimeWeightedAgent,1.036602232671735
Agent03Agent,1.155968405829347
BayesianAgent,1.282689253902889
Group3,1.1599572709477417
PenaltyAvoidAgent,1.0466733578597132
SBDOneShot,1.0596400093540148
Agent03Agent,1.0510966693979975
Supvelikos,1.0113845888498485
LatticeOneShotAgent,1.1487125659405764
Supvelikos,0.980726595335902
Ysi,1.1453170477830483
YamashitaAgent,1.038609425275144
AssariAsari,1.1516694991503065
SteadySyncAgent,1.0212455524811237
MyAgent,0.9865779785076996
Oneshot,1.054613529008218
MyAgent,1.0382643211691809
Agent03Agent,1.1586335435791286
Ysi,1.0111319459009531
SBDOneShot,1.1283708176410716
IsobeAgent,1.077899446455295
TimeWeightedAgent,1.0218894782396468
AssariAsari,1.0701945925117204
SteadySyncAgent,0.8890154284242712
Group3,0.7328891852253541
SteadySyncAgent,1.0158828277294991
Ysi,1.084996712458418
MyAgent,0.972349629098626
Ysi,1.0996573347640222
Group3,1.07816148638065
PenaltyAvoidAgent,1.0670233796669613
Agent03Agent,1.0672790148337925
Group3,0.8718966587735368
OneshotOmegaNegotiator,1.0218454842587708
Agent03Agent,1.089275306788712
LatticeOneShotAgent,1.1237248162772946
IsobeAgent,1.0072016322513415
Agent03Agent,1.0479223103650186
SteadySyncAgent,0.7723261857068907
Agent03Agent,1.144179953948664
SteadySyncAgent,1.065661664131804
AssariAsari,1.13140068468206
OneshotOmegaNegotiator,1.0890841836865532
PenaltyAvoidAgent,1.026245101042177
Supvelikos,1.1014283669363598
Agent03Agent,1.0470204767017932
SBDOneShot,1.0606623638777082
Ysi,1.113607187023451
Oneshot,1.2334900258705266
SteadySyncAgent,0.9378062353194578
EFRDistOneShotAgent,1.057290491245898
Oneshot,1.0366642583978298
OneshotOmegaNegotiator,1.0610758809516625
EFRDistOneShotAgent,0.9857155286917838
YamashitaAgent,1.066167665602754
Supvelikos,1.1094101724106586
LatticeOneShotAgent,1.0929452193248432
LatticeOneShotAgent,1.045767790530875
Agent03Agent,1.0608850710428943
IsobeAgent,1.0956625789931558
MyAgent,0.8996056544460723
SteadySyncAgent,1.058643882579326
Supvelikos,1.1099785995876283
Group3,1.004663752426495
Agent03Agent,1.0257839342318953
BayesianAgent,1.0751089495638602
IsobeAgent,0.942408355129792
BayesianAgent,1.1271599321396717
IsobeAgent,0.9321708050506295
TimeWeightedAgent,1.1497449945183162
YamashitaAgent,1.043280333222366
IsobeAgent,1.108323709032237
Agent03Agent,1.1009921712218191
OneshotOmegaNegotiator,1.123719933223485
MyAgent,0.9266900804068258
Oneshot,1.1286788173910542
PenaltyAvoidAgent,1.0956539316757632
Agent03Agent,1.1289360899309222
IsobeAgent,1.0697363434799163
SBDOneShot,1.0465965578633232
SteadySyncAgent,1.0600990474789405
MyAgent,1.026867331744423
TimeWeightedAgent,1.0687781200727429
PenaltyAvoidAgent,1.0296292218645522
BayesianAgent,1.0740799243649464
IsobeAgent,1.005566882050556
BayesianAgent,1.1473093418815543
Group3,0.8619071419227996
AssariAsari,1.2414586190286072
PenaltyAvoidAgent,1.157040562134225
IsobeAgent,1.142169121369397
Group3,0.8371603521906793
SteadySyncAgent,1.2814050383086342
Agent03Agent,1.0230690425056426
SteadySyncAgent,1.086051342401255
OneshotOmegaNegotiator,1.1224328463294797
LatticeOneShotAgent,1.1202527479760416
YamashitaAgent,1.1276571660703665
Ysi,1.0824647619108698
Oneshot,1.0356441429591663
Agent03Agent,1.0622438604030795
MyAgent,1.003108299538116
OneshotOmegaNegotiator,1.0781047186630164
Agent03Agent,1.1152628053652769
YamashitaAgent,1.1481744436949823
TimeWeightedAgent,1.040409262539954
SBDOneShot,1.0568807669092877
IsobeAgent,1.1096509471468743
Ysi,1.0565112064186744
YamashitaAgent,1.1257386692468636
SBDOneShot,1.0841861268768511
TimeWeightedAgent,1.0452017371706144
YamashitaAgent,1.0709872202391704
BayesianAgent,1.048542691542935
OneshotOmegaNegotiator,1.1415975729122334
YamashitaAgent,1.1392339476864692
Ysi,1.21087608547421
Oneshot,1.025334697143484
BayesianAgent,1.0695745191743755
AssariAsari,1.133513001675286
TimeWeightedAgent,1.0829159690245125
Agent03Agent,1.0541752749737474
IsobeAgent,1.1003324809305144
SteadySyncAgent,1.0599080168936958
Ysi,1.044344523583575
AssariAsari,1.1270501684883745
SteadySyncAgent,1.111138063472812
AssariAsari,1.050554687899262
MyAgent,0.8975691995972929
Supvelikos,1.0207622064363846
SteadySyncAgent,1.083996437350096
PenaltyAvoidAgent,1.029446119066834
MyAgent,1.0894582875806134
SBDOneShot,1.1297639883018171
Ysi,1.0603358438239157
AssariAsari,1.0349769790583692
SBDOneShot,1.0935907106818028
BayesianAgent,1.0452819780582223
LatticeOneShotAgent,1.1747285017858795
MyAgent,0.9943135788844591
BayesianAgent,1.0875751257205937
MyAgent,1.0665200145031124
YamashitaAgent,1.1046361761769194
Ysi,0.9723182636456073
LatticeOneShotAgent,1.133477375876814
OneshotOmegaNegotiator,1.1508307744839796
Supvelikos,1.06111214541222
OneshotOmegaNegotiator,1.0454802775165732
LatticeOneShotAgent,1.069110721833633
EFRDistOneShotAgent,1.043797171236367
YamashitaAgent,1.138811517715874
BayesianAgent,1.028450324320853
Agent03Agent,1.0253966250899234
LatticeOneShotAgent,1.0622290000984949
Ysi,1.119344805418835
LatticeOneShotAgent,1.1277202545193163
AssariAsari,1.0946432181119872
IsobeAgent,1.0785738209752946
Oneshot,1.075141157296754
TimeWeightedAgent,1.140197967647938
Supvelikos,1.2075215572501714
MyAgent,0.9180253715712384
BayesianAgent,1.238197425812781
AssariAsari,1.0321109755314366
TimeWeightedAgent,1.062850292661206
OneshotOmegaNegotiator,1.0606614183759744
Supvelikos,1.177546293033226
AssariAsari,1.093566422676535
SteadySyncAgent,1.1680876580091262
Supvelikos,1.014148119752012
AssariAsari,1.126358109156769
Oneshot,1.0136936715448828
YamashitaAgent,1.0618716413599152
Oneshot,1.025137111513293
TimeWeightedAgent,1.0725784633476612
Supvelikos,1.0240719499401454
Agent03Agent,1.0883192604108762
OneshotOmegaNegotiator,1.0312394431654297
Group3,1.0419372995702243
Group3,0.9450866941792756
EFRDistOneShotAgent,1.0665878425910853
AssariAsari,1.1354068031174884
Ysi,1.0585188349480732
BayesianAgent,1.0378668300320997
AssariAsari,1.0725025276820184
PenaltyAvoidAgent,1.0186583184892124
LatticeOneShotAgent,1.1704895503917283
AssariAsari,1.032432085286751
Group3,1.0543839135723097
Agent03Agent,1.0498180441650098
YamashitaAgent,1.0934625291303814
AssariAsari,1.0334037866799943
LatticeOneShotAgent,1.1079937815781509
YamashitaAgent,1.0277211660670356
PenaltyAvoidAgent,1.1011559514708176
Agent03Agent,1.0456669100687248
YamashitaAgent,1.0651275126302726
Agent03Agent,0.9930189557944618
Group3,0.9983677862706376
OneshotOmegaNegotiator,1.120396780042243
LatticeOneShotAgent,1.0924600768142307
OneshotOmegaNegotiator,1.1236194438661895
Group3,1.1072188243207846
OneshotOmegaNegotiator,1.0346461446103847
SBDOneShot,1.0454092113770277
MyAgent,1.0683589250109795
Ysi,1.028247331606306
YamashitaAgent,1.130019175451026
TimeWeightedAgent,1.0774602196049512
BayesianAgent,1.166727075027184
Supvelikos,1.064056382145654
Ysi,1.0771492160597338
Agent03Agent,1.0558174893625696
AssariAsari,1.0161649029767996
Supvelikos,1.1391628539290897
SBDOneShot,1.12255802475489
AssariAsari,1.2321432246690502
SteadySyncAgent,1.0846927511345517
MyAgent,1.002086244646912
LatticeOneShotAgent,1.024092519809268
Supvelikos,1.1097049057382946
YamashitaAgent,1.0557105232257642
MyAgent,1.0123793294817138
Ysi,1.0552275309352894
OneshotOmegaNegotiator,1.1366361488867638
Oneshot,1.0100752754965532
SteadySyncAgent,1.0742474640219886
TimeWeightedAgent,1.1287671232876713
Group3,0.9607495394051232
MyAgent,0.95259997978971
Group3,1.107352347888294
AssariAsari,1.0518678604507563
EFRDistOneShotAgent,1.0453373919108662
LatticeOneShotAgent,1.165639724537876
IsobeAgent,0.994431947663958
SBDOneShot,1.0263688465372598
YamashitaAgent,1.174536788695095
Agent03Agent,1.1561855129618286
IsobeAgent,0.9829758652712856
SBDOneShot,1.0406251771766717
Supvelikos,1.0659729568882554
EFRDistOneShotAgent,0.9787349489566466
MyAgent,1.024816376485583
LatticeOneShotAgent,1.123723217976943
SteadySyncAgent,1.1032114703646372
Ysi,1.1567388324284815
PenaltyAvoidAgent,1.0712607674236492
OneshotOmegaNegotiator,1.0538674298626576
Ysi,1.1562426563050443
PenaltyAvoidAgent,1.0416360312149295
SBDOneShot,1.141634868510248
MyAgent,1.0507862650623674
LatticeOneShotAgent,1.0924600768142307
LatticeOneShotAgent,1.0497038483575236
Oneshot,1.065121811899126
OneshotOmegaNegotiator,1.1534143619038753
TimeWeightedAgent,1.2570079355129606
Ysi,1.1266124190542153
OneshotOmegaNegotiator,1.0918344326718117
AssariAsari,1.052948440876814
Agent03Agent,1.0634259530151862
SBDOneShot,1.1068978581015263
SteadySyncAgent,1.2278154798686487
AssariAsari,1.0517134918184623
OneshotOmegaNegotiator,1.061310214205543
LatticeOneShotAgent,1.0806451612903225
Agent03Agent,1.0561597097876618
BayesianAgent,1.0318037922497834
SBDOneShot,1.0867742264557236
LatticeOneShotAgent,1.04778185933415
SteadySyncAgent,0.7410587077832598
BayesianAgent,1.1270919055714053
PenaltyAvoidAgent,1.129138419008754
OneshotOmegaNegotiator,1.121708080542071
Agent03Agent,1.070696697880668
BayesianAgent,1.028450324320853
MyAgent,1.0037284927618415
Agent03Agent,1.1516463977818725
AssariAsari,1.0653615244061605
OneshotOmegaNegotiator,1.129728695288158
Oneshot,1.0896909884079964
BayesianAgent,1.166364624864081
EFRDistOneShotAgent,0.9587776967342098
SteadySyncAgent,1.0351385928767285
TimeWeightedAgent,1.0643154078453558
EFRDistOneShotAgent,0.9905313389642024
SteadySyncAgent,1.0662140293568805
SBDOneShot,1.0180035928008526
Supvelikos,1.1046065950882566
AssariAsari,1.0187987234926306
IsobeAgent,1.0995652215639935
SteadySyncAgent,0.817377317260755
AssariAsari,1.176348277545561
BayesianAgent,1.0327173803769405
LatticeOneShotAgent,1.143955346160401
PenaltyAvoidAgent,1.1291780821917807
Supvelikos,1.1263081682353715
SBDOneShot,1.1504905308035378
AssariAsari,1.0701122422344036
LatticeOneShotAgent,1.0602466771588224
MyAgent,1.08466976885537
Supvelikos,1.1599290094396877
PenaltyAvoidAgent,1.0685982772122162
Agent03Agent,0.9902709481329826
EFRDistOneShotAgent,0.9632574565320784
BayesianAgent,1.1308908150630053
IsobeAgent,1.023062925495702
IsobeAgent,1.101807283481177
Ysi,1.0155830736098903
MyAgent,1.0650872731523338
Ysi,1.0735761148917764
Supvelikos,1.025953931533578
SBDOneShot,1.1015456255665124
Ysi,1.0193968702233496
AssariAsari,1.0700661486095948
YamashitaAgent,1.15818928640123
Agent03Agent,1.0240252459394714
Group3,0.8488065788872586
Agent03Agent,1.1391809078558106
OneshotOmegaNegotiator,1.1245536745759996
YamashitaAgent,1.0941176470588236
Group3,0.97751121688989
SBDOneShot,1.0388509653160778
PenaltyAvoidAgent,1.0079394085473912
LatticeOneShotAgent,1.069937704707469
Group3,0.9735625924338932
OneshotOmegaNegotiator,1.088735516373634
YamashitaAgent,1.0284510164364764
TimeWeightedAgent,1.0602621733123236
AssariAsari,1.0821170121427697
SBDOneShot,1.0600940323752424
PenaltyAvoidAgent,1.0503836825152304
EFRDistOneShotAgent,1.1296174443087352
IsobeAgent,0.9948884523528694
Ysi,1.083334335861149
Oneshot,1.1663382766729868
Ysi,1.009598034238607
PenaltyAvoidAgent,1.1595910981594506
MyAgent,0.9212673548500836
IsobeAgent,1.1116122074576305
Ysi,1.234340778099127
Agent03Agent,1.127043323791393
BayesianAgent,1.0924699990341709
OneshotOmegaNegotiator,1.125740078165098
PenaltyAvoidAgent,1.129928256433884
MyAgent,0.992017353229504
Group3,1.0506099567815337
SteadySyncAgent,1.0375654269513748
Group3,1.0346759562655126
Group3,0.8571932456381312
Supvelikos,1.1681199677241163
AssariAsari,1.0518678604507563
TimeWeightedAgent,1.0599167197592465
EFRDistOneShotAgent,1.0288767233552214
Supvelikos,1.1533948010089965
SBDOneShot,1.1418708067017318
SteadySyncAgent,1.06032976663558
MyAgent,0.9561052007472672
BayesianAgent,1.071988422350231
Supvelikos,1.054359560947426
IsobeAgent,1.0328075364108285
Agent03Agent,1.1520142112783112
YamashitaAgent,1.0486315031855389
Group3,0.9936681778350678
SBDOneShot,1.0843404436063862
MyAgent,0.9694602333194616
BayesianAgent,1.080821070189922
SteadySyncAgent,1.0651869043294524
YamashitaAgent,1.1036322221178598
Agent03Agent,1.0049420431253333
LatticeOneShotAgent,1.1711542491681557
OneshotOmegaNegotiator,1.1287671232876713
Oneshot,1.079717592211139
Ysi,1.012785295048931
BayesianAgent,1.1415772571986609
SteadySyncAgent,0.9796063900312388
Ysi,1.1181642005086934
AssariAsari,0.9662442901216156
MyAgent,0.9820262296500402
Oneshot,1.0144159033691382
Group3,0.9838486763133656
BayesianAgent,1.0258266729868424
Oneshot,1.058356633277342
Group3,0.9888277657385902
MyAgent,1.059454593113358
Oneshot,1.044313478041225
EFRDistOneShotAgent,1.0598613056428412
YamashitaAgent,1.0413204357118189
EFRDistOneShotAgent,1.0777271275795035
LatticeOneShotAgent,1.0491294316435766
YamashitaAgent,1.1499692779874475
Group3,1.026493209671908
Oneshot,1.0695665058899193
IsobeAgent,1.0010721177619677
LatticeOneShotAgent,1.0695523730010918
OneshotOmegaNegotiator,1.031255891497826
SteadySyncAgent,1.0761672339605677
Oneshot,1.128462094835898
SBDOneShot,1.1818077164194924
OneshotOmegaNegotiator,1.0472435119728258
Agent03Agent,1.1189388922272616
Agent03Agent,1.0460289931330171
LatticeOneShotAgent,1.070083170258031
Group3,0.9461836089408814
SBDOneShot,1.1282530214825344
Oneshot,1.0370735044366937
AssariAsari,1.0949343799828284
TimeWeightedAgent,0.9928803497371896
Oneshot,1.1576440046010832
Group3,1.0336129911675942
EFRDistOneShotAgent,1.014388955946816
Ysi,1.0529950389891531
MyAgent,1.0063839061169764
YamashitaAgent,1.1257395303045332
Oneshot,1.0747884035908768
Agent03Agent,1.0548339050369238
MyAgent,1.0265583000950098
OneshotOmegaNegotiator,1.0127780900235466
Oneshot,1.132791555623758
PenaltyAvoidAgent,1.0085971267879894
AssariAsari,1.1366289310314692
Supvelikos,1.1234028092640542
SteadySyncAgent,1.1183459499556103
SBDOneShot,1.0084144338199494
Supvelikos,1.0690385973925889
Ysi,1.150059658436956
BayesianAgent,1.2713551775509633
YamashitaAgent,1.1288258815913563
EFRDistOneShotAgent,1.0776020566735636
SteadySyncAgent,1.0579070360878124
Ysi,1.0627363861456425
Ysi,1.1276638701258697
IsobeAgent,1.061345692837087
MyAgent,1.0104670765781336
AssariAsari,1.0921474369344042
Group3,0.7799705273640697
LatticeOneShotAgent,1.3063307233431916
Group3,1.196357375860819
SteadySyncAgent,1.0616779093283748
YamashitaAgent,1.0492573859071743
IsobeAgent,1.1468098572389631
PenaltyAvoidAgent,1.07122922691287
Supvelikos,1.091116474107816
YamashitaAgent,1.0748914185969232
Agent03Agent,1.0552464652815288
TimeWeightedAgent,1.0437112028554465
PenaltyAvoidAgent,1.0744056807656683
TimeWeightedAgent,1.0466392470935928
IsobeAgent,1.0755095783594435
AssariAsari,1.052716887928373
IsobeAgent,1.0137677273815964
YamashitaAgent,1.0261356779216608
EFRDistOneShotAgent,1.0365080171179413
YamashitaAgent,1.0266832056604267
Group3,0.945305501485138
EFRDistOneShotAgent,1.0300811654079525
SBDOneShot,1.0698125022059284
Oneshot,1.0331483511184674
YamashitaAgent,1.1718341689814822
SteadySyncAgent,1.1277894982736394
IsobeAgent,0.9469294518604764
YamashitaAgent,1.0579757098611766
Ysi,1.1091016716915378
OneshotOmegaNegotiator,1.034513282068951
EFRDistOneShotAgent,1.1130939447240984
IsobeAgent,1.1095443472548523
YamashitaAgent,1.1002680085224104
Supvelikos,1.026792207142596
IsobeAgent,1.0627472318424915
AssariAsari,1.0351255012624387
Supvelikos,1.1067628193590129
EFRDistOneShotAgent,1.0302932573750012
YamashitaAgent,1.0691151148022953
OneshotOmegaNegotiator,0.969337519008182
Supvelikos,1.0726350266521096
PenaltyAvoidAgent,1.1283010000324216
Agent03Agent,1.0872074925109276
EFRDistOneShotAgent,1.1141309472233063
PenaltyAvoidAgent,1.0958560743885184
SBDOneShot,1.0424263885324818
Group3,1.0706773778488214
Agent03Agent,1.0415472174967522
Oneshot,1.122883938780424
MyAgent,0.9367212433102295
YamashitaAgent,1.1729092230885934
Agent03Agent,1.0216713571697356
EFRDistOneShotAgent,1.054370330649498
IsobeAgent,1.0956136553078142
SBDOneShot,1.218051814824202
BayesianAgent,1.1389423054026968
Group3,0.2279266032935354
YamashitaAgent,1.1277192632456912
SteadySyncAgent,1.109261029471421
Oneshot,1.1257431730583765
AssariAsari,1.1184787428609275
Agent03Agent,1.023972103525077
TimeWeightedAgent,1.076700056195622
IsobeAgent,1.0027640108643612
Oneshot,1.066877723365403
Ysi,1.017346350700226
TimeWeightedAgent,1.0661666449891156
Supvelikos,1.0160372089300662
SteadySyncAgent,1.1467645390069523
Agent03Agent,1.0351376634572944
BayesianAgent,1.1350097022504455
YamashitaAgent,1.027786157749868
Supvelikos,1.1004404028807824
Agent03Agent,1.1300099809373392
LatticeOneShotAgent,1.122293161324294
Supvelikos,1.131692038750091
SteadySyncAgent,1.1105088092350517
SBDOneShot,1.0162754935553304
LatticeOneShotAgent,1.0957316325279038
IsobeAgent,1.0240950120369288
AssariAsari,1.069809260805343
MyAgent,0.9725270335870424
LatticeOneShotAgent,1.1094736846540467
LatticeOneShotAgent,1.1655491119971004
PenaltyAvoidAgent,1.0690159227355782
BayesianAgent,1.0455266153081677
Oneshot,1.0682114763625383
MyAgent,1.0136019465812989
IsobeAgent,0.9525434638418612
Oneshot,1.0476921025644814
PenaltyAvoidAgent,1.0754090768755789
SteadySyncAgent,0.962585608857565
Oneshot,1.1319718726473
MyAgent,0.7806662905325084
IsobeAgent,1.0090115865175773
OneshotOmegaNegotiator,1.0510070724667293
TimeWeightedAgent,1.145460934412103
LatticeOneShotAgent,1.0565825276113625
AssariAsari,1.145542850200882
AssariAsari,1.1693548387096775
MyAgent,0.9077909862616974
Ysi,1.1475828686646814
Supvelikos,1.2291875230431577
EFRDistOneShotAgent,0.9952130319713248
Oneshot,1.044851738893522
Agent03Agent,1.1282383134198393
AssariAsari,1.121174224972027
Oneshot,1.065747325926346
TimeWeightedAgent,1.0721547617733345
BayesianAgent,1.0530611956805052
EFRDistOneShotAgent,1.1215048163063028
Supvelikos,1.1190258105537687
OneshotOmegaNegotiator,1.118612838698403
Oneshot,1.0508838464621677
Supvelikos,1.1562467587251133
LatticeOneShotAgent,1.1286790899690369
OneshotOmegaNegotiator,1.0871903499662907
YamashitaAgent,1.0536402803646243
TimeWeightedAgent,1.115517182628118
Ysi,1.0446261232037546
OneshotOmegaNegotiator,1.0638432274183145
EFRDistOneShotAgent,1.1183290651986193
YamashitaAgent,1.051667060644628
AssariAsari,1.032496307237814
SteadySyncAgent,1.073932161139137
LatticeOneShotAgent,1.038977399392511
OneshotOmegaNegotiator,1.163768933219548
OneshotOmegaNegotiator,1.1387230881568269
PenaltyAvoidAgent,1.1281959793079492
LatticeOneShotAgent,1.1657303370786516
EFRDistOneShotAgent,0.9484882984521064
Supvelikos,1.157583563838263
BayesianAgent,1.0562777342730358
AssariAsari,1.0075854403087403
PenaltyAvoidAgent,1.1722142604199366
PenaltyAvoidAgent,1.0534887310898426
TimeWeightedAgent,1.05559611935038
TimeWeightedAgent,1.123726460212883
AssariAsari,1.1217007832554466
SteadySyncAgent,0.7786182986068528
MyAgent,0.8854912141101153
YamashitaAgent,1.0497050370901924
Oneshot,1.0670766158013942
SBDOneShot,0.9848038363803946
LatticeOneShotAgent,1.0721854729946696
Oneshot,1.126749232663023
YamashitaAgent,1.0767653514700168
Group3,1.0616336865918965
MyAgent,1.027012465009879
BayesianAgent,1.0440537896343989
SteadySyncAgent,1.0629270874507115
BayesianAgent,1.0285787682229786
SteadySyncAgent,1.0274151232500168
OneshotOmegaNegotiator,1.150471312741753
IsobeAgent,1.00816783551888
LatticeOneShotAgent,1.122250263297043
BayesianAgent,1.0923792197291289
OneshotOmegaNegotiator,1.0667942070370433
SBDOneShot,1.0649231531747672
OneshotOmegaNegotiator,1.1544918774192874
BayesianAgent,1.283977273016788
YamashitaAgent,1.1634859858541535
TimeWeightedAgent,1.0271099288064374
OneshotOmegaNegotiator,1.149492439182996
SteadySyncAgent,1.0620541856041743
YamashitaAgent,1.1257402047803924
PenaltyAvoidAgent,1.129401698150464
SteadySyncAgent,0.9859794513282032
Agent03Agent,1.080581465613757
IsobeAgent,1.1165256161723345
LatticeOneShotAgent,1.0973615676860244
OneshotOmegaNegotiator,1.0555209249999602
Ysi,1.1267962446928406
Agent03Agent,1.042043343921091
IsobeAgent,1.091695037808693
Supvelikos,1.1307451380289897
SBDOneShot,1.0862539056661995
Oneshot,1.01206190336766
PenaltyAvoidAgent,1.075203904694625
EFRDistOneShotAgent,1.0247582467557472
IsobeAgent,1.057874281233825
Agent03Agent,1.153769842481072
Supvelikos,1.0625946228138867
MyAgent,0.994871551033385
TimeWeightedAgent,1.0725202640533629
LatticeOneShotAgent,1.031918309678248
YamashitaAgent,1.0712863656797893
AssariAsari,1.1307451380289897
EFRDistOneShotAgent,1.0807968515181354
AssariAsari,1.032367863335688
BayesianAgent,1.0665339413011368
OneshotOmegaNegotiator,0.9744193955441744
AssariAsari,1.0703230364138463
EFRDistOneShotAgent,1.1137465858655706
TimeWeightedAgent,1.0534566021420475
PenaltyAvoidAgent,1.0426653962389274
Supvelikos,1.0615522261797308
PenaltyAvoidAgent,1.0305188815882056
Agent03Agent,1.064956694206148
MyAgent,0.8569470691560631
EFRDistOneShotAgent,1.042168654341587
AssariAsari,1.16971728887278
TimeWeightedAgent,1.0175734131468286
BayesianAgent,1.130514014949539
AssariAsari,1.0970735125000637
Agent03Agent,1.1583057980129603
OneshotOmegaNegotiator,1.048312948200434
SteadySyncAgent,0.8159448829835056
LatticeOneShotAgent,1.04961292170168
Ysi,1.1245651980688818
AssariAsari,1.0982009298564788
Group3,1.0557270494279605
BayesianAgent,1.1300559064142446
Ysi,1.1557258242174129
Supvelikos,1.0588374223580437
YamashitaAgent,1.16253140914169
Group3,0.988646744587485
AssariAsari,1.0810744511222865
MyAgent,1.0025225110521363
EFRDistOneShotAgent,1.0181877013249003
Oneshot,1.0755297700505644
YamashitaAgent,1.159714128762505
IsobeAgent,0.9800889070842826
OneshotOmegaNegotiator,1.0837728443517725
YamashitaAgent,1.0898741659171822
EFRDistOneShotAgent,1.1003329003658455
Ysi,1.1761506964106865
PenaltyAvoidAgent,1.1468002901986367
TimeWeightedAgent,1.2611001892515423
SteadySyncAgent,0.9103612645548383
YamashitaAgent,1.167435681710857
LatticeOneShotAgent,1.0319222353758313
PenaltyAvoidAgent,1.075525014449939
BayesianAgent,1.1307451380289897
PenaltyAvoidAgent,1.096462502526784
LatticeOneShotAgent,1.1266873002222884
Agent03Agent,1.0793552175094454
YamashitaAgent,1.1446292484678309
Supvelikos,1.2163247683079952
EFRDistOneShotAgent,1.007850231345118
OneshotOmegaNegotiator,1.0792527940691097
TimeWeightedAgent,1.0744435751782533
Supvelikos,1.0905228831196487
Group3,1.03428085545765
BayesianAgent,1.0844834994311388
Ysi,1.0217001983968057
SBDOneShot,1.035385469783127
SteadySyncAgent,0.9260849979886432
Group3,1.1060909113098931
MyAgent,0.9064810639718884
IsobeAgent,1.058339712128371
LatticeOneShotAgent,1.0369356860043786
SteadySyncAgent,1.1379634965486265
Supvelikos,1.0332027486995057
Group3,0.9631034082207424
Supvelikos,1.034630698337338
SBDOneShot,1.0217286808484989
LatticeOneShotAgent,1.1313698630136986
Ysi,1.0738672961824671
PenaltyAvoidAgent,1.1120795248302395
LatticeOneShotAgent,1.1134952488272174
Agent03Agent,1.0220890545093535
Supvelikos,1.1015420803937348
Oneshot,1.04807811434881
LatticeOneShotAgent,1.0710671564250165
YamashitaAgent,1.0240166069732857
Oneshot,1.0737438015113543
IsobeAgent,1.0779979261847306
Group3,1.106104466687569
SteadySyncAgent,0.8869030189941349
SBDOneShot,1.1478279293299138
SBDOneShot,1.0513572924033756
AssariAsari,1.1540497242835772
SteadySyncAgent,1.199166364624864
TimeWeightedAgent,1.039264931534583
OneshotOmegaNegotiator,1.0738075659190545
IsobeAgent,0.9577083293199734
BayesianAgent,1.146437802362974
Supvelikos,1.2484468257252976
SBDOneShot,1.02170631928973
IsobeAgent,1.0750955221710248
SBDOneShot,1.126635367270841
SteadySyncAgent,1.104740167674391
Oneshot,1.162545302073384
IsobeAgent,0.9757743716251532
IsobeAgent,1.0242404939727452
MyAgent,1.0161379167140034
MyAgent,1.0371155963419592
AssariAsari,1.0656074634066182
Agent03Agent,1.0615897503833234
EFRDistOneShotAgent,1.028467904038993
SteadySyncAgent,0.9141250108102432
AssariAsari,1.2683781449439284
EFRDistOneShotAgent,0.980878460385551
Agent03Agent,1.023901439011232
PenaltyAvoidAgent,1.0947882229463066
LatticeOneShotAgent,1.2841050498414108
IsobeAgent,1.1029941427280097
Oneshot,1.0847258024579145
OneshotOmegaNegotiator,1.0667377663414874
LatticeOneShotAgent,1.098307371519686
Group3,1.08143496524419
Oneshot,1.0691184037888617
YamashitaAgent,1.0327531950420654
OneshotOmegaNegotiator,1.0631607521536723
EFRDistOneShotAgent,1.1287671232876713
Group3,0.997658438641976
TimeWeightedAgent,1.1478836934699697
SteadySyncAgent,1.07008007080187
BayesianAgent,1.0227946829560617
IsobeAgent,1.0713752080665206
LatticeOneShotAgent,1.0329205187005943
SteadySyncAgent,1.0633782944122765
LatticeOneShotAgent,1.0524024274988155
Supvelikos,1.1724736260056146
BayesianAgent,1.069294900305773
MyAgent,1.074213464193608
SteadySyncAgent,1.0078077822642448
Group3,0.9951916548356888
LatticeOneShotAgent,1.1641364165833707
YamashitaAgent,1.0489196001909369
LatticeOneShotAgent,1.050710095708552
Ysi,1.0621818471732165
SBDOneShot,1.0229385878628856
MyAgent,1.0357567356373485
SBDOneShot,1.054789976504783
Ysi,1.1299688874780212
SBDOneShot,1.128904109589041
MyAgent,1.02904482001373
IsobeAgent,1.0258337405429083
SteadySyncAgent,0.7652993794638349
Group3,0.930560375352485
OneshotOmegaNegotiator,1.1208839046754149
SteadySyncAgent,0.906548456681018
TimeWeightedAgent,1.2187776856787442
BayesianAgent,1.1542060746867675
Oneshot,1.028120429875663
YamashitaAgent,1.1608059742311565
Ysi,1.0074910681619875
IsobeAgent,1.0293219498536912
LatticeOneShotAgent,1.0719621596708535
OneshotOmegaNegotiator,1.05543500792806
AssariAsari,1.0952410155770882
Ysi,1.125581248804998
YamashitaAgent,1.0950475035374976
Group3,1.0222114887832068
Ysi,1.0662419647016492
SteadySyncAgent,1.0803642847632806
BayesianAgent,1.0876364528394455
Agent03Agent,1.023426781771002
AssariAsari,1.1168560099389442
Agent03Agent,1.1431835860598327
Group3,0.1574750436198303
Group3,0.9712385969315348
TimeWeightedAgent,1.0652453227189376
TimeWeightedAgent,1.1418549787998062
Ysi,1.180879980601694
PenaltyAvoidAgent,1.079843189432405
Oneshot,1.0633732874334771
YamashitaAgent,1.0279441014757262
AssariAsari,1.104850956770167
EFRDistOneShotAgent,1.007475111647195
Agent03Agent,1.06057273729407
EFRDistOneShotAgent,1.020700673887502
AssariAsari,1.074945970978697
PenaltyAvoidAgent,1.0530897300226436
Agent03Agent,1.1604837368849572
SteadySyncAgent,0.9486179603334252
OneshotOmegaNegotiator,1.0916845659543288
TimeWeightedAgent,1.1257104174265276
LatticeOneShotAgent,1.1166307536111757
SteadySyncAgent,1.0535006092095784
TimeWeightedAgent,1.0621875657239686
EFRDistOneShotAgent,1.1168093888530015
Supvelikos,1.1025686934494467
PenaltyAvoidAgent,1.0336211747992583
Group3,0.9224552256821666
EFRDistOneShotAgent,0.9734838633277592
OneshotOmegaNegotiator,1.0722848701261003
TimeWeightedAgent,1.042042956712187
PenaltyAvoidAgent,1.1828645181230055
TimeWeightedAgent,1.0261571218308745
Ysi,1.0491792572175744
Supvelikos,1.0807190781526417
Oneshot,1.0639433487712613
Supvelikos,1.157604282925381
SBDOneShot,1.0451496850980262
YamashitaAgent,1.078891108729903
AssariAsari,1.094332491513209
SBDOneShot,1.1380913781980533
BayesianAgent,1.0545026210545227
MyAgent,1.0360031473971345
AssariAsari,1.0941554098711754
PenaltyAvoidAgent,1.0355927888703809
LatticeOneShotAgent,1.1106735441573787
YamashitaAgent,1.1210719883294826
BayesianAgent,1.0923792197291289
OneshotOmegaNegotiator,1.0324286397696645
LatticeOneShotAgent,1.0718001412882925
BayesianAgent,1.1294520547945206
YamashitaAgent,1.1147833886166885
Oneshot,1.025669991125547
OneshotOmegaNegotiator,1.0864249648312363
PenaltyAvoidAgent,1.0774567306125638
EFRDistOneShotAgent,1.1977202644431844
TimeWeightedAgent,1.1235530104004614
AssariAsari,1.09747321609056
YamashitaAgent,1.1277192734447077
AssariAsari,1.096502931069335
BayesianAgent,1.1226982717788478
Agent03Agent,1.086110547726213
Oneshot,1.0548411232053498
EFRDistOneShotAgent,1.0338413613177004
PenaltyAvoidAgent,1.0845087697779958
AssariAsari,1.0951073962924165
TimeWeightedAgent,1.060595535899113
Agent03Agent,1.0616437759954838
MyAgent,1.0217982780251895
SBDOneShot,1.0809187090380812
LatticeOneShotAgent,1.1287513882661313
Supvelikos,1.0957752173034163
Supvelikos,1.019992708657094
PenaltyAvoidAgent,1.181322261800134
EFRDistOneShotAgent,1.1169463864436626
YamashitaAgent,1.1176802608248453
Ysi,1.0194094995467755
LatticeOneShotAgent,1.072442360798921
LatticeOneShotAgent,1.0534988352050023
TimeWeightedAgent,1.1240248546804783
SteadySyncAgent,1.0188972412247976
TimeWeightedAgent,1.0817568737793777
EFRDistOneShotAgent,1.030939338000898
SteadySyncAgent,1.0625228641236848
Oneshot,1.0542638637350532
SteadySyncAgent,1.062029192169342
Ysi,1.0514377183474868
EFRDistOneShotAgent,1.0713370103151234
SBDOneShot,1.0438884325257198
OneshotOmegaNegotiator,1.0610950164517117
Agent03Agent,1.0430414811463793
PenaltyAvoidAgent,1.1820315687847711
SteadySyncAgent,1.0328368320628525
MyAgent,1.0127501972229187
MyAgent,1.0100216655679373
EFRDistOneShotAgent,1.0256180325541433
Oneshot,1.1286799814308073
EFRDistOneShotAgent,1.0778384952513949
Oneshot,1.12543208900225
EFRDistOneShotAgent,1.0865013380984374
OneshotOmegaNegotiator,1.0397501347254556
Agent03Agent,1.0651273856669146
AssariAsari,1.164522923997171
SBDOneShot,1.0394737883051517
TimeWeightedAgent,1.054255776531468
MyAgent,1.0243335224433368
Supvelikos,1.082975591806697
LatticeOneShotAgent,1.0912497322707917
MyAgent,1.0467451805532362
Ysi,1.082987174279879
IsobeAgent,1.0709996803342374
LatticeOneShotAgent,1.053635742784785
SBDOneShot,1.0556914175706664
OneshotOmegaNegotiator,1.1630653085878444
Group3,1.076267504939974
SteadySyncAgent,1.1026213857307443
Oneshot,1.0590716535188238
IsobeAgent,0.937294362757862
MyAgent,1.0040600058354985
PenaltyAvoidAgent,1.0748827949393105
SteadySyncAgent,1.0087446642738218
EFRDistOneShotAgent,1.0835987233343565
YamashitaAgent,1.0479225365831972
TimeWeightedAgent,1.0647226999107309
TimeWeightedAgent,1.011189004983776
AssariAsari,1.1756973402667443
Supvelikos,1.0514047545538747
BayesianAgent,1.073479468971905
OneshotOmegaNegotiator,1.0461192720103103
Ysi,1.0677058362704472
EFRDistOneShotAgent,1.0022769790531016
MyAgent,1.0867238620569704
Group3,0.9336421634209208
PenaltyAvoidAgent,1.0753323485967503
Supvelikos,1.1657987462033443
TimeWeightedAgent,1.0307420095955933
Agent03Agent,1.0609256811953411
BayesianAgent,1.0864213599923265
BayesianAgent,1.0784373850116522
Oneshot,1.0704612269656928
Oneshot,1.0461263509867402
BayesianAgent,1.0856369042503824
TimeWeightedAgent,1.0382699794857764
YamashitaAgent,1.1672696485054073
Agent03Agent,1.0579449588448615
MyAgent,1.0090664260058797
AssariAsari,1.0088390821589024
SteadySyncAgent,1.1582825854709478
MyAgent,1.061285169321107
YamashitaAgent,1.0554195053542894
AssariAsari,1.1332216476072547
MyAgent,1.005374066328206
SteadySyncAgent,0.961297195409072
IsobeAgent,1.0820751205636527
