agent_type,score
TimeWeightedAgent,1.1117582091336344
LatticeOneShotAgent,1.0582513051725302
BayesianAgent,1.175892535160476
AssariAsari,1.1612874143526866
BayesianAgent,1.1145322421298418
Supvelikos,1.0842028844870142
LatticeOneShotAgent,1.1133884528813724
Oneshot,1.0720910322688997
Ysi,0.9976830243832442
SteadySyncAgent,0.8832866209855452
SBDOneShot,1.0859836133490584
YamashitaAgent,1.0814123673618734
Agent03Agent,0.9690486081569883
SBDOneShot,1.130769200655659
Oneshot,1.158644001937355
BayesianAgent,1.113964144399404
OneshotOmegaNegotiator,1.0703476564500982
Agent03Agent,1.1593071576148075
Group3,1.1933643135971534
EFRDistOneShotAgent,1.1212001816234822
TimeWeightedAgent,1.068070033692051
OneshotOmegaNegotiator,1.1418126162678386
BayesianAgent,1.116048492496282
TimeWeightedAgent,1.037283151449683
YamashitaAgent,1.1161223431829963
BayesianAgent,1.0651405424182558
Agent03Agent,1.0889793468503703
Oneshot,1.0801655348444958
SBDOneShot,1.104829044852417
Supvelikos,1.0605300479610775
Group3,1.20101675735463
OneshotOmegaNegotiator,1.167571601810803
Supvelikos,1.2187641296156744
MyAgent,0.9560854983549006
Agent03Agent,0.946761110395256
TimeWeightedAgent,1.0993670685128818
Group3,1.151192196360194
SteadySyncAgent,1.179345937999957
LatticeOneShotAgent,1.152807516873583
Ysi,1.1632388331792864
Group3,1.1388583973655324
Supvelikos,1.079467069726805
EFRDistOneShotAgent,1.0732154628598212
PenaltyAvoidAgent,1.136938690865246
YamashitaAgent,1.1553017702453068
PenaltyAvoidAgent,1.1367053366155822
SteadySyncAgent,0.989106378255966
AssariAsari,1.082327113062569
Ysi,1.1388892167301137
SteadySyncAgent,1.1154877567476782
MyAgent,1.03643545053742
BayesianAgent,1.0805322893641285
EFRDistOneShotAgent,1.0355357013724225
TimeWeightedAgent,1.0322492757539952
SBDOneShot,1.1755521264543805
IsobeAgent,0.97740185029138
Supvelikos,1.1160294143503422
EFRDistOneShotAgent,0.9727956743139368
SteadySyncAgent,0.8676175107130729
EFRDistOneShotAgent,1.065092514248237
Supvelikos,1.1758023800937614
SteadySyncAgent,1.1858760171655975
Group3,1.0659387055607294
OneshotOmegaNegotiator,1.0791534135396712
Agent03Agent,1.070665919360463
BayesianAgent,1.1612645420565375
AssariAsari,0.8723913901215459
Group3,0.9031923284802714
Supvelikos,1.177530335792328
EFRDistOneShotAgent,1.040077518026407
PenaltyAvoidAgent,1.2253898399101957
Oneshot,1.147286082079621
YamashitaAgent,1.1193944646566414
Ysi,1.0292949122634727
BayesianAgent,0.9876594849904704
Ysi,1.1236463114903796
IsobeAgent,1.111404071915285
BayesianAgent,1.1609267940858277
SteadySyncAgent,1.097272634941576
LatticeOneShotAgent,1.0988205035235925
Ysi,0.9963861778248864
Supvelikos,0.9977198371877882
TimeWeightedAgent,1.1731000349913017
Supvelikos,1.1609267940858277
OneshotOmegaNegotiator,0.995845794980096
IsobeAgent,1.101243168572181
Oneshot,1.073377168438724
TimeWeightedAgent,1.0939347705446254
Supvelikos,0.8248144415336246
Oneshot,1.125431901393544
TimeWeightedAgent,1.1140124149800257
AssariAsari,1.0909998652822743
Supvelikos,1.1149069091480577
AssariAsari,1.0614570307723596
BayesianAgent,1.091234419284713
SteadySyncAgent,1.0091387760115522
SBDOneShot,1.1721565568035397
PenaltyAvoidAgent,1.0577383269280909
LatticeOneShotAgent,1.1518935453676644
YamashitaAgent,1.1504654335410065
IsobeAgent,1.1137631379533188
Group3,1.0660843282281285
LatticeOneShotAgent,1.171330978697845
Supvelikos,1.12620176365121
Oneshot,1.113392689852883
SBDOneShot,1.0766081711978184
AssariAsari,1.113735909291354
BayesianAgent,1.062506733734035
Agent03Agent,0.980073491488687
Supvelikos,1.0255902546942557
AssariAsari,1.222607385079126
LatticeOneShotAgent,1.166455598912687
Oneshot,1.1384915275912006
SBDOneShot,1.046477587675596
SBDOneShot,1.0086983152304991
Ysi,1.1191564093136424
Oneshot,1.1731565216980957
Ysi,1.1596748655584057
Ysi,1.0705749895523098
SBDOneShot,1.0803564989187942
TimeWeightedAgent,1.1827753640171057
PenaltyAvoidAgent,1.185380557648832
YamashitaAgent,1.1731569898836507
TimeWeightedAgent,1.1609267940858277
SteadySyncAgent,1.1045747062115276
AssariAsari,1.1968067774519386
IsobeAgent,1.0811258465452371
Group3,1.039978505453722
OneshotOmegaNegotiator,1.0933645621140031
BayesianAgent,1.0814123673618734
BayesianAgent,1.0705771354556182
MyAgent,0.8615421441685406
AssariAsari,1.0712087297146056
Group3,1.0446663511960246
TimeWeightedAgent,1.110770394917168
Oneshot,1.106392029541887
SteadySyncAgent,1.0946037647953384
TimeWeightedAgent,1.1596565302501505
TimeWeightedAgent,1.115677997482041
OneshotOmegaNegotiator,1.0742262526432056
SteadySyncAgent,1.0834102341802674
YamashitaAgent,1.0541965817396275
LatticeOneShotAgent,1.2153855981021238
Oneshot,1.122616521730946
EFRDistOneShotAgent,1.0599082705312022
Ysi,1.0284649809129756
MyAgent,1.0421656253635765
LatticeOneShotAgent,1.170127087178679
TimeWeightedAgent,1.1151334429738515
YamashitaAgent,1.0731455481901104
YamashitaAgent,1.094493230881815
TimeWeightedAgent,1.0739262372058749
SBDOneShot,1.0921927090005867
Oneshot,1.0800748489268894
IsobeAgent,0.9647586946094842
EFRDistOneShotAgent,1.0352663499637051
SBDOneShot,1.16398091756768
YamashitaAgent,1.131263998957908
Ysi,1.1756543908739858
SteadySyncAgent,1.1762084983147707
Ysi,1.1341622607717272
EFRDistOneShotAgent,1.0500727545983712
Oneshot,1.1757122250270464
LatticeOneShotAgent,1.1609267940858277
Ysi,1.084821457771936
EFRDistOneShotAgent,0.9736076679879264
MyAgent,0.9112594678110826
EFRDistOneShotAgent,1.0409072204856775
LatticeOneShotAgent,1.0932244150136436
Supvelikos,1.0756517614009278
MyAgent,1.0616726801693854
AssariAsari,1.054704873244806
Ysi,1.1004030047816495
AssariAsari,1.0622294504815102
Agent03Agent,1.0859177235145967
Ysi,1.0738807451159862
OneshotOmegaNegotiator,1.1546549357707194
PenaltyAvoidAgent,1.1651018269498714
Group3,1.0134974609823115
AssariAsari,1.1720737599842224
BayesianAgent,1.1758023800937614
Supvelikos,1.1611071042192571
IsobeAgent,1.0666034076513824
YamashitaAgent,1.043379309520946
YamashitaAgent,1.1138937830264637
LatticeOneShotAgent,1.0604534993610202
Agent03Agent,1.172626216568158
BayesianAgent,1.161039075825291
AssariAsari,1.094859129162093
TimeWeightedAgent,1.0737163532181706
TimeWeightedAgent,1.1744495918402844
OneshotOmegaNegotiator,1.159688416874164
Oneshot,1.1384914195456957
Ysi,1.046105461408671
BayesianAgent,1.0170996729789632
SteadySyncAgent,0.9026518031320736
AssariAsari,1.0707870155132293
PenaltyAvoidAgent,1.1924216407611103
Agent03Agent,1.156256683160383
LatticeOneShotAgent,1.1657961732086075
AssariAsari,1.1759826902271908
Group3,1.1287413835974531
Agent03Agent,1.0868461844309405
SBDOneShot,1.07825929042453
AssariAsari,1.0723279238947958
SBDOneShot,1.1665562274907937
SBDOneShot,1.0696829679291011
MyAgent,0.9197906196256992
OneshotOmegaNegotiator,0.9808474005515796
Supvelikos,1.04994132635206
PenaltyAvoidAgent,1.09144430292163
EFRDistOneShotAgent,0.9934950297720267
Oneshot,1.0130822646686282
IsobeAgent,1.0934822330873717
SteadySyncAgent,0.7728453946071632
BayesianAgent,1.1167198989308214
OneshotOmegaNegotiator,1.149304024890391
EFRDistOneShotAgent,1.1362821945232435
Oneshot,1.1757122250270464
OneshotOmegaNegotiator,1.159685314841303
Supvelikos,1.0927783405621778
TimeWeightedAgent,1.075965557214892
YamashitaAgent,1.1157520550988669
IsobeAgent,1.0338052774683797
Agent03Agent,1.0881597996327557
IsobeAgent,1.0217014395473714
YamashitaAgent,1.1492301876457205
Group3,0.9084876004601428
TimeWeightedAgent,1.1561887389714158
Ysi,1.1502498757515058
MyAgent,0.9248733165530338
Oneshot,1.1455801727205617
Group3,1.121562284146735
Supvelikos,1.1609267940858277
SteadySyncAgent,0.6832600018459969
IsobeAgent,1.0688264246198338
TimeWeightedAgent,1.0791266650369158
SteadySyncAgent,1.1330623339315802
MyAgent,0.8233127207070005
LatticeOneShotAgent,1.1703973967064392
Agent03Agent,1.115677997482041
OneshotOmegaNegotiator,1.065656018285136
PenaltyAvoidAgent,1.1795200875475833
Ysi,1.099341870117061
MyAgent,0.7366365936239792
Group3,1.0021200633598526
Supvelikos,1.1089125177415815
IsobeAgent,1.0303564482109753
TimeWeightedAgent,0.9850479267196692
Supvelikos,1.0113305843125822
Group3,1.0754852193490634
LatticeOneShotAgent,1.057248568404977
EFRDistOneShotAgent,1.0687887761488704
Group3,1.0738654050162586
Agent03Agent,1.1558586397098662
OneshotOmegaNegotiator,1.0813790792247877
TimeWeightedAgent,0.992951562051693
BayesianAgent,1.1089541533106275
IsobeAgent,1.1114031999483696
BayesianAgent,1.161861138448187
Supvelikos,1.1596992170770346
SteadySyncAgent,1.1758238791858429
SBDOneShot,1.1144132877994712
TimeWeightedAgent,1.0160703209125934
Supvelikos,1.116517320986639
LatticeOneShotAgent,1.0626887196358556
TimeWeightedAgent,1.1019877561400653
MyAgent,0.9574990172907584
PenaltyAvoidAgent,1.1556791633749657
MyAgent,0.9213164272960824
OneshotOmegaNegotiator,1.1758023800937614
YamashitaAgent,1.1609267940858277
IsobeAgent,1.1149438320617044
YamashitaAgent,1.1643344343350233
OneshotOmegaNegotiator,1.1744363356292182
LatticeOneShotAgent,1.1609267940858277
Agent03Agent,1.1757122250270464
EFRDistOneShotAgent,1.152579975038608
Group3,0.9697731563657676
YamashitaAgent,1.123668133227411
Ysi,1.0934366277266558
IsobeAgent,1.016520745987272
Agent03Agent,1.145303687997558
IsobeAgent,1.0712940791747374
TimeWeightedAgent,0.9974464597970836
Ysi,1.1237473653339216
Group3,1.195364774026242
TimeWeightedAgent,1.153571052992747
PenaltyAvoidAgent,1.226827430293896
BayesianAgent,1.1565610123277
SteadySyncAgent,1.1248290728101051
OneshotOmegaNegotiator,1.048795594234085
YamashitaAgent,1.0100663681231818
SteadySyncAgent,0.9148610023545104
IsobeAgent,1.0307468727060525
Ysi,1.0760101125673236
TimeWeightedAgent,1.135998021623955
EFRDistOneShotAgent,1.0443835652090356
SteadySyncAgent,1.1485498182309315
BayesianAgent,1.051035106804044
PenaltyAvoidAgent,1.124611293884357
IsobeAgent,0.9745876425449504
IsobeAgent,1.1014645875000455
Ysi,1.0622675825578427
AssariAsari,1.1631002859678532
SBDOneShot,1.1610607400082034
BayesianAgent,1.0010805810916623
PenaltyAvoidAgent,1.071229710921902
Ysi,1.1519107529825068
TimeWeightedAgent,1.1607311671381446
Supvelikos,1.2224566691785983
EFRDistOneShotAgent,0.9774617569202276
SteadySyncAgent,1.126007834153726
PenaltyAvoidAgent,1.0652575600522782
Ysi,1.1494548469854906
MyAgent,1.081121735107892
MyAgent,1.0115366023601005
LatticeOneShotAgent,1.0541965817396275
IsobeAgent,1.1116982709828032
MyAgent,1.0706051010981472
Oneshot,1.0086265423625642
YamashitaAgent,1.1268950778111384
MyAgent,1.0418848038524118
BayesianAgent,1.0677131813879774
Supvelikos,1.2204973624717408
TimeWeightedAgent,1.136403792319751
PenaltyAvoidAgent,1.071768326804701
MyAgent,0.8939718815258351
Oneshot,1.1530009647491206
SteadySyncAgent,0.7671641781222072
Agent03Agent,1.1622781875236603
PenaltyAvoidAgent,1.114717590840519
TimeWeightedAgent,1.148169930624996
OneshotOmegaNegotiator,1.1524203093698784
Oneshot,1.113386375699378
YamashitaAgent,1.086545884622431
Agent03Agent,1.1757122250270464
MyAgent,1.0722838760230546
PenaltyAvoidAgent,1.1138357860005166
MyAgent,1.0037430497404043
YamashitaAgent,1.1471934545854432
BayesianAgent,1.11165525477137
PenaltyAvoidAgent,1.0961397731430662
SteadySyncAgent,1.117735607822625
Agent03Agent,0.9648225282050392
OneshotOmegaNegotiator,1.1096234386358057
Oneshot,1.1757122250270464
EFRDistOneShotAgent,1.1609267940858277
Agent03Agent,1.1145850044238748
PenaltyAvoidAgent,1.0884423618181776
YamashitaAgent,1.1757122250270464
SteadySyncAgent,0.9516338936961788
IsobeAgent,1.1438180807573588
Ysi,1.1058466491724044
Supvelikos,1.1369308990951832
BayesianAgent,1.0498644933406625
Agent03Agent,1.1544366376978437
IsobeAgent,1.0984361150597202
AssariAsari,1.121997386092208
Supvelikos,1.0628689891387624
SteadySyncAgent,1.0717022798158653
YamashitaAgent,1.0527720461172436
OneshotOmegaNegotiator,1.0890076739923684
YamashitaAgent,1.0558450863596345
EFRDistOneShotAgent,1.1758023800937614
SteadySyncAgent,1.1169056473719263
EFRDistOneShotAgent,1.0686628265910263
Agent03Agent,1.121057273352155
AssariAsari,1.094859129162093
Ysi,1.0778068037355186
Ysi,1.000750410535918
Agent03Agent,1.1003721493766194
MyAgent,1.0051519321683908
LatticeOneShotAgent,1.053226291616539
IsobeAgent,1.1105508228063252
Supvelikos,1.1549143564565356
IsobeAgent,1.0982558701224012
TimeWeightedAgent,1.100655103394956
BayesianAgent,1.2040608093219591
Oneshot,1.1230431305213135
Group3,1.1635915758063176
Agent03Agent,1.1231787040817218
Oneshot,1.093316012771465
SteadySyncAgent,0.6445014308125672
YamashitaAgent,1.174434051088641
Group3,1.174542475974267
LatticeOneShotAgent,1.1757122250270464
Agent03Agent,1.1609267940858277
MyAgent,1.0299415659831035
IsobeAgent,1.0767063142083426
OneshotOmegaNegotiator,1.114992786987978
EFRDistOneShotAgent,1.0227408684498096
YamashitaAgent,1.1730223565181426
Ysi,1.102453483159569
TimeWeightedAgent,0.97706479791466
LatticeOneShotAgent,1.1159998885754172
IsobeAgent,1.121883795298558
PenaltyAvoidAgent,1.1696940533437237
AssariAsari,0.8622594429938224
SBDOneShot,1.124131502774962
MyAgent,0.7354551383239306
TimeWeightedAgent,1.1230981791317476
Agent03Agent,1.070367267128063
MyAgent,0.8587191871212497
SteadySyncAgent,1.0679119943438482
Agent03Agent,1.156444728293294
MyAgent,1.0801696782969843
SBDOneShot,1.048113810019951
BayesianAgent,1.115677997482041
IsobeAgent,1.0390244386433036
LatticeOneShotAgent,1.1212312407048537
YamashitaAgent,1.0546234832165229
Oneshot,1.0921388499425606
Agent03Agent,1.076062531553524
BayesianAgent,1.1596440691453218
Ysi,1.078598627617851
YamashitaAgent,1.1773784939332077
Agent03Agent,1.1127027782043777
Agent03Agent,1.0846782580132617
PenaltyAvoidAgent,1.080898887361479
Oneshot,1.1544098316002638
PenaltyAvoidAgent,1.1665916538574763
AssariAsari,1.116270458416648
SBDOneShot,1.08090245068131
Agent03Agent,1.114930256763838
SteadySyncAgent,1.0742979783826652
SteadySyncAgent,0.7268564808251662
Ysi,1.1634371229852396
AssariAsari,1.1088248581457607
IsobeAgent,1.0109608070724734
Oneshot,1.139462481733274
TimeWeightedAgent,1.0524834344117862
PenaltyAvoidAgent,1.1760728452939055
EFRDistOneShotAgent,1.1609267940858277
IsobeAgent,1.1016808675271654
TimeWeightedAgent,1.0307553354984584
LatticeOneShotAgent,1.1145342666520013
AssariAsari,1.100292699724518
PenaltyAvoidAgent,1.0882520992585298
Ysi,1.078087992705894
Oneshot,1.0897844813226047
MyAgent,0.904514678659034
TimeWeightedAgent,1.1151535513990831
SteadySyncAgent,1.0718585244149763
SBDOneShot,1.1140683235213449
Agent03Agent,1.073020528649152
YamashitaAgent,1.1200144215602326
EFRDistOneShotAgent,0.9941866034955972
YamashitaAgent,1.0745663122551763
LatticeOneShotAgent,1.1755711026531912
LatticeOneShotAgent,1.161226703480919
PenaltyAvoidAgent,1.158335885343754
SBDOneShot,1.1491809160533113
PenaltyAvoidAgent,1.1653516182277248
SBDOneShot,1.1053349690087124
PenaltyAvoidAgent,1.065618099058092
MyAgent,0.9952521778779196
SteadySyncAgent,0.9626809398141664
EFRDistOneShotAgent,1.0089761889314046
SteadySyncAgent,1.1260864182866668
Agent03Agent,1.0688340673223728
OneshotOmegaNegotiator,1.1585286959358452
OneshotOmegaNegotiator,1.1554284909465682
Agent03Agent,1.1245665180899556
Ysi,1.1321377700939403
BayesianAgent,1.052966161850783
Group3,1.216416916058415
Oneshot,1.1594590230565471
TimeWeightedAgent,0.9929835160188758
YamashitaAgent,1.108178205847136
IsobeAgent,1.0050424415744108
Oneshot,1.0330636139007272
Oneshot,1.1384917147747224
OneshotOmegaNegotiator,1.0517662882176952
TimeWeightedAgent,1.1360522624766167
SBDOneShot,1.048366572183161
EFRDistOneShotAgent,1.1232798421017038
Group3,1.080564203570748
OneshotOmegaNegotiator,1.1358825756788316
MyAgent,1.0276572735378813
EFRDistOneShotAgent,1.0157138170401845
Group3,0.9750753746506832
AssariAsari,1.1165666888839516
SteadySyncAgent,1.0890018393237262
PenaltyAvoidAgent,1.1928595978690495
IsobeAgent,1.0952683483360974
LatticeOneShotAgent,1.1757122250270464
PenaltyAvoidAgent,1.161557879552831
PenaltyAvoidAgent,1.2250446426949555
Supvelikos,1.1795026375282591
AssariAsari,1.175892535160476
TimeWeightedAgent,1.1609267940858277
TimeWeightedAgent,1.1757122250270464
Group3,0.9512965959875276
OneshotOmegaNegotiator,1.1054404323359812
SteadySyncAgent,1.0635894042307017
TimeWeightedAgent,1.1364266082639995
IsobeAgent,1.0313322817232944
BayesianAgent,1.1159132903691018
Agent03Agent,1.0449801976807378
YamashitaAgent,1.159822817698312
AssariAsari,1.1633390073252856
Group3,0.928485168335477
PenaltyAvoidAgent,1.1212194057354283
Supvelikos,1.1757122250270464
Ysi,1.1596734734109189
MyAgent,1.131578037237878
TimeWeightedAgent,1.0826537811941623
EFRDistOneShotAgent,0.8989367863768817
SteadySyncAgent,0.9272225939182376
SteadySyncAgent,0.7624586627477945
TimeWeightedAgent,1.1209177631649652
TimeWeightedAgent,1.0922594490159276
OneshotOmegaNegotiator,1.077065040447781
Group3,1.167164368765487
Oneshot,1.0533584699820149
SteadySyncAgent,1.039897161890522
Agent03Agent,1.039610619107726
Ysi,1.1208690358199014
YamashitaAgent,1.1329911198635376
SteadySyncAgent,0.8494601919964093
Ysi,1.074917056592963
BayesianAgent,1.092504190834939
Supvelikos,1.081686791072082
AssariAsari,1.1402884554291886
Agent03Agent,1.048367460145212
MyAgent,0.8402422908799567
TimeWeightedAgent,1.1498724666646003
EFRDistOneShotAgent,0.8888671516915966
AssariAsari,1.0161277785589533
SteadySyncAgent,1.0645229010869752
IsobeAgent,1.096832253767876
SBDOneShot,1.1757122250270464
IsobeAgent,1.0975460257698744
Agent03Agent,1.1545654190836407
BayesianAgent,1.1071667188417451
OneshotOmegaNegotiator,1.0651477054144902
BayesianAgent,1.1431169408506956
TimeWeightedAgent,1.0878556784645614
MyAgent,1.012670906974375
Supvelikos,1.1025416855669596
YamashitaAgent,1.0785118730716872
Ysi,1.0800923335198658
LatticeOneShotAgent,1.1671473053976669
EFRDistOneShotAgent,1.1064421943581944
Group3,0.9848862023069166
SteadySyncAgent,1.218729149899202
OneshotOmegaNegotiator,1.1638142846520485
SBDOneShot,1.0703685402358107
AssariAsari,1.196497186809998
TimeWeightedAgent,1.1173432994164685
Ysi,1.069555934953939
Group3,1.14397753045617
PenaltyAvoidAgent,1.016446145480035
YamashitaAgent,1.000830337279092
MyAgent,0.8458989040821971
MyAgent,1.025797037500407
Supvelikos,1.080629882512554
SteadySyncAgent,0.9769815975970751
LatticeOneShotAgent,1.1887777515855422
Agent03Agent,1.175599734411353
Oneshot,1.1154376456763102
BayesianAgent,1.0925040367568837
Ysi,1.0781378164079554
BayesianAgent,1.1158261127156928
EFRDistOneShotAgent,1.0113742908957903
PenaltyAvoidAgent,0.9537518915181666
YamashitaAgent,1.125881340351521
Supvelikos,0.8460069224996895
Agent03Agent,1.1027339892474992
MyAgent,1.0501132318543709
Group3,0.9361258609530756
Supvelikos,1.1142828809727494
TimeWeightedAgent,1.0374722455894243
SteadySyncAgent,1.0474795634296576
PenaltyAvoidAgent,1.0826015367727773
OneshotOmegaNegotiator,1.1372702687339589
YamashitaAgent,1.053359739366901
OneshotOmegaNegotiator,0.9824795959545776
SBDOneShot,1.1243533167065762
TimeWeightedAgent,1.0900194196111574
Group3,1.073111645801116
LatticeOneShotAgent,1.1757122250270464
Ysi,1.1609267940858277
IsobeAgent,1.0303876845297664
LatticeOneShotAgent,1.1360134288322836
Group3,1.1007974258533857
SteadySyncAgent,1.1408131082129107
LatticeOneShotAgent,1.120104556311686
SBDOneShot,1.0460788134485477
YamashitaAgent,1.0651788258219368
MyAgent,0.8345110025099164
SteadySyncAgent,1.1242674061685451
YamashitaAgent,1.1609267940858277
SBDOneShot,1.1551502906745974
BayesianAgent,1.1666876740324073
PenaltyAvoidAgent,1.1825710054360477
OneshotOmegaNegotiator,1.108796056111383
TimeWeightedAgent,1.1743011965755124
PenaltyAvoidAgent,1.1611972592859718
LatticeOneShotAgent,1.0710688304420817
MyAgent,0.8999967813579978
PenaltyAvoidAgent,1.1925588589104656
AssariAsari,1.1315255347908024
PenaltyAvoidAgent,1.1921292318267744
Group3,0.8750886615516584
IsobeAgent,1.113854612169614
PenaltyAvoidAgent,1.133557767978949
IsobeAgent,1.101179573589346
LatticeOneShotAgent,1.0961635314389842
Supvelikos,1.1160482855661704
SteadySyncAgent,1.0854339144032543
LatticeOneShotAgent,1.094493230881815
Oneshot,1.0790154689548608
Oneshot,1.1746131819647794
IsobeAgent,1.0526971352957095
TimeWeightedAgent,1.0704845724415954
Group3,1.057866869013384
Supvelikos,1.1548964205829448
IsobeAgent,1.0954854752374323
Group3,1.1357033681878237
SBDOneShot,1.1175314784989203
MyAgent,0.7721374851920774
Agent03Agent,1.1003613988395766
PenaltyAvoidAgent,1.161696229409336
Ysi,1.1511127023305563
Agent03Agent,0.967344272724667
SteadySyncAgent,0.9162550795565246
IsobeAgent,1.0854137952004823
Supvelikos,1.1731990399939551
EFRDistOneShotAgent,1.1757122250270464
MyAgent,1.0774821849438636
Agent03Agent,1.0926022210450124
AssariAsari,1.081686791072082
BayesianAgent,1.1146823778280055
SteadySyncAgent,1.0781477863641726
Ysi,0.988473617831404
LatticeOneShotAgent,1.12386501156091
YamashitaAgent,1.094493230881815
IsobeAgent,1.020794867424655
Supvelikos,1.1761630003606205
BayesianAgent,1.1610169491525424
BayesianAgent,1.2087095260663268
Supvelikos,1.168188896718619
EFRDistOneShotAgent,1.1469406072202
MyAgent,0.8362528975572175
TimeWeightedAgent,1.1026997017068645
SteadySyncAgent,1.066853071191455
YamashitaAgent,1.1757122250270464
IsobeAgent,1.0987664679973552
TimeWeightedAgent,1.2074453538904872
YamashitaAgent,1.1708210169970572
OneshotOmegaNegotiator,1.156177467866034
Oneshot,1.1702987871018635
LatticeOneShotAgent,1.0087084643700357
MyAgent,0.8310045659497285
IsobeAgent,1.0386416916154315
OneshotOmegaNegotiator,1.165737487668767
SteadySyncAgent,0.6857291103944652
Supvelikos,1.0771646181148655
OneshotOmegaNegotiator,1.1548652608013543
MyAgent,0.9927743330748904
TimeWeightedAgent,1.111512839880442
OneshotOmegaNegotiator,1.117325864356988
Ysi,1.1436593117092504
OneshotOmegaNegotiator,1.1431822289961513
IsobeAgent,1.1205607684890158
EFRDistOneShotAgent,1.125590506529971
PenaltyAvoidAgent,1.0716983771684387
BayesianAgent,1.151975234222392
LatticeOneShotAgent,1.1599219844895503
SteadySyncAgent,0.726999701896271
PenaltyAvoidAgent,1.1760728452939055
OneshotOmegaNegotiator,1.1609267940858277
YamashitaAgent,1.0715543131102956
Ysi,1.086735924947042
AssariAsari,1.1659787210849943
SBDOneShot,1.1226994819741969
IsobeAgent,1.111360727818548
Ysi,1.0459493085445952
MyAgent,1.0828820051803445
PenaltyAvoidAgent,1.1432806324110671
Agent03Agent,1.0880483632382485
BayesianAgent,1.073934918419268
YamashitaAgent,1.0932238922411412
PenaltyAvoidAgent,1.0822356384924992
AssariAsari,1.138092076530788
BayesianAgent,1.0488361759043172
TimeWeightedAgent,1.1469003523572072
SteadySyncAgent,0.741196478291126
SBDOneShot,1.132873432186548
AssariAsari,1.054514263930364
Ysi,1.0710688304420817
Oneshot,1.1488502456026346
EFRDistOneShotAgent,1.0686513218880207
YamashitaAgent,1.1295053450862629
AssariAsari,1.173393588076698
MyAgent,1.0830907702211925
Supvelikos,1.0695258432762162
YamashitaAgent,1.1444839975890366
IsobeAgent,1.1016918508696938
PenaltyAvoidAgent,1.0619204485722855
Group3,1.1650126227506554
OneshotOmegaNegotiator,1.05139841924612
PenaltyAvoidAgent,1.1148262013958148
AssariAsari,1.09284981024185
Supvelikos,1.0684704737903117
SBDOneShot,1.1496205456012778
Oneshot,1.157212323496124
BayesianAgent,1.1430439761086082
YamashitaAgent,1.2144754769277573
SBDOneShot,1.1455816130903544
LatticeOneShotAgent,1.143228028515537
YamashitaAgent,1.1207538185441357
SteadySyncAgent,0.8402761849759306
Ysi,1.165639272495591
Supvelikos,1.147972827514338
Oneshot,1.1626311257830486
Supvelikos,1.0864308383599424
Ysi,1.0754097368433382
Supvelikos,1.0861602458893915
MyAgent,0.8721913596085298
LatticeOneShotAgent,1.115311536129976
Ysi,1.0331975620157885
YamashitaAgent,1.0932258695712034
Ysi,1.0781839768082735
MyAgent,1.0714546847391648
PenaltyAvoidAgent,1.0559756020077515
MyAgent,1.0086217373751474
SBDOneShot,1.1144695531334103
Supvelikos,1.152777932078514
Agent03Agent,1.1559850278295696
LatticeOneShotAgent,1.118630487145002
SteadySyncAgent,1.0651525704675435
Supvelikos,1.0713486289871292
MyAgent,0.8778495651556742
AssariAsari,1.1659599645005423
MyAgent,0.8767245990101491
BayesianAgent,1.1589285220465144
YamashitaAgent,1.1196492403583096
LatticeOneShotAgent,1.1154949390608435
SBDOneShot,1.0130017958153992
PenaltyAvoidAgent,1.193589963911325
LatticeOneShotAgent,1.1287808333805551
PenaltyAvoidAgent,1.124611293884357
Ysi,1.0289789993077303
LatticeOneShotAgent,1.1188286269012142
Ysi,1.0582982440017974
MyAgent,1.021281315731882
Supvelikos,1.0610216012987306
BayesianAgent,1.1158261127156928
SBDOneShot,1.0801818775754042
SteadySyncAgent,0.7991200771877085
LatticeOneShotAgent,1.1113036010891055
Oneshot,1.1757122250270464
MyAgent,1.0317882718772158
OneshotOmegaNegotiator,1.1729562427493254
MyAgent,1.0394323408000632
SteadySyncAgent,1.1380196346271874
Supvelikos,1.073747296698511
AssariAsari,1.1613753429023077
Supvelikos,1.1687970871536015
LatticeOneShotAgent,1.139462481733274
EFRDistOneShotAgent,1.0436164326061677
PenaltyAvoidAgent,1.0619274581082343
YamashitaAgent,1.0575385475446644
OneshotOmegaNegotiator,1.1123746603866342
IsobeAgent,1.0628159427835382
LatticeOneShotAgent,1.1993158717883563
Group3,1.141163841477269
TimeWeightedAgent,1.131931810956548
YamashitaAgent,1.1174018931666072
IsobeAgent,1.0377850505082988
Agent03Agent,1.039408837003528
EFRDistOneShotAgent,1.1271092693820073
Ysi,1.148183847056592
AssariAsari,1.0936815883072897
LatticeOneShotAgent,1.081320892791804
Agent03Agent,1.1744338395671454
SteadySyncAgent,1.1546292071560598
MyAgent,1.0355270129061718
IsobeAgent,1.0383141757847851
SBDOneShot,1.175694194131627
Group3,1.103442420824729
IsobeAgent,1.102176102456145
Oneshot,1.0403332625807171
Supvelikos,1.1375846119741435
IsobeAgent,1.0329701759615526
YamashitaAgent,1.0920473644794102
LatticeOneShotAgent,1.0800772674322352
MyAgent,1.0259625139686996
Oneshot,1.1092781925253503
AssariAsari,1.1763924780668478
OneshotOmegaNegotiator,1.1095880684580828
MyAgent,0.9861685403659608
AssariAsari,1.1658414330881763
Agent03Agent,1.1148607101676795
SBDOneShot,1.0784554956600447
OneshotOmegaNegotiator,1.0695092383923233
Oneshot,1.1428914008731477
PenaltyAvoidAgent,1.1558793112906458
SBDOneShot,1.1539164880568682
YamashitaAgent,1.139462481733274
IsobeAgent,1.0328428119376734
Ysi,1.1070878537005024
EFRDistOneShotAgent,0.9904064109467664
TimeWeightedAgent,1.1947489135305618
Supvelikos,1.178447626224567
MyAgent,0.7987437614612515
EFRDistOneShotAgent,0.9615023108923708
OneshotOmegaNegotiator,1.15176566670722
SteadySyncAgent,1.1753307255740275
SteadySyncAgent,1.2186551147003508
MyAgent,0.8612290298001295
MyAgent,1.004865506992814
LatticeOneShotAgent,1.1609267940858277
AssariAsari,1.0756155567991046
LatticeOneShotAgent,1.1806915146013206
LatticeOneShotAgent,1.1787086319326237
Agent03Agent,1.1184472110830073
MyAgent,1.0048411802203383
Group3,1.200715584373537
AssariAsari,1.1763433104940495
SteadySyncAgent,0.8644346550306803
SteadySyncAgent,1.2278315778020383
TimeWeightedAgent,1.149606742643782
BayesianAgent,1.0910510359213106
SBDOneShot,1.0793745661056016
OneshotOmegaNegotiator,1.143122578205115
SBDOneShot,1.1278516091193902
MyAgent,0.7605398408640531
AssariAsari,1.018649519400496
Group3,1.106859717792411
Supvelikos,1.052775599412005
SteadySyncAgent,1.217237469995251
IsobeAgent,0.9992534141276316
Oneshot,1.1549407477503078
TimeWeightedAgent,1.0654917359373737
SBDOneShot,1.0658532955717477
LatticeOneShotAgent,1.108383895580375
Agent03Agent,1.1346849150659373
MyAgent,0.9590089695140662
BayesianAgent,1.0893370618049685
AssariAsari,1.082327113062569
LatticeOneShotAgent,1.1424357156602616
OneshotOmegaNegotiator,1.125761554222682
OneshotOmegaNegotiator,1.1508038320901155
Supvelikos,1.1525497492880574
Ysi,1.0773465187397595
IsobeAgent,1.0166522464010066
LatticeOneShotAgent,1.18734174085291
EFRDistOneShotAgent,1.038563765762174
YamashitaAgent,1.117292339047366
SteadySyncAgent,1.069577892523084
YamashitaAgent,1.118707467664158
Group3,1.0400375414807677
Group3,1.1906980058126109
Supvelikos,1.1558004178578771
EFRDistOneShotAgent,1.0714885282596531
MyAgent,0.8699959964055616
LatticeOneShotAgent,1.218010550113037
TimeWeightedAgent,1.1308677674840797
SteadySyncAgent,1.1156399296780326
MyAgent,0.9975947562416384
Oneshot,1.0693859038635831
EFRDistOneShotAgent,0.9529898934743058
Ysi,1.1384606513487991
Agent03Agent,1.120670360130079
Ysi,1.157392857893241
MyAgent,0.8519972192066458
BayesianAgent,1.175892535160476
SteadySyncAgent,0.9938649456423024
Agent03Agent,1.1327861558841648
SteadySyncAgent,1.0103376582924144
Agent03Agent,1.1373948350606014
IsobeAgent,1.0321988540056393
TimeWeightedAgent,1.1731380928354498
BayesianAgent,1.1610169491525424
MyAgent,1.0656758909460131
PenaltyAvoidAgent,1.0989306468055289
BayesianAgent,1.1349896005096034
SteadySyncAgent,1.023841486922473
SBDOneShot,1.11731687479049
Ysi,1.04849115733482
PenaltyAvoidAgent,1.19234404536862
Oneshot,1.1245699458478675
Ysi,1.095353417154974
Oneshot,1.0146600285314935
IsobeAgent,1.0321846347231574
LatticeOneShotAgent,1.081320892791804
Oneshot,1.139462481733274
BayesianAgent,1.0512249916986431
Oneshot,1.0033034772279512
Supvelikos,0.9584467624372068
Oneshot,1.1366148425902984
Supvelikos,1.0528361122427092
Supvelikos,1.068052845014048
PenaltyAvoidAgent,1.1887126839666085
Supvelikos,1.1141351167529152
BayesianAgent,1.0546667267565009
Oneshot,1.068614530104656
Agent03Agent,1.1313818389113002
Ysi,1.1531384478519373
BayesianAgent,1.1569776004976438
YamashitaAgent,1.1183843051418358
AssariAsari,1.0662039749425392
Oneshot,1.0034497191012102
Ysi,1.1262354387407694
BayesianAgent,0.9996914908718372
LatticeOneShotAgent,1.1240845173781613
MyAgent,0.8986996918218219
Oneshot,1.1688543830406648
SBDOneShot,1.1574630273064497
IsobeAgent,1.0853306761224817
BayesianAgent,1.1360884868288412
OneshotOmegaNegotiator,1.0501149629289517
MyAgent,1.0758393439136886
Group3,1.0968469530112293
Oneshot,1.0944017563117454
PenaltyAvoidAgent,1.0826930113428468
PenaltyAvoidAgent,1.1406696740580724
MyAgent,0.9635307960125952
SteadySyncAgent,1.225610942484605
Agent03Agent,1.1194893137442985
OneshotOmegaNegotiator,1.0855962547403508
MyAgent,0.9975716172004174
IsobeAgent,1.0255240764993103
Agent03Agent,1.156043181112239
Oneshot,1.155711804396976
TimeWeightedAgent,1.142498193170839
Ysi,1.0886097563202772
YamashitaAgent,1.075092268427705
Agent03Agent,0.9743251267106988
Oneshot,1.1239444618019876
LatticeOneShotAgent,1.1556137987201047
OneshotOmegaNegotiator,1.1490949179618353
Ysi,1.1757122250270464
EFRDistOneShotAgent,1.1551580563116377
MyAgent,0.9855799132018342
BayesianAgent,1.1339560674900997
LatticeOneShotAgent,1.1757122250270464
IsobeAgent,1.0987405921829854
PenaltyAvoidAgent,1.1764334655607644
AssariAsari,1.1610169491525424
TimeWeightedAgent,0.9903627186492756
PenaltyAvoidAgent,1.0988721324912925
MyAgent,1.0961705393544317
OneshotOmegaNegotiator,1.052623804827182
Supvelikos,0.932182807222858
EFRDistOneShotAgent,1.0041705003147012
PenaltyAvoidAgent,1.0719082260772244
EFRDistOneShotAgent,0.967842230875757
Group3,1.094352877231489
AssariAsari,1.0634400140087212
Supvelikos,1.1175561865701873
YamashitaAgent,1.057029038391355
EFRDistOneShotAgent,1.0912360593566182
Ysi,1.069438731284946
MyAgent,0.9666351297681466
Ysi,1.0467833328869212
EFRDistOneShotAgent,1.077533253844353
Oneshot,1.071280129782337
Supvelikos,1.1855027398700273
YamashitaAgent,1.1247214205831195
LatticeOneShotAgent,1.0021016829313203
Oneshot,1.1241987526386463
PenaltyAvoidAgent,1.219385875378359
IsobeAgent,1.0769100173794766
AssariAsari,1.09540797658251
SBDOneShot,1.077002619783809
YamashitaAgent,1.0075961102147888
TimeWeightedAgent,1.1102269241618163
Ysi,1.1331252888489969
Agent03Agent,1.049743398747048
Supvelikos,1.0896934079617009
Oneshot,1.0801675909729012
Ysi,1.1151549496987816
AssariAsari,1.0750902144162071
SBDOneShot,1.0699756915263765
BayesianAgent,1.1324046378345047
Supvelikos,1.2219291635267522
OneshotOmegaNegotiator,1.1478036216075636
BayesianAgent,1.0695259346913757
PenaltyAvoidAgent,1.1820858517002557
YamashitaAgent,1.139462481733274
MyAgent,1.0238497559026345
TimeWeightedAgent,1.1090498988670134
SBDOneShot,1.0431694661277946
Group3,1.0980648477960933
PenaltyAvoidAgent,1.144236546289095
TimeWeightedAgent,1.136375227216798
Agent03Agent,1.115977065795312
Supvelikos,1.1182468527465834
Agent03Agent,1.0384530413807094
EFRDistOneShotAgent,1.095907162291624
Agent03Agent,1.074402660317057
Agent03Agent,1.0686486754633722
SteadySyncAgent,1.1592479314406368
SteadySyncAgent,1.1898169081414591
Agent03Agent,1.1609267940858277
TimeWeightedAgent,1.06861412628044
LatticeOneShotAgent,1.1884295784300427
OneshotOmegaNegotiator,1.069219154798151
LatticeOneShotAgent,1.186398971380088
SBDOneShot,1.1154147269496313
MyAgent,0.9982046252772256
Ysi,1.1317325104216525
MyAgent,0.9167096152156052
Agent03Agent,1.155992074844746
SteadySyncAgent,1.131143077323591
MyAgent,1.0844230906421366
TimeWeightedAgent,1.1584401045586683
OneshotOmegaNegotiator,1.0882121760964023
TimeWeightedAgent,1.025289319059893
PenaltyAvoidAgent,1.1202695697252465
Ysi,1.05565299248652
BayesianAgent,1.1126793671748048
Group3,0.9507971981396796
EFRDistOneShotAgent,1.1345174762523496
LatticeOneShotAgent,1.165797296572441
MyAgent,0.7111396172043256
SteadySyncAgent,1.0411762963470843
PenaltyAvoidAgent,1.1167888617344297
SBDOneShot,1.0467938857357253
SteadySyncAgent,1.0792774729873091
TimeWeightedAgent,1.0529653927426164
BayesianAgent,1.1359596723211265
MyAgent,0.9676700890859584
YamashitaAgent,1.167607989642614
OneshotOmegaNegotiator,1.1084930498561871
SBDOneShot,1.1150116257851856
BayesianAgent,1.0627896437769566
Group3,0.730600256345976
BayesianAgent,1.1255121195143951
BayesianAgent,1.0742865137101287
TimeWeightedAgent,1.0516196030399418
MyAgent,0.7611846511551675
IsobeAgent,1.0919004230026792
PenaltyAvoidAgent,0.9414791476645836
LatticeOneShotAgent,1.1084002492141007
PenaltyAvoidAgent,1.1533655367115374
Agent03Agent,1.1534240271050344
Agent03Agent,1.1144890972148376
BayesianAgent,1.070368001224281
Oneshot,1.1629567387882107
Agent03Agent,1.1173156455610391
SBDOneShot,1.192437433472353
Ysi,1.1120421381623369
Supvelikos,1.162212799526674
AssariAsari,1.1691174742689834
Agent03Agent,1.087455045732239
OneshotOmegaNegotiator,1.0750441085826803
Supvelikos,1.0914188285637032
Agent03Agent,1.077112622660738
Agent03Agent,1.153689527596912
Group3,1.200382470908523
LatticeOneShotAgent,1.139462481733274
AssariAsari,1.052711255605941
Ysi,1.089512874344297
SBDOneShot,1.047483358773548
YamashitaAgent,1.2142341209488492
Agent03Agent,1.1260732265660982
EFRDistOneShotAgent,1.0490937085119982
IsobeAgent,1.0057772330514128
MyAgent,0.716762528764444
OneshotOmegaNegotiator,1.1131407307261283
MyAgent,0.9398852484120882
AssariAsari,1.1888143352575704
TimeWeightedAgent,1.070419043364044
SBDOneShot,1.1465174273595085
Group3,1.2048607057122471
PenaltyAvoidAgent,1.1616480346195457
LatticeOneShotAgent,1.117770289622506
Group3,1.0459987115000984
IsobeAgent,1.029361062884064
TimeWeightedAgent,1.0802683874319234
Oneshot,1.166839997130695
LatticeOneShotAgent,1.1283130024258796
Supvelikos,0.9510283392944928
AssariAsari,1.0270714013002389
LatticeOneShotAgent,1.0710688304420817
SBDOneShot,1.1649150144682394
EFRDistOneShotAgent,1.128845686156907
Agent03Agent,1.0497500076387971
YamashitaAgent,1.0932253746787035
Oneshot,1.081320892791804
LatticeOneShotAgent,1.1757122250270464
Group3,1.122851009263239
MyAgent,0.8548871628593488
Group3,1.1222710537451352
SteadySyncAgent,1.151937727939979
TimeWeightedAgent,1.1424818848707472
EFRDistOneShotAgent,1.1757122250270464
PenaltyAvoidAgent,1.1612874143526866
Agent03Agent,0.9454652970849546
BayesianAgent,1.0931654694885
LatticeOneShotAgent,1.1573115559460592
Oneshot,1.164250534207279
SBDOneShot,1.0984368027260505
YamashitaAgent,1.0587273749158617
IsobeAgent,1.1072404461351095
PenaltyAvoidAgent,1.1836473247927657
LatticeOneShotAgent,0.9980545404034556
OneshotOmegaNegotiator,1.116186675475189
OneshotOmegaNegotiator,1.1577081948760888
Agent03Agent,1.160698939437794
PenaltyAvoidAgent,1.227128862094951
LatticeOneShotAgent,1.1697875430608864
LatticeOneShotAgent,1.1100284386844077
EFRDistOneShotAgent,0.959143631363401
OneshotOmegaNegotiator,1.1731561807226134
BayesianAgent,1.1611071042192571
LatticeOneShotAgent,1.1688659634633818
BayesianAgent,1.1149198316409183
YamashitaAgent,1.1395260181714213
Agent03Agent,1.048947403796031
AssariAsari,1.164086382013608
Group3,1.1927303016628612
SteadySyncAgent,1.2018163897136471
BayesianAgent,1.151362183487417
BayesianAgent,1.1158231556176483
AssariAsari,1.0634999323989365
AssariAsari,1.189465543907888
Ysi,1.0945767564983442
Agent03Agent,1.0903961627977552
EFRDistOneShotAgent,0.98727735567201
AssariAsari,1.121952318716481
IsobeAgent,1.007984264147598
BayesianAgent,1.1397166274858632
IsobeAgent,1.034086665257898
YamashitaAgent,1.112246694948726
Agent03Agent,1.0740808267956587
Oneshot,1.124416796267496
BayesianAgent,1.0553776873228498
MyAgent,1.1464554857148666
AssariAsari,1.1610169491525424
YamashitaAgent,1.0660201320612448
SBDOneShot,1.1315873759248194
Ysi,1.196798044317402
LatticeOneShotAgent,1.1695684230086156
Group3,1.1875735375296046
AssariAsari,1.181763376036172
PenaltyAvoidAgent,1.160093434859322
IsobeAgent,1.0718295987138693
TimeWeightedAgent,1.1599883442987136
Oneshot,1.1533484035456945
BayesianAgent,1.1731578050441394
MyAgent,1.0434581107361165
PenaltyAvoidAgent,1.1137567888719162
Agent03Agent,1.0725163609597783
Agent03Agent,1.1510437903734962
PenaltyAvoidAgent,1.1724681984025245
Group3,1.1862304717944956
SteadySyncAgent,1.083165662368598
EFRDistOneShotAgent,1.0286957046192178
Agent03Agent,1.0442209116741268
EFRDistOneShotAgent,1.1197889099645988
TimeWeightedAgent,1.1482064191867047
YamashitaAgent,1.1146011302718533
AssariAsari,1.095868631907459
Supvelikos,0.8733849504778841
SBDOneShot,1.1143683521696393
PenaltyAvoidAgent,1.0785667462350956
AssariAsari,1.0638604714047502
OneshotOmegaNegotiator,0.9810297625697412
TimeWeightedAgent,1.1138004132687105
Agent03Agent,1.091461645050777
Group3,1.023006615410713
LatticeOneShotAgent,1.0710688304420817
IsobeAgent,1.031172534034595
MyAgent,1.0624720887721597
EFRDistOneShotAgent,1.042716256159202
SteadySyncAgent,1.127407083890927
Oneshot,1.040261049022449
Supvelikos,1.163202869668139
MyAgent,1.0956525806225363
LatticeOneShotAgent,1.218613413715147
BayesianAgent,1.1623402180731568
PenaltyAvoidAgent,0.8995822883026856
IsobeAgent,1.091379060332997
SBDOneShot,1.0882263614217995
SteadySyncAgent,1.060234328752047
Supvelikos,1.0686145549688657
EFRDistOneShotAgent,0.9743210071182792
BayesianAgent,1.0714885282596531
YamashitaAgent,1.119092153147406
SBDOneShot,1.089040445055605
BayesianAgent,1.080442601193582
YamashitaAgent,1.1757122250270464
Supvelikos,1.1609267940858277
BayesianAgent,0.9922922587445464
Oneshot,1.1161479514625812
SteadySyncAgent,1.1804605527686465
Supvelikos,1.1114236659642027
SBDOneShot,1.1757122250270464
TimeWeightedAgent,1.1609267940858277
EFRDistOneShotAgent,1.0322965548065737
LatticeOneShotAgent,1.047178416379454
MyAgent,0.8247248655639319
EFRDistOneShotAgent,1.1365545299023556
Agent03Agent,1.1183826973742526
Ysi,1.0599257243526097
Ysi,1.1142581674299308
MyAgent,1.0066350254626115
Group3,1.070613069554866
OneshotOmegaNegotiator,1.045542784821374
BayesianAgent,1.0693859955242666
Oneshot,1.079220962154524
PenaltyAvoidAgent,1.075265808617795
Ysi,1.1377501121290383
EFRDistOneShotAgent,1.0980151776946443
Supvelikos,1.1730218538055766
AssariAsari,1.1221776555951146
Ysi,1.0336379905750557
SteadySyncAgent,0.7391646157979269
MyAgent,0.841597431995655
TimeWeightedAgent,1.1470601388566417
SBDOneShot,1.1253234401241397
LatticeOneShotAgent,1.0711387800783436
PenaltyAvoidAgent,1.101610998221165
SteadySyncAgent,1.0583400069571771
Oneshot,1.0637456214874184
Oneshot,1.1847543188372105
LatticeOneShotAgent,1.1727257544505167
Oneshot,1.1384914928018257
EFRDistOneShotAgent,1.050444692421429
Oneshot,1.1088207486575143
PenaltyAvoidAgent,1.0588120721573584
Oneshot,1.0746362618914382
Ysi,1.102132855752692
AssariAsari,1.163691943595306
YamashitaAgent,1.1629202900413784
IsobeAgent,1.1018650050066645
MyAgent,0.9924779210861774
Group3,1.190272267655812
Ysi,1.1013108521011123
LatticeOneShotAgent,1.213858234561488
Agent03Agent,1.120672078802822
IsobeAgent,1.1098844529580922
EFRDistOneShotAgent,1.046389231687408
YamashitaAgent,1.21156043265965
Supvelikos,1.1743029389600603
SBDOneShot,1.1059341034199777
BayesianAgent,1.0550723331380414
PenaltyAvoidAgent,1.1631860986373508
SBDOneShot,1.132597003225576
EFRDistOneShotAgent,0.8261057931285875
Supvelikos,1.0324609603144932
AssariAsari,1.0710688304420817
IsobeAgent,1.1138860365352237
PenaltyAvoidAgent,1.1165666888839516
BayesianAgent,1.0626728239745795
SteadySyncAgent,0.9968374611811696
BayesianAgent,1.1813952376050003
IsobeAgent,1.0739270508787817
LatticeOneShotAgent,1.0603631231708983
TimeWeightedAgent,1.0880286368030307
BayesianAgent,1.0768892711519764
SteadySyncAgent,1.2159853525899942
Oneshot,1.1336919914858592
LatticeOneShotAgent,1.093407473967418
OneshotOmegaNegotiator,1.0792631211996329
PenaltyAvoidAgent,1.1386474297779958
Group3,1.036175041595987
Supvelikos,0.9237483821154852
TimeWeightedAgent,1.112500763085024
Ysi,0.9977197944352812
MyAgent,0.825757601242102
BayesianAgent,1.154279800678693
Supvelikos,1.1562996575377555
Oneshot,1.0746362618914382
LatticeOneShotAgent,1.1796533446908446
PenaltyAvoidAgent,1.1554755370402827
SteadySyncAgent,1.1862482586821492
EFRDistOneShotAgent,0.8966449142551596
TimeWeightedAgent,1.1139556813883964
YamashitaAgent,1.119428545675785
TimeWeightedAgent,1.016231063741597
SBDOneShot,1.0898996085887076
Supvelikos,1.0736987464222316
Ysi,1.152864134018812
PenaltyAvoidAgent,1.1593203023996403
BayesianAgent,1.1147810192267833
LatticeOneShotAgent,1.081676667454289
EFRDistOneShotAgent,1.0505320743224962
SteadySyncAgent,1.064795835722141
TimeWeightedAgent,1.1491015096620298
BayesianAgent,1.1639853709270258
BayesianAgent,1.1305509037467856
Group3,0.9399675960689804
Oneshot,1.0944017563117454
AssariAsari,1.0779492236318746
Oneshot,1.1384913898600793
LatticeOneShotAgent,1.0541965817396275
Supvelikos,1.153169493601022
BayesianAgent,1.1555572117851565
YamashitaAgent,1.154206656208695
Supvelikos,1.1579959299717228
EFRDistOneShotAgent,1.1036178244829715
Oneshot,1.14018976410531
PenaltyAvoidAgent,1.1610063083610127
YamashitaAgent,1.162820337189669
MyAgent,0.9754285118871896
EFRDistOneShotAgent,1.1611972592859718
Oneshot,1.09340639351147
Supvelikos,1.081320892791804
IsobeAgent,0.9731015946367324
SteadySyncAgent,0.8227260712692428
IsobeAgent,1.1107122112586725
Agent03Agent,1.157778479511155
MyAgent,0.7959259042978726
Ysi,1.1529131504784145
TimeWeightedAgent,1.102761675683142
Ysi,1.030143488987717
AssariAsari,1.1758023800937614
LatticeOneShotAgent,1.1609267940858277
SBDOneShot,1.1757122250270464
Group3,1.1673230860807824
Ysi,1.0710688304420817
PenaltyAvoidAgent,1.203771586836103
AssariAsari,1.2210759226568968
OneshotOmegaNegotiator,1.1102313301990123
OneshotOmegaNegotiator,1.1150927124195749
Agent03Agent,1.0706057065031145
BayesianAgent,1.134146475532957
Supvelikos,1.0521907271344286
TimeWeightedAgent,1.1352792904500748
MyAgent,0.9813105298424304
Oneshot,1.0698056787820418
BayesianAgent,1.131026146386357
EFRDistOneShotAgent,1.1214145508129607
Ysi,1.0915023187595372
AssariAsari,1.2182751706801485
SBDOneShot,1.1472290937546714
AssariAsari,1.1757122250270464
BayesianAgent,1.1610169491525424
SteadySyncAgent,1.1275576308557351
LatticeOneShotAgent,1.0486176225047483
Oneshot,1.1643500791182133
Group3,0.9042636229866442
Group3,1.126126553366391
Ysi,1.074963853600173
Oneshot,1.169872973470132
OneshotOmegaNegotiator,1.0978171458097985
SteadySyncAgent,1.0710201469647451
EFRDistOneShotAgent,1.007444781443878
OneshotOmegaNegotiator,1.1135750011062662
Group3,0.8727045853163612
Supvelikos,1.21461386762409
BayesianAgent,1.1609658721372735
Ysi,0.9979454996055516
OneshotOmegaNegotiator,1.115522178952138
Ysi,1.1123264174637428
SteadySyncAgent,1.0724160368569078
SBDOneShot,0.9979530358531984
AssariAsari,1.0741193102431248
YamashitaAgent,1.1122499758571225
Supvelikos,1.054780470004711
Ysi,1.1156237709971506
TimeWeightedAgent,1.052635755009179
Agent03Agent,0.951166110657422
AssariAsari,0.9719463967885849
AssariAsari,1.1757122250270464
Supvelikos,1.1611071042192571
Agent03Agent,1.1626772113274977
EFRDistOneShotAgent,1.046075787747942
MyAgent,0.982630531127132
YamashitaAgent,1.0850074774532572
TimeWeightedAgent,1.137057178809726
YamashitaAgent,1.0542601181777749
Oneshot,1.0945847054518845
OneshotOmegaNegotiator,1.0703312711172468
EFRDistOneShotAgent,1.1026091190352496
MyAgent,0.9608388133166564
IsobeAgent,1.0252654407134014
Supvelikos,1.1792331797283044
SBDOneShot,0.9990293396673764
YamashitaAgent,1.110081510740616
MyAgent,0.8436350911654413
EFRDistOneShotAgent,1.0743034686278818
IsobeAgent,1.1088920039900927
SBDOneShot,1.159689458501558
PenaltyAvoidAgent,1.1411779655632506
IsobeAgent,1.03228285090164
LatticeOneShotAgent,1.1705158285520114
SteadySyncAgent,1.1269680571946608
LatticeOneShotAgent,1.0702273467178096
Supvelikos,1.1491388898107664
PenaltyAvoidAgent,1.0959568240029272
EFRDistOneShotAgent,1.081320892791804
IsobeAgent,0.9631169725872588
TimeWeightedAgent,1.1181918803631412
Agent03Agent,1.1675381868554315
SteadySyncAgent,1.1839404375981792
Agent03Agent,1.155504437032152
Ysi,1.1548710593570448
OneshotOmegaNegotiator,1.0866878456442577
Group3,1.0505662718919828
Oneshot,0.9842062523144028
Group3,0.8680353551687723
Group3,0.9635508541919994
SteadySyncAgent,1.1263720058261766
IsobeAgent,1.217423574380996
EFRDistOneShotAgent,0.9501475198184348
LatticeOneShotAgent,1.2158030695557502
Supvelikos,1.1770158251695555
Ysi,1.115213475522475
SBDOneShot,1.08103649650227
Oneshot,1.1786734347212422
TimeWeightedAgent,1.1403529288066043
Group3,0.7029305946830298
Ysi,1.107398819456271
AssariAsari,0.8535421442095978
Ysi,1.1223142860191704
Supvelikos,0.856032168509346
OneshotOmegaNegotiator,1.118161349141402
LatticeOneShotAgent,1.1731572703533828
OneshotOmegaNegotiator,1.1609267940858277
SteadySyncAgent,1.161733973284846
YamashitaAgent,1.1235512080038066
Agent03Agent,0.9661092371407876
LatticeOneShotAgent,1.1225275475937546
MyAgent,0.7547160919623209
SBDOneShot,1.1215791249902842
SteadySyncAgent,0.8136778228606846
OneshotOmegaNegotiator,1.1176040065849324
YamashitaAgent,1.174434543829736
Agent03Agent,1.1596828956498677
Ysi,1.115228906551842
PenaltyAvoidAgent,1.079192381552072
Oneshot,1.164109557727235
IsobeAgent,1.0791466435726014
AssariAsari,0.908909639489743
BayesianAgent,1.1338289482379431
BayesianAgent,1.2089087365775193
TimeWeightedAgent,1.1289861623022428
LatticeOneShotAgent,1.0685444617209456
SteadySyncAgent,1.1128706989865322
LatticeOneShotAgent,1.0008343536632909
SBDOneShot,1.119004439202122
LatticeOneShotAgent,1.0944017563117454
Agent03Agent,1.079190980315283
IsobeAgent,0.9618133585636128
Supvelikos,0.9835546566630672
OneshotOmegaNegotiator,0.987931305473598
EFRDistOneShotAgent,1.004057961486212
YamashitaAgent,1.173156718798165
AssariAsari,1.161467724486116
Oneshot,1.1145305961135188
IsobeAgent,1.0188144360200542
BayesianAgent,1.2050866133951863
OneshotOmegaNegotiator,1.1542281130192618
PenaltyAvoidAgent,1.1245662265086305
SteadySyncAgent,1.0593962326939348
AssariAsari,1.1763433104940495
EFRDistOneShotAgent,1.1610169491525424
SBDOneShot,1.1435338435527873
OneshotOmegaNegotiator,1.1077582781911444
SteadySyncAgent,1.1348862008532177
YamashitaAgent,1.0919953917366776
Group3,1.1115202318847603
SteadySyncAgent,0.7743318570873995
Ysi,1.1557741657303089
LatticeOneShotAgent,1.1263194644364969
MyAgent,0.9955407704429864
YamashitaAgent,1.0561472566490864
IsobeAgent,1.118231966932921
TimeWeightedAgent,1.04212890165837
Oneshot,1.1516208018566845
MyAgent,1.0787749843127987
IsobeAgent,1.117025156124635
Group3,1.200771126126827
OneshotOmegaNegotiator,1.1092927593754278
YamashitaAgent,1.0834192988701816
Ysi,1.016571438234618
SBDOneShot,1.1311697575000534
LatticeOneShotAgent,1.094493230881815
SBDOneShot,1.0770242252877786
AssariAsari,1.095590925722649
MyAgent,0.8476165291624012
IsobeAgent,1.0708585490324205
BayesianAgent,1.0545765920050476
Ysi,1.178354996727122
Supvelikos,1.174378296910324
Agent03Agent,1.1499763052003946
MyAgent,0.9889654194816406
SteadySyncAgent,0.6487393818824174
SBDOneShot,1.1542491918673263
BayesianAgent,1.1757122250270464
SBDOneShot,1.1609267940858277
Group3,1.1176229271108618
SteadySyncAgent,1.0676503232695418
SteadySyncAgent,1.130787317871713
Agent03Agent,1.0688491564463805
AssariAsari,1.1757122250270464
Oneshot,1.1609267940858277
EFRDistOneShotAgent,1.1088397819864817
SBDOneShot,1.0107734877975134
Group3,1.1005875769446
SBDOneShot,1.1686716255272924
Agent03Agent,1.0899812568778362
OneshotOmegaNegotiator,1.0496464970022117
TimeWeightedAgent,1.1225107451390297
MyAgent,1.0776745157428882
Agent03Agent,1.1529261638841248
Oneshot,1.1675289236710091
LatticeOneShotAgent,1.0749160604364858
Ysi,1.0953812233160611
TimeWeightedAgent,1.146463762389941
YamashitaAgent,1.1660074002726966
LatticeOneShotAgent,1.1203429024343368
Oneshot,1.025049536305705
SBDOneShot,1.13243033760576
YamashitaAgent,1.0541965817396275
SBDOneShot,1.175892535160476
Supvelikos,1.1609267940858277
SteadySyncAgent,0.7555196844777567
PenaltyAvoidAgent,1.0639746706858275
Agent03Agent,1.1364420000417537
LatticeOneShotAgent,1.0541965817396275
LatticeOneShotAgent,1.094493230881815
Ysi,1.0781253260048695
MyAgent,0.8627132834657025
YamashitaAgent,1.161126572265514
SBDOneShot,1.0703379568500182
IsobeAgent,1.1290468963343414
EFRDistOneShotAgent,1.1064363088649485
TimeWeightedAgent,1.0601604936854572
BayesianAgent,1.162699327848385
SteadySyncAgent,1.1260417406168253
BayesianAgent,1.0716284275321768
SBDOneShot,1.0613044214054488
YamashitaAgent,1.2041032856557168
PenaltyAvoidAgent,1.185380557648832
IsobeAgent,1.0262842072326337
SteadySyncAgent,1.1561901703498865
EFRDistOneShotAgent,1.125088383740625
YamashitaAgent,1.0541965817396275
MyAgent,0.8530346615825922
AssariAsari,1.081503841931943
LatticeOneShotAgent,1.0710688304420817
AssariAsari,1.1992889476294997
LatticeOneShotAgent,1.1587156592461645
TimeWeightedAgent,1.154655155429446
Supvelikos,1.139589554609569
SteadySyncAgent,1.080564203570748
BayesianAgent,1.1159742279493443
YamashitaAgent,1.0734661826868577
AssariAsari,1.222833458929917
PenaltyAvoidAgent,1.1831198191409191
OneshotOmegaNegotiator,1.1744340898147356
Supvelikos,1.1582572447818626
Ysi,1.153679104052448
SBDOneShot,1.1540235665764011
YamashitaAgent,1.1190680066699716
BayesianAgent,1.0548469962594078
MyAgent,1.0895117591605952
Supvelikos,1.1609267940858277
Oneshot,1.0034332329743625
SBDOneShot,1.124029118718228
Supvelikos,0.9263920692710302
MyAgent,0.8484380915914181
Supvelikos,1.0746362618914382
TimeWeightedAgent,1.0818534999079097
OneshotOmegaNegotiator,1.197008441177691
TimeWeightedAgent,1.1483538249992449
Supvelikos,1.1397166274858632
Group3,1.0403527471575391
AssariAsari,1.18886406599072
Supvelikos,1.1324766402218942
SBDOneShot,1.1306166158003352
IsobeAgent,1.0331570419392224
SteadySyncAgent,1.1642694345284597
Ysi,1.08566931813577
MyAgent,0.977347325146207
OneshotOmegaNegotiator,1.055082735235214
TimeWeightedAgent,1.1757122250270464
MyAgent,1.0785353906271935
YamashitaAgent,1.0944017563117454
OneshotOmegaNegotiator,1.0742314540364977
LatticeOneShotAgent,1.004649368784778
IsobeAgent,1.095316242289453
YamashitaAgent,1.1472941404564745
TimeWeightedAgent,1.1555031608602742
MyAgent,1.0432937030810634
SBDOneShot,1.0621450667812211
IsobeAgent,1.0333977118545776
Ysi,1.1396226607084758
SBDOneShot,1.1303055052155564
Agent03Agent,1.05048261752898
MyAgent,0.99789241857952
TimeWeightedAgent,1.0575469692501696
Supvelikos,1.1160738753681068
Group3,1.0424448605248762
SteadySyncAgent,1.1336339514300424
Group3,0.9613962394786388
IsobeAgent,1.1010813719097008
Agent03Agent,1.0784464973107313
IsobeAgent,0.954710869413766
SBDOneShot,1.118564198030537
Ysi,1.068544479852736
YamashitaAgent,1.125212684534333
BayesianAgent,1.0922290954017817
EFRDistOneShotAgent,1.0821441639224296
Supvelikos,1.1797674108521266
Oneshot,1.0905666162245065
AssariAsari,1.072257974258534
Agent03Agent,1.1624299984037392
MyAgent,0.7985947560659259
PenaltyAvoidAgent,1.160527870443998
YamashitaAgent,1.150059039304331
SBDOneShot,1.1254701611237592
SBDOneShot,1.0744264129826524
Ysi,1.096398971249759
OneshotOmegaNegotiator,1.1137338548921696
PenaltyAvoidAgent,1.1018450764320789
TimeWeightedAgent,1.0898008281649685
PenaltyAvoidAgent,1.0827844859129163
Group3,0.7282302048520178
PenaltyAvoidAgent,1.025629073796813
PenaltyAvoidAgent,1.1760728452939055
SteadySyncAgent,1.1186342118726358
Ysi,1.0685444215645876
IsobeAgent,1.0848022678862557
SBDOneShot,1.010160359751637
TimeWeightedAgent,1.1049828839586695
YamashitaAgent,1.2170308967596082
SteadySyncAgent,1.1775787212214
Group3,1.0563919570153089
IsobeAgent,1.0096828421700246
EFRDistOneShotAgent,0.8359411279574128
PenaltyAvoidAgent,1.107922087402751
PenaltyAvoidAgent,1.0690341912604993
SteadySyncAgent,1.1380161599964025
Agent03Agent,1.0855096858228983
SteadySyncAgent,1.0979093375146909
BayesianAgent,1.1508850973122366
Oneshot,1.1656988801286277
Agent03Agent,1.092300371664099
MyAgent,0.9852143251423106
AssariAsari,1.17289608777693
YamashitaAgent,1.128101588360634
Oneshot,1.066090089535872
AssariAsari,1.1984767025089609
EFRDistOneShotAgent,0.8462734960001521
IsobeAgent,1.0989757187115918
Supvelikos,1.0716284275321768
BayesianAgent,1.1566614133963429
SteadySyncAgent,0.8020832169428701
Supvelikos,0.9967439667957984
YamashitaAgent,1.0945847054518845
AssariAsari,1.0822356384924992
Group3,1.1084850048953772
Oneshot,1.0435216565276226
PenaltyAvoidAgent,1.1164926312671255
SteadySyncAgent,1.075268411976534
BayesianAgent,1.156296720569967
SteadySyncAgent,1.1401170534448064
Group3,1.0162362797543645
Ysi,1.091455575700623
TimeWeightedAgent,1.1173428308917446
Supvelikos,1.1291666709301529
Agent03Agent,1.1743747391139538
TimeWeightedAgent,1.1584188455540307
OneshotOmegaNegotiator,1.1636355021997726
AssariAsari,1.1353476050202838
LatticeOneShotAgent,1.0934071612860397
Group3,1.0502021115586042
SBDOneShot,1.1342697237836137
Ysi,1.046020202724263
SteadySyncAgent,1.10202069994814
IsobeAgent,0.9764602381194872
LatticeOneShotAgent,1.0944017563117454
BayesianAgent,1.0791078134901302
SteadySyncAgent,1.1085737564786935
EFRDistOneShotAgent,1.1119454265745132
SBDOneShot,1.154473193531666
TimeWeightedAgent,1.147256867550572
IsobeAgent,1.0724328341359282
LatticeOneShotAgent,1.1676466880112286
OneshotOmegaNegotiator,1.1383056120160502
LatticeOneShotAgent,1.0541965817396275
Supvelikos,1.0713486289871292
SteadySyncAgent,1.1397018147473224
Agent03Agent,1.1495585989147143
Ysi,1.1109343791356872
YamashitaAgent,1.094493230881815
BayesianAgent,1.0788233212330676
SteadySyncAgent,1.1829276645588118
OneshotOmegaNegotiator,1.094740680395336
MyAgent,0.9976096635341658
Group3,1.1590536462016594
OneshotOmegaNegotiator,1.1520515456761873
TimeWeightedAgent,1.1488893463432155
BayesianAgent,1.0925046251773458
PenaltyAvoidAgent,1.0822356384924992
IsobeAgent,1.1018660257810202
BayesianAgent,1.0638284321050495
Supvelikos,0.9174147823814484
SteadySyncAgent,0.9130643041436008
OneshotOmegaNegotiator,1.1148784134695318
Supvelikos,1.0930259934958175
MyAgent,1.125500306757513
LatticeOneShotAgent,1.1331514891042498
LatticeOneShotAgent,1.139462481733274
OneshotOmegaNegotiator,1.052732862373195
Ysi,1.1304053289732623
BayesianAgent,1.1110353813320295
IsobeAgent,1.028215871426536
BayesianAgent,1.081320892791804
TimeWeightedAgent,1.005185336241671
EFRDistOneShotAgent,0.9778809086658864
PenaltyAvoidAgent,1.095773874862788
IsobeAgent,1.006179759443098
PenaltyAvoidAgent,1.2268945428735418
Group3,1.0856498934130765
Group3,1.04396382758802
BayesianAgent,1.0998052530205036
SBDOneShot,1.1156109794053009
AssariAsari,1.0938888041211432
Agent03Agent,1.1757122250270464
AssariAsari,1.1611972592859718
Supvelikos,1.1757122250270464
IsobeAgent,1.09884671708269
BayesianAgent,1.1650762818865847
OneshotOmegaNegotiator,1.111055884780363
SteadySyncAgent,1.167164368765487
Ysi,1.0460755250897695
Group3,1.107115612947851
IsobeAgent,1.033938282371199
MyAgent,1.0900052425603826
SteadySyncAgent,1.095373268261859
EFRDistOneShotAgent,1.1103883901774032
OneshotOmegaNegotiator,1.08011027801596
MyAgent,0.893887886633784
SteadySyncAgent,1.073428825173458
MyAgent,1.1108051160689476
Oneshot,1.1077049079254186
PenaltyAvoidAgent,1.1559753663183
SteadySyncAgent,0.7313103172541913
SBDOneShot,1.174327413094424
SteadySyncAgent,1.1108514078674183
Oneshot,1.1133907390721764
Agent03Agent,1.0601390366726804
Group3,1.1367028654048097
IsobeAgent,1.0073524079293097
Group3,1.096542792204889
Supvelikos,1.0618775068727748
OneshotOmegaNegotiator,1.148382292862867
Ysi,1.101373409266164
YamashitaAgent,1.1111063194074409
Oneshot,1.0730123662354214
IsobeAgent,1.1169372256227994
AssariAsari,1.1677144910714898
IsobeAgent,1.208527751869296
BayesianAgent,1.129524702923703
LatticeOneShotAgent,1.1146065526216151
OneshotOmegaNegotiator,1.0677425350459648
Ysi,1.1317527520159694
TimeWeightedAgent,1.0521696309867334
Group3,1.161226574179591
BayesianAgent,1.1625646601479571
OneshotOmegaNegotiator,1.1757122250270464
Ysi,1.1609267940858277
Group3,1.0987327099287545
EFRDistOneShotAgent,0.989288167238058
PenaltyAvoidAgent,1.0959568240029272
AssariAsari,1.08205268935236
EFRDistOneShotAgent,1.0619507807140145
YamashitaAgent,1.163879298632158
TimeWeightedAgent,1.142897924571659
SBDOneShot,1.1548560451834524
Group3,0.9753186262417352
YamashitaAgent,1.1609267940858277
Ysi,1.1757122250270464
SBDOneShot,1.1609267940858277
SteadySyncAgent,1.074137016054929
SBDOneShot,1.078052038038358
Agent03Agent,1.0703632737627526
Supvelikos,1.1941087388083131
SBDOneShot,0.9928329273545266
OneshotOmegaNegotiator,1.120618826807767
TimeWeightedAgent,1.136726452928704
OneshotOmegaNegotiator,1.0486268393476543
Group3,1.202642737402623
YamashitaAgent,1.1673228412860144
MyAgent,0.9889981412277912
PenaltyAvoidAgent,1.1869028374160062
SteadySyncAgent,0.6895648521591508
IsobeAgent,1.0187529080418465
Ysi,1.1496786821982572
IsobeAgent,1.0055339842628586
Group3,1.115453631331474
YamashitaAgent,1.053423559906168
PenaltyAvoidAgent,1.0715584778959149
YamashitaAgent,1.1457573152918603
SteadySyncAgent,1.0233704772818728
TimeWeightedAgent,1.0738322809430203
SBDOneShot,1.1744384939237462
MyAgent,1.0239886521714023
SteadySyncAgent,1.1699174125956575
PenaltyAvoidAgent,1.1318753136554822
Oneshot,1.1757122250270464
Group3,1.1044677006744004
YamashitaAgent,1.1513985781173377
MyAgent,1.0124744033092854
SteadySyncAgent,0.7187059818256079
IsobeAgent,1.1032373574540038
IsobeAgent,1.0285675976942246
Group3,0.9901907919958972
PenaltyAvoidAgent,1.1137486351273849
TimeWeightedAgent,1.032528442567186
Group3,0.682712016099396
YamashitaAgent,1.130371380652306
Oneshot,1.1584177286292856
Supvelikos,1.1700430299854987
PenaltyAvoidAgent,1.0962312477131355
OneshotOmegaNegotiator,1.0749874359978695
Oneshot,1.0981827854718091
Agent03Agent,1.03274094045136
SteadySyncAgent,0.6662792805187074
AssariAsari,1.1725668080071
LatticeOneShotAgent,1.1892542074986412
Ysi,1.093346816952546
OneshotOmegaNegotiator,1.142540396391064
Group3,0.9271282341041274
Supvelikos,1.2170308967596082
SteadySyncAgent,1.1837206307215815
Ysi,1.1565241166195543
AssariAsari,1.172764027216251
OneshotOmegaNegotiator,1.0694515257272237
SBDOneShot,1.1761143232693028
MyAgent,1.0957743478472128
SBDOneShot,1.0970110084053868
PenaltyAvoidAgent,1.221204671272983
AssariAsari,1.1796533534287867
AssariAsari,1.1757122250270464
IsobeAgent,1.0987848412869372
Supvelikos,0.9007354372700525
IsobeAgent,1.1050027652717849
SBDOneShot,1.1416374422839812
IsobeAgent,1.0981068584070257
LatticeOneShotAgent,1.11468681467812
Supvelikos,1.0692867196944709
BayesianAgent,1.113535179619089
AssariAsari,1.0957345093773911
EFRDistOneShotAgent,0.8655535442136871
Ysi,1.122950969424989
Agent03Agent,1.1439396990274708
YamashitaAgent,1.1284308469871518
PenaltyAvoidAgent,1.1914511228671487
MyAgent,1.0849790099791758
Ysi,1.1220215171209955
AssariAsari,1.138535975396885
MyAgent,1.0034463534340066
Ysi,1.155983999970202
Supvelikos,1.117608417769823
Ysi,1.0394479983850344
Ysi,1.1123185852427782
Group3,0.8548440817044455
MyAgent,0.9922572493417288
Oneshot,1.0259598210043062
AssariAsari,1.139907236800305
Oneshot,1.0533574920605968
Group3,1.188126990018724
AssariAsari,1.1599103269233877
Group3,1.1388583973655324
SBDOneShot,1.0769566084941755
BayesianAgent,1.1380930676367875
YamashitaAgent,1.0542601181777749
PenaltyAvoidAgent,1.1759826902271908
Supvelikos,1.1611972592859718
EFRDistOneShotAgent,1.1191417982315064
Oneshot,1.0541965817396275
PenaltyAvoidAgent,1.1238902158727295
OneshotOmegaNegotiator,1.0433678046897907
EFRDistOneShotAgent,1.0714885282596531
SteadySyncAgent,1.097248793879209
OneshotOmegaNegotiator,1.138103995540194
Agent03Agent,1.0490070092015864
AssariAsari,1.1710747809429258
Oneshot,1.1090872074438167
OneshotOmegaNegotiator,1.1488378356177622
YamashitaAgent,1.1704960063110148
Supvelikos,1.1757122250270464
YamashitaAgent,1.1609267940858277
IsobeAgent,0.9653919266400188
YamashitaAgent,1.128693119041026
Supvelikos,1.1757122250270464
Agent03Agent,1.159874360735617
PenaltyAvoidAgent,1.1412415020013975
SteadySyncAgent,1.0274424442022232
TimeWeightedAgent,1.1757122250270464
SteadySyncAgent,1.0406309651347072
Ysi,1.1501643726672208
IsobeAgent,1.084943168452462
SteadySyncAgent,1.1221659204427576
LatticeOneShotAgent,1.081320892791804
PenaltyAvoidAgent,1.0926473212856047
EFRDistOneShotAgent,1.0079511276724182
EFRDistOneShotAgent,1.088040291486149
LatticeOneShotAgent,1.0682024962139691
EFRDistOneShotAgent,1.1757122250270464
IsobeAgent,1.0964720690725194
SteadySyncAgent,1.2015325282778353
OneshotOmegaNegotiator,1.1544831938404336
IsobeAgent,0.961091804082472
AssariAsari,1.0219463301973462
Group3,1.1159889971322168
AssariAsari,1.0547684096829533
TimeWeightedAgent,1.0980612608948732
EFRDistOneShotAgent,0.9898024075660622
Agent03Agent,1.091223763584883
YamashitaAgent,1.0531812308782411
Group3,0.9595857891872897
IsobeAgent,1.0373032742983357
AssariAsari,1.1757122250270464
SBDOneShot,1.1584095940859245
SBDOneShot,1.0892723000997502
AssariAsari,1.08205268935236
MyAgent,0.9718213336819166
PenaltyAvoidAgent,1.0825100622027075
Agent03Agent,1.1757122250270464
YamashitaAgent,1.1609267940858277
LatticeOneShotAgent,0.9936547787275686
PenaltyAvoidAgent,1.0984448277937011
PenaltyAvoidAgent,1.1760728452939055
Group3,1.1499955781033562
OneshotOmegaNegotiator,1.0873560308500696
Agent03Agent,1.0760165817564693
PenaltyAvoidAgent,1.1542768426547256
Supvelikos,1.1531470061406677
SBDOneShot,1.1109135416759293
Group3,0.9448402906237234
Oneshot,1.1758023800937614
BayesianAgent,1.1609267940858277
Agent03Agent,1.114056223129518
YamashitaAgent,1.059683820583378
Supvelikos,1.0714885282596531
IsobeAgent,1.1112292268470338
LatticeOneShotAgent,1.016911119355276
Agent03Agent,1.1264609045139733
Ysi,0.9828751906210896
Group3,0.8743076206030884
AssariAsari,1.1165666888839516
EFRDistOneShotAgent,1.014484523452156
OneshotOmegaNegotiator,1.0924486383223762
Supvelikos,1.0771636523860617
BayesianAgent,1.0685445485610394
AssariAsari,1.1895479689321171
AssariAsari,1.094859129162093
Oneshot,1.0777691325665453
Ysi,1.1482210259095338
Group3,1.19635056407948
MyAgent,1.022104642297491
PenaltyAvoidAgent,1.1824415975885456
SteadySyncAgent,1.1144659682691591
TimeWeightedAgent,1.06438176636479
Supvelikos,1.1338284597840695
Oneshot,1.0533595657265094
Group3,1.048809534851963
Agent03Agent,1.121385326438481
SBDOneShot,1.187463280183046
LatticeOneShotAgent,1.1670900515456202
AssariAsari,0.8663610997715503
PenaltyAvoidAgent,1.1298995421274018
Supvelikos,1.0667795467864425
LatticeOneShotAgent,1.1636123508723946
OneshotOmegaNegotiator,1.2015476166302823
SBDOneShot,1.1284746957921714
LatticeOneShotAgent,1.184058337429163
TimeWeightedAgent,1.066272101899379
MyAgent,0.9875730275007296
OneshotOmegaNegotiator,1.1733772775941418
PenaltyAvoidAgent,1.096048298572997
Oneshot,1.0802570798814843
BayesianAgent,1.1158261127156928
Oneshot,1.065224794641668
BayesianAgent,1.1158261127156928
OneshotOmegaNegotiator,1.070677240197536
Oneshot,1.0702273387762131
OneshotOmegaNegotiator,1.1618771025075292
EFRDistOneShotAgent,1.1319527037738724
IsobeAgent,1.033930359544186
AssariAsari,1.1220424534679343
LatticeOneShotAgent,1.060388562011157
Group3,1.2013247367563835
OneshotOmegaNegotiator,1.1609267940858277
BayesianAgent,1.1135401408053336
Agent03Agent,1.0782882630432518
Agent03Agent,1.0908944679240848
SteadySyncAgent,1.0651124882427976
TimeWeightedAgent,1.1357107710332472
Supvelikos,1.054514263930364
PenaltyAvoidAgent,1.0171383174476782
Group3,1.0304288748765915
Agent03Agent,1.0877908767412423
Supvelikos,1.0759056275672247
Group3,0.997801939698496
OneshotOmegaNegotiator,1.0958926219736695
TimeWeightedAgent,1.206465062361633
MyAgent,0.9002944319589634
Ysi,1.115677997482041
IsobeAgent,1.0335367761391792
LatticeOneShotAgent,1.1204200279417729
BayesianAgent,1.0547568615079543
IsobeAgent,1.1194254132253312
SBDOneShot,1.1532972226925122
Oneshot,1.1014197530695913
TimeWeightedAgent,1.021557592686238
AssariAsari,0.906818042092535
OneshotOmegaNegotiator,1.1134743598649268
EFRDistOneShotAgent,1.1258739614253577
PenaltyAvoidAgent,1.0559756020077515
IsobeAgent,1.0899213534687555
SteadySyncAgent,1.1260566314740197
SBDOneShot,1.08895558110569
EFRDistOneShotAgent,1.07786163734831
Supvelikos,1.153292659405394
OneshotOmegaNegotiator,1.1530287583493264
BayesianAgent,1.088878555088863
YamashitaAgent,1.0815953165020125
Group3,0.7075729920992601
OneshotOmegaNegotiator,1.117005801379525
Group3,1.1415957735069897
PenaltyAvoidAgent,1.056102674884046
IsobeAgent,1.0329448966150525
Supvelikos,1.0792844634393093
BayesianAgent,1.1578033516336634
TimeWeightedAgent,1.1555638186572827
TimeWeightedAgent,1.185172249675353
IsobeAgent,1.0554456974514022
Group3,1.091737005110899
MyAgent,0.9535243274580266
SBDOneShot,1.0856373158148034
OneshotOmegaNegotiator,1.0781353219597554
TimeWeightedAgent,1.1366050494027242
PenaltyAvoidAgent,1.0525561669706018
TimeWeightedAgent,1.0889880440844466
IsobeAgent,1.0243892305927915
AssariAsari,1.1159742279493443
OneshotOmegaNegotiator,1.083978272103853
Group3,1.051081964265665
TimeWeightedAgent,1.0790195960841942
Ysi,1.1757122250270464
YamashitaAgent,1.1610169491525424
EFRDistOneShotAgent,1.1242500145310257
Supvelikos,1.0541965817396275
PenaltyAvoidAgent,1.1350995630593468
AssariAsari,1.053674966275151
Oneshot,0.9937766527604754
OneshotOmegaNegotiator,1.118474520550983
OneshotOmegaNegotiator,1.1375203644673662
PenaltyAvoidAgent,1.0562932841984878
IsobeAgent,1.1010139338027989
Oneshot,1.1155318392065308
SBDOneShot,1.1067754666136966
Ysi,1.0281604291502018
Supvelikos,1.0911431282468664
IsobeAgent,1.0205922034702737
AssariAsari,1.1757122250270464
YamashitaAgent,1.1610169491525424
LatticeOneShotAgent,1.154205842684006
Group3,1.2071600978946613
TimeWeightedAgent,1.1377078119730355
Agent03Agent,1.0500829042086357
Group3,1.1295490907311745
Ysi,1.0493971472006989
Ysi,1.1757122250270464
Agent03Agent,1.1596904134923258
EFRDistOneShotAgent,1.011607635835489
IsobeAgent,1.0900372155103932
SteadySyncAgent,1.0529807955504855
Group3,1.0105222491114514
AssariAsari,1.0710688304420817
Oneshot,1.1593138836987056
YamashitaAgent,1.139462481733274
TimeWeightedAgent,1.0513743215619713
IsobeAgent,0.9989760530617832
MyAgent,0.9466712636357256
Ysi,1.086762670901314
EFRDistOneShotAgent,1.0790120796852734
LatticeOneShotAgent,1.206832087880375
IsobeAgent,1.1621354170022848
Supvelikos,1.1694392914201437
TimeWeightedAgent,1.1155260364562185
Agent03Agent,1.1117201468303388
AssariAsari,1.1009383608815426
Group3,1.1926393901625998
SBDOneShot,1.16077968675616
AssariAsari,1.2155302884802106
SteadySyncAgent,1.1837038220971834
TimeWeightedAgent,1.1811187007866486
SteadySyncAgent,1.1641226014677235
MyAgent,0.9964952087387358
EFRDistOneShotAgent,1.0075873098847434
LatticeOneShotAgent,1.150090333339577
SBDOneShot,1.160387912824326
AssariAsari,1.1171090488830884
Group3,1.025242258833159
TimeWeightedAgent,1.2029647282844578
Agent03Agent,1.1136488723002067
BayesianAgent,1.1146075541739586
PenaltyAvoidAgent,1.0981830181874717
Agent03Agent,1.171610232918937
EFRDistOneShotAgent,0.9767104164154328
Ysi,1.0898636317045411
TimeWeightedAgent,1.0749756999028488
YamashitaAgent,1.114829726036827
Agent03Agent,1.0380480865031767
SteadySyncAgent,1.1286673576997612
BayesianAgent,1.0543963225021409
SteadySyncAgent,1.039963361008518
Supvelikos,1.0527737117192728
LatticeOneShotAgent,1.1757122250270464
SBDOneShot,1.1596663259708462
Group3,1.1343349898077553
AssariAsari,1.0855255830069823
SBDOneShot,1.1311072099532906
Group3,1.0580426736630628
Group3,1.199654947466269
PenaltyAvoidAgent,1.1645301491573208
AssariAsari,1.1124109642711373
BayesianAgent,1.0546667267565009
AssariAsari,1.2218538055764885
Supvelikos,1.1785229841748304
EFRDistOneShotAgent,1.0861729604032566
Oneshot,1.081320892791804
IsobeAgent,0.9637355472097346
Group3,0.8210687799798126
SBDOneShot,1.0872130101160766
Group3,0.9574293825744488
Group3,1.099957377909668
EFRDistOneShotAgent,1.04606878159796
LatticeOneShotAgent,1.1133858776761774
MyAgent,0.9793297669966377
SteadySyncAgent,1.16199618885821
PenaltyAvoidAgent,1.053586738762889
YamashitaAgent,1.0702973650539864
Agent03Agent,1.1374580527796625
Supvelikos,1.0705071985873829
Agent03Agent,1.1455028805471108
Oneshot,1.0933156946514884
EFRDistOneShotAgent,1.0815953165020125
Ysi,1.0803289854062894
PenaltyAvoidAgent,1.0628239217630358
PenaltyAvoidAgent,1.135750542117497
Ysi,1.0474956134785685
Agent03Agent,1.1757122250270464
IsobeAgent,1.0986623482019469
EFRDistOneShotAgent,0.9160618848216036
Oneshot,1.116026995368688
PenaltyAvoidAgent,0.9345249557636052
TimeWeightedAgent,1.1084895284054328
YamashitaAgent,1.219517709118312
OneshotOmegaNegotiator,1.1777469009848796
Group3,1.118541210878375
EFRDistOneShotAgent,1.0312422327566808
OneshotOmegaNegotiator,1.1608169838587172
Oneshot,1.103304237382695
OneshotOmegaNegotiator,1.0815410987197382
Ysi,1.0310751167038403
SteadySyncAgent,0.6752692982647442
Supvelikos,1.1660705314441904
SteadySyncAgent,0.882599866026224
OneshotOmegaNegotiator,1.1609267940858277
YamashitaAgent,1.1733637395890255
IsobeAgent,1.0801974041767044
Agent03Agent,1.115677997482041
Supvelikos,1.0816897787468929
LatticeOneShotAgent,1.157111441540439
Supvelikos,1.160192707712648
Group3,1.087941901326805
Agent03Agent,1.049032898130133
YamashitaAgent,1.115677997482041
MyAgent,0.9719268557946243
PenaltyAvoidAgent,1.114832710158756
EFRDistOneShotAgent,0.9877030415743588
OneshotOmegaNegotiator,1.093539908106255
Oneshot,1.081320892791804
AssariAsari,1.1142071233726905
YamashitaAgent,1.083195323738316
IsobeAgent,1.1020180831582345
SteadySyncAgent,1.0820360024806046
Supvelikos,1.2211755840241143
LatticeOneShotAgent,1.163845795915318
SBDOneShot,0.9987036607462584
IsobeAgent,1.0715526315200925
SteadySyncAgent,1.117086715746045
EFRDistOneShotAgent,0.969275778422374
PenaltyAvoidAgent,0.922689014688424
BayesianAgent,1.1184639809433996
SteadySyncAgent,0.7873819599880426
Oneshot,1.112658915400316
MyAgent,0.9640850727969804
SBDOneShot,1.1255530277686951
AssariAsari,0.8385360491007176
SteadySyncAgent,0.9528984897810616
Supvelikos,1.1375201281327294
Ysi,1.0428161323286282
Oneshot,1.1612339522002932
Supvelikos,1.1330219124990029
Supvelikos,1.1376470287353084
SBDOneShot,1.0493393766679548
MyAgent,1.1174954734527085
Ysi,1.1114886538670488
OneshotOmegaNegotiator,1.0900079094276922
EFRDistOneShotAgent,1.0745882027613805
YamashitaAgent,1.0020970329542644
Group3,0.8434914965226357
YamashitaAgent,1.139462481733274
Group3,1.080564203570748
SteadySyncAgent,0.8312969912320053
AssariAsari,1.032384497408994
EFRDistOneShotAgent,0.8609568652404777
BayesianAgent,1.1271038408432277
AssariAsari,0.8578534163346196
YamashitaAgent,1.119597580310527
AssariAsari,0.8050089075640522
Oneshot,1.1205097429132889
PenaltyAvoidAgent,1.1558796174169048
Group3,1.2075556126864009
YamashitaAgent,1.1375219055977597
Ysi,1.0469892571396802
Oneshot,1.1384922524770211
Group3,1.0413457091490743
PenaltyAvoidAgent,1.0897047131353408
LatticeOneShotAgent,1.081320892791804
BayesianAgent,1.1757122250270464
Group3,1.095501938273122
BayesianAgent,1.1157520550988669
MyAgent,1.0100037993945887
Supvelikos,1.0903328413053617
LatticeOneShotAgent,1.081320892791804
SteadySyncAgent,1.080310191839017
SBDOneShot,1.0492759778672878
AssariAsari,1.1825717334506491
BayesianAgent,1.1163495471669125
Group3,0.7444744443010984
EFRDistOneShotAgent,1.0284405127484848
IsobeAgent,1.1020059447574757
Supvelikos,1.087361198641282
Group3,1.1617244209612398
EFRDistOneShotAgent,1.1609267940858277
MyAgent,0.9002154067437202
SteadySyncAgent,1.0231016799405133
TimeWeightedAgent,1.090461845113767
AssariAsari,1.0822356384924992
Oneshot,1.0032122528127403
AssariAsari,1.0417036240279136
SteadySyncAgent,1.2274110901561506
SBDOneShot,1.1330531159575812
IsobeAgent,1.0748383333344658
SBDOneShot,1.0459978247229476
LatticeOneShotAgent,1.1854278641258875
IsobeAgent,1.0735043815361018
MyAgent,1.0740788790656122
Oneshot,1.0766226042487208
EFRDistOneShotAgent,1.1233403815306653
Ysi,1.0465884173266176
EFRDistOneShotAgent,1.1268903950446
AssariAsari,1.1676937686872344
Ysi,1.1080725130454625
TimeWeightedAgent,1.1111588050652148
OneshotOmegaNegotiator,1.1367217092465032
SBDOneShot,1.0490421950394069
AssariAsari,1.1619912038040887
BayesianAgent,1.162847726057532
BayesianAgent,1.2050831370678226
Ysi,1.1149414368090145
Ysi,1.1665505875470334
EFRDistOneShotAgent,1.031642307974301
Agent03Agent,1.1497409841706083
SBDOneShot,1.1506602338211254
Group3,1.0825587877649518
YamashitaAgent,1.0526795745061033
AssariAsari,1.165653858092397
IsobeAgent,1.089394160685426
SBDOneShot,1.1035315998852908
TimeWeightedAgent,1.03288984802354
Supvelikos,1.0687544608836883
Group3,1.0643994242831791
MyAgent,1.0597195976439209
Ysi,1.068859002137628
PenaltyAvoidAgent,1.1759826902271908
YamashitaAgent,1.1610169491525424
YamashitaAgent,0.9938944564588116
LatticeOneShotAgent,1.1161296642228782
Ysi,1.1318623357903734
Oneshot,1.0533616002510031
Oneshot,1.0944017563117454
TimeWeightedAgent,1.0781452957348732
Group3,1.1971282820323643
BayesianAgent,1.160333602039775
Group3,1.0942760539427587
OneshotOmegaNegotiator,1.1524577757743557
AssariAsari,1.1164926312671255
PenaltyAvoidAgent,1.106275826446281
TimeWeightedAgent,1.1355111126699742
Group3,1.0802733900803765
Agent03Agent,1.115149163818845
IsobeAgent,1.019140317266543
SBDOneShot,1.0707518080093936
Oneshot,1.132436059345061
Supvelikos,1.2175994062345998
AssariAsari,1.1799547852298418
AssariAsari,1.0710688304420817
Supvelikos,1.112895598498929
YamashitaAgent,1.0710688304420817
Oneshot,1.129299047699294
SteadySyncAgent,0.6980247613205401
Group3,0.8899983357161311
PenaltyAvoidAgent,1.136069069321256
LatticeOneShotAgent,1.0541965817396275
MyAgent,0.9721509285467536
TimeWeightedAgent,1.1451991613541015
Group3,0.9944014930110936
TimeWeightedAgent,1.0833002629019972
BayesianAgent,1.1757122250270464
EFRDistOneShotAgent,1.1610169491525424
SBDOneShot,1.105430275609833
OneshotOmegaNegotiator,1.0490469443488155
EFRDistOneShotAgent,1.1547717848671173
SteadySyncAgent,0.688313371212014
TimeWeightedAgent,1.1959041898099874
SBDOneShot,1.1093646437024265
MyAgent,0.7332117329141004
Ysi,1.1182697630146865
Supvelikos,0.8821055803226243
Ysi,1.111091580117597
Agent03Agent,1.0901163168458825
Ysi,1.0461021672539768
OneshotOmegaNegotiator,1.1723772862833095
Supvelikos,1.1310652847578104
MyAgent,1.0962380925953683
Group3,1.0149462727297558
IsobeAgent,1.0305580566446988
YamashitaAgent,1.1138768380000943
Agent03Agent,1.153417814325291
MyAgent,1.1020670866075044
SBDOneShot,1.002380802925847
SteadySyncAgent,0.9105723734485268
YamashitaAgent,1.2150026245048644
IsobeAgent,0.9962682153053096
EFRDistOneShotAgent,1.1399150701724798
SBDOneShot,1.1553625973890096
BayesianAgent,1.114713896176904
IsobeAgent,1.0256939680726465
LatticeOneShotAgent,1.139462481733274
SteadySyncAgent,1.0166391892804103
LatticeOneShotAgent,1.001183161764927
Ysi,1.1254214795612298
Supvelikos,1.1168499549636557
SteadySyncAgent,1.0615294074859194
EFRDistOneShotAgent,1.059356646504502
SBDOneShot,1.0683331786914378
EFRDistOneShotAgent,1.1757122250270464
BayesianAgent,1.1610169491525424
Oneshot,1.0702973408003649
PenaltyAvoidAgent,1.156558863087927
EFRDistOneShotAgent,1.1111148246427645
IsobeAgent,1.0475395273860273
PenaltyAvoidAgent,1.175892535160476
SBDOneShot,1.1584383004430752
IsobeAgent,1.1086686496470717
BayesianAgent,1.0545778003685111
Oneshot,1.0917807317099602
PenaltyAvoidAgent,1.0639506061562036
YamashitaAgent,1.1718812331365505
EFRDistOneShotAgent,1.0591785005756682
EFRDistOneShotAgent,1.1251521007750915
MyAgent,0.9273928829665412
IsobeAgent,1.0786417692040884
EFRDistOneShotAgent,1.012024261971263
IsobeAgent,1.108519243512532
EFRDistOneShotAgent,1.156526487626929
BayesianAgent,1.0890619451883128
IsobeAgent,1.0122693752513106
TimeWeightedAgent,1.1757122250270464
EFRDistOneShotAgent,1.1583536350360464
Oneshot,1.1556120301644828
YamashitaAgent,1.168773107672471
AssariAsari,1.2201959306706858
Ysi,1.11955260460954
TimeWeightedAgent,1.091190935576523
SBDOneShot,1.0736269565309828
EFRDistOneShotAgent,0.9309278016411756
YamashitaAgent,1.1240012524676648
LatticeOneShotAgent,1.1746113723594986
AssariAsari,1.138581210736792
YamashitaAgent,0.9953333684033978
Agent03Agent,1.117538179202988
Agent03Agent,1.0869078012025346
SBDOneShot,1.0445724399108516
Group3,1.0480166128791586
IsobeAgent,1.0890989180866542
SBDOneShot,1.1525434893936812
EFRDistOneShotAgent,1.0552741364647833
AssariAsari,1.1377749688903662
Ysi,1.047449700482607
Agent03Agent,1.136248097125043
Group3,0.9626622933862756
Group3,1.1324226253938898
IsobeAgent,1.0536416918953275
Ysi,1.130077464883576
OneshotOmegaNegotiator,1.053047585732617
Agent03Agent,1.134599617381128
Oneshot,1.0525851926800516
TimeWeightedAgent,1.1373406846227454
Ysi,1.0483887418495996
Oneshot,1.1757122250270464
YamashitaAgent,1.1609267940858277
SBDOneShot,1.1135147776613257
OneshotOmegaNegotiator,1.0589377285866215
Group3,0.6842349625667278
SBDOneShot,1.114836235935567
AssariAsari,0.8979092202069593
EFRDistOneShotAgent,1.0204656385583488
OneshotOmegaNegotiator,1.0695431615481377
AssariAsari,1.18308410844664
SteadySyncAgent,0.8039295274692858
EFRDistOneShotAgent,0.9992405500219852
Ysi,1.101696297551509
BayesianAgent,1.0546216593807742
AssariAsari,1.139589554609569
YamashitaAgent,1.0541965817396275
Ysi,1.0703357570051677
MyAgent,0.9424012308805564
IsobeAgent,1.050731276347279
MyAgent,0.906055961257472
EFRDistOneShotAgent,1.1759826902271908
Supvelikos,1.1609267940858277
IsobeAgent,1.1080520927688229
SteadySyncAgent,1.212799526673898
IsobeAgent,1.0307980884055905
OneshotOmegaNegotiator,1.1305893936214515
Agent03Agent,1.1191793210721
TimeWeightedAgent,1.044624735065055
Oneshot,1.1853786365670071
SBDOneShot,1.0982051405879465
LatticeOneShotAgent,1.1813399367868604
MyAgent,1.0819811392914158
SBDOneShot,1.0987516247344251
EFRDistOneShotAgent,1.0080172557185054
Ysi,1.1744340765558674
Group3,1.17196651144499
SteadySyncAgent,0.7828231893189335
PenaltyAvoidAgent,1.0305595815889366
AssariAsari,1.137901621815433
IsobeAgent,1.033064660218186
Oneshot,1.1757122250270464
PenaltyAvoidAgent,1.1611071042192571
IsobeAgent,1.022012936298866
AssariAsari,1.0791051730190693
SteadySyncAgent,1.11820126493333
IsobeAgent,0.9865757321646964
SteadySyncAgent,0.8769839746872632
TimeWeightedAgent,1.1592692253659689
YamashitaAgent,1.2016362085014276
TimeWeightedAgent,1.1334121106620274
AssariAsari,1.0945847054518845
OneshotOmegaNegotiator,1.0771330375331911
SteadySyncAgent,1.167164368765487
Oneshot,1.053422455781814
OneshotOmegaNegotiator,1.0889877403560075
Ysi,1.0802321460174498
SBDOneShot,1.1308573748389932
LatticeOneShotAgent,1.0541965817396275
SBDOneShot,1.1317850606390614
TimeWeightedAgent,1.051544148326912
AssariAsari,1.2185437868967937
Group3,1.1109225789029138
Oneshot,1.0932239092630265
LatticeOneShotAgent,1.081320892791804
BayesianAgent,1.0051250147172888
OneshotOmegaNegotiator,1.1231768433797416
EFRDistOneShotAgent,1.0868064462309868
Supvelikos,1.0765216985718733
SBDOneShot,1.1521479804282615
EFRDistOneShotAgent,1.1256522381258889
Oneshot,0.9952164393052924
PenaltyAvoidAgent,1.0821531870892571
Oneshot,1.094493230881815
Ysi,1.0802270834359209
SBDOneShot,1.1885030598252293
EFRDistOneShotAgent,0.9502178249705192
Group3,0.7612623192560679
Oneshot,1.109513362394135
Ysi,1.090168005895571
LatticeOneShotAgent,1.081320892791804
YamashitaAgent,1.1757122250270464
SBDOneShot,1.1596760013095369
IsobeAgent,1.101438264495867
OneshotOmegaNegotiator,1.078271221449136
TimeWeightedAgent,1.1234104950860222
BayesianAgent,1.067198029619859
MyAgent,1.0921609756581534
SBDOneShot,1.1609267940858277
YamashitaAgent,1.070367245502599
OneshotOmegaNegotiator,1.1402782283998667
MyAgent,1.1138055117769794
IsobeAgent,1.0688941700901111
PenaltyAvoidAgent,1.1764334655607644
LatticeOneShotAgent,1.1609267940858277
LatticeOneShotAgent,1.0061359215474914
YamashitaAgent,1.1226214941746535
Ysi,1.1325511369853647
Group3,1.057140516774535
Ysi,1.1450524111995464
Agent03Agent,1.1095340915100529
YamashitaAgent,1.1143564884347166
OneshotOmegaNegotiator,1.045885903190477
Oneshot,1.180379710585957
Supvelikos,1.1733232856066316
AssariAsari,1.1874462966145385
EFRDistOneShotAgent,1.0825100282535112
PenaltyAvoidAgent,1.0962312477131355
Agent03Agent,1.075005900012402
Oneshot,1.0899282205719172
SteadySyncAgent,1.0695448899409867
BayesianAgent,1.1369947001883725
AssariAsari,1.052900139024999
SBDOneShot,1.1309572593647634
BayesianAgent,1.0546413368066587
Ysi,1.1151440071265524
Oneshot,1.067390211707923
Group3,1.0870483449092057
Ysi,1.032120671499227
SBDOneShot,1.1328914015886435
MyAgent,1.0125853811868253
TimeWeightedAgent,1.1362921759468363
SteadySyncAgent,1.021104261406316
Supvelikos,1.217407686510927
Ysi,1.1183658441987838
MyAgent,0.8488909495217609
Supvelikos,1.0779583337161478
IsobeAgent,1.0978197061448962
SBDOneShot,1.126002247871154
Group3,1.027181942198439
MyAgent,1.070279154275806
PenaltyAvoidAgent,1.1406696740580724
TimeWeightedAgent,1.0523990412294668
BayesianAgent,1.157507033919975
EFRDistOneShotAgent,1.141351808858308
OneshotOmegaNegotiator,1.1562492627998042
AssariAsari,1.1677494374322606
Group3,1.137742797981123
SteadySyncAgent,1.0803059189649915
SteadySyncAgent,0.8247836933124052
SBDOneShot,1.1711164661938802
YamashitaAgent,1.0696636962223875
TimeWeightedAgent,1.1337217971405087
IsobeAgent,0.9592825541568748
PenaltyAvoidAgent,1.0479310612861603
Agent03Agent,0.9791961316720992
IsobeAgent,1.113022800648024
TimeWeightedAgent,1.0901974505978096
Ysi,1.073379347456638
Agent03Agent,1.1547064138278684
TimeWeightedAgent,1.148746505042358
Group3,1.102871889147822
Oneshot,1.167744261737117
Group3,1.0637726985765787
Oneshot,1.081320892791804
Group3,0.9718806079925104
SBDOneShot,1.1226303289265824
Ysi,1.106864745290533
YamashitaAgent,1.073019640567095
LatticeOneShotAgent,1.1189427436532415
EFRDistOneShotAgent,1.0080889153418275
BayesianAgent,1.0108107545016347
AssariAsari,1.050250945725789
TimeWeightedAgent,1.0963456055293
Group3,1.0459759820907537
Supvelikos,1.1801019399635944
PenaltyAvoidAgent,1.1296426286453063
SBDOneShot,1.0702856883002645
PenaltyAvoidAgent,1.188566941211692
MyAgent,1.0638807751881372
SteadySyncAgent,1.020235668184968
Agent03Agent,1.1640052863550352
Supvelikos,1.1348789535358026
Agent03Agent,1.1160419061060003
LatticeOneShotAgent,1.0920645511278513
Supvelikos,1.0673513780740709
Oneshot,1.16356619449057
IsobeAgent,1.0313665129994212
OneshotOmegaNegotiator,1.0706818634141118
IsobeAgent,1.1105005004207245
AssariAsari,1.1387265853239388
LatticeOneShotAgent,1.1145327369990736
PenaltyAvoidAgent,1.0668013704257264
Group3,1.0069521156705872
BayesianAgent,1.1807119198874927
PenaltyAvoidAgent,1.1528730284654831
Agent03Agent,1.1181417884700446
IsobeAgent,1.0175841478835224
AssariAsari,1.060406399147403
PenaltyAvoidAgent,1.117159149818559
IsobeAgent,1.038343260294455
PenaltyAvoidAgent,1.1921292318267744
TimeWeightedAgent,1.0744786697333877
YamashitaAgent,1.163987653695936
AssariAsari,1.114576020435721
MyAgent,0.9766564514170738
Ysi,1.0276934641138205
Group3,1.167164368765487
EFRDistOneShotAgent,1.0488918496164414
PenaltyAvoidAgent,1.1148295950212943
OneshotOmegaNegotiator,1.0555199271082163
Oneshot,1.1467304236255391
PenaltyAvoidAgent,1.138295634881726
EFRDistOneShotAgent,1.071064000155314
LatticeOneShotAgent,1.1723406013543978
MyAgent,1.014356608849663
YamashitaAgent,1.1766390354182366
Ysi,1.0994916665282952
OneshotOmegaNegotiator,1.1232597361121346
AssariAsari,1.2217030896759609
TimeWeightedAgent,1.1551081113065602
TimeWeightedAgent,1.105744247469034
Supvelikos,1.0612195354830911
Supvelikos,1.0947676545920235
SBDOneShot,1.0792294738462058
TimeWeightedAgent,1.0990384991881594
AssariAsari,1.1256076572549978
Ysi,1.1757122250270464
MyAgent,1.0654042693861896
Oneshot,1.159920694278305
Ysi,1.1601002695247555
OneshotOmegaNegotiator,1.1948075532110582
Ysi,1.117877060910912
OneshotOmegaNegotiator,1.212739282291694
MyAgent,0.9044480672259042
BayesianAgent,1.1362165118027467
Ysi,1.0479662104108294
EFRDistOneShotAgent,1.0756403817844933
Oneshot,1.1144547685668842
YamashitaAgent,1.155707643166072
EFRDistOneShotAgent,1.150345991558274
OneshotOmegaNegotiator,1.1115199806153186
Supvelikos,1.1782215523737751
Supvelikos,1.091509224884457
PenaltyAvoidAgent,1.0825100622027075
Ysi,1.1757122250270464
LatticeOneShotAgent,1.1609267940858277
TimeWeightedAgent,1.0676723621666175
Oneshot,1.140522888154431
Agent03Agent,1.0660112718404722
SBDOneShot,1.157931233018613
YamashitaAgent,1.216428033157498
BayesianAgent,1.161058634606544
AssariAsari,1.164086382013608
IsobeAgent,1.0707745018475907
Supvelikos,1.074846110800224
Ysi,1.100571639252442
PenaltyAvoidAgent,1.1714256211718206
EFRDistOneShotAgent,1.0783685601743402
BayesianAgent,0.9816060119506668
SBDOneShot,1.1140419552931526
TimeWeightedAgent,1.1367315969184346
AssariAsari,1.0525811244399657
AssariAsari,1.122267790346568
YamashitaAgent,1.0486901239406463
TimeWeightedAgent,1.1374665463903195
BayesianAgent,1.1090694363113809
BayesianAgent,1.1558061278549423
Ysi,1.1553245349260888
PenaltyAvoidAgent,0.9695252497780014
Agent03Agent,1.0973381683021275
YamashitaAgent,1.139462481733274
PenaltyAvoidAgent,1.0564203570747823
YamashitaAgent,1.154302871907171
Oneshot,1.1597684152130885
YamashitaAgent,1.149999789520803
SteadySyncAgent,0.7039818250774543
Supvelikos,1.1575073814575656
MyAgent,1.0373209761682336
SteadySyncAgent,0.7525957704611408
Agent03Agent,1.1158100443164178
EFRDistOneShotAgent,1.0604962974025651
MyAgent,1.0751573134891883
Agent03Agent,1.08672259837382
Group3,1.1093976300123145
PenaltyAvoidAgent,1.1409238198106617
Agent03Agent,1.0514466245360234
TimeWeightedAgent,1.2012396093197617
OneshotOmegaNegotiator,1.0623714592498503
AssariAsari,1.1081309738193363
Supvelikos,1.0832488784587255
Ysi,1.1757122250270464
IsobeAgent,1.097567029710392
TimeWeightedAgent,1.173156781635332
IsobeAgent,1.0989391242299902
EFRDistOneShotAgent,1.0992492672587455
YamashitaAgent,1.1718899706894852
BayesianAgent,1.1565936699620274
PenaltyAvoidAgent,1.159391900693936
Group3,1.0901417970653713
YamashitaAgent,1.1916748126425545
TimeWeightedAgent,1.142631287060117
LatticeOneShotAgent,1.128053474234322
Group3,1.059070884822829
YamashitaAgent,1.081320892791804
YamashitaAgent,1.1441203767482964
Supvelikos,1.128460155140491
SBDOneShot,1.067207289412535
OneshotOmegaNegotiator,1.1490337423767385
SteadySyncAgent,1.1736255763245973
Agent03Agent,1.1072533990063742
PenaltyAvoidAgent,1.140542601181778
OneshotOmegaNegotiator,1.0522486086358245
SteadySyncAgent,0.7801245875931174
MyAgent,0.9025439635824852
Group3,0.7124787706899561
MyAgent,0.84106117010625
SBDOneShot,1.1731572127524608
Agent03Agent,1.1610169491525424
BayesianAgent,1.1391907081042034
TimeWeightedAgent,1.052548403778552
Oneshot,1.139462481733274
YamashitaAgent,1.0541965817396275
YamashitaAgent,1.118310664957893
LatticeOneShotAgent,1.0926609038916162
YamashitaAgent,1.1173137638585438
Oneshot,1.028916257911368
YamashitaAgent,1.1110982308597517
PenaltyAvoidAgent,1.0896722463886472
PenaltyAvoidAgent,1.1572288548351897
YamashitaAgent,1.1328802028609255
Supvelikos,1.0885117767983652
Group3,0.892997209766088
MyAgent,1.0385644821641902
BayesianAgent,1.1609267940858277
YamashitaAgent,1.2157337389615477
AssariAsari,1.1781461944235117
AssariAsari,1.2220798794272796
IsobeAgent,1.1569295657996714
PenaltyAvoidAgent,1.1339383513722832
SBDOneShot,1.0485783545447231
SBDOneShot,1.1676517928154493
SteadySyncAgent,1.1349335898284014
TimeWeightedAgent,1.1757122250270464
LatticeOneShotAgent,1.1609267940858277
PenaltyAvoidAgent,1.1250169002658976
BayesianAgent,1.053753152948545
AssariAsari,1.1158681458188766
MyAgent,0.9774831635424964
AssariAsari,1.1090178233302477
Agent03Agent,1.0679398309878771
IsobeAgent,1.108824959253452
PenaltyAvoidAgent,1.1613775694194013
OneshotOmegaNegotiator,1.173155694103314
Agent03Agent,1.1611071042192571
BayesianAgent,1.1160034251205553
OneshotOmegaNegotiator,1.0552124314662796
SBDOneShot,1.1131774456560652
EFRDistOneShotAgent,0.9859929513252416
YamashitaAgent,1.1246518614357175
SteadySyncAgent,1.12722639699563
OneshotOmegaNegotiator,1.1758023800937614
Group3,1.100713604866289
Agent03Agent,1.1352979547574849
AssariAsari,1.054514263930364
Ysi,1.0677030793109767
AssariAsari,1.1527156448736844
PenaltyAvoidAgent,1.1409873562488086
Supvelikos,1.0543236546159225
OneshotOmegaNegotiator,1.0680155971774348
PenaltyAvoidAgent,1.11999654590182
Oneshot,1.1807688758332635
EFRDistOneShotAgent,1.001358449428214
EFRDistOneShotAgent,1.1218580757142784
IsobeAgent,1.0865882991486384
PenaltyAvoidAgent,1.1161223431829963
Oneshot,1.0633121478688303
LatticeOneShotAgent,1.0710688304420817
Agent03Agent,1.1214918467360069
Oneshot,1.0031636900050196
LatticeOneShotAgent,1.119629833713564
SBDOneShot,1.0868200890772997
Ysi,1.0802405855872137
LatticeOneShotAgent,1.1757122250270464
SteadySyncAgent,1.1791065977608617
Supvelikos,1.089871984792952
EFRDistOneShotAgent,1.0762867738590172
Group3,1.102042745625187
Supvelikos,1.1882190797951042
MyAgent,1.1057000854743084
BayesianAgent,1.0529021193892072
MyAgent,0.9751271320473212
OneshotOmegaNegotiator,1.1561552411219642
MyAgent,0.9972141571451322
TimeWeightedAgent,1.0301790400203457
Oneshot,1.1145384557040472
AssariAsari,1.0887725646340445
SteadySyncAgent,1.223124804374255
AssariAsari,1.1791258477769404
PenaltyAvoidAgent,1.1760728452939055
BayesianAgent,1.1610169491525424
Oneshot,1.165456343048635
SBDOneShot,1.1209824499440892
EFRDistOneShotAgent,1.0538583890722155
AssariAsari,1.1332899167239747
Agent03Agent,1.1140404416478054
Oneshot,1.0760341902161412
OneshotOmegaNegotiator,1.1637001381680885
IsobeAgent,1.090355233212569
SteadySyncAgent,1.154237654638373
BayesianAgent,1.1120868684399168
Ysi,1.1149153386497803
BayesianAgent,1.0651111158146347
TimeWeightedAgent,1.0669483667283477
EFRDistOneShotAgent,0.9742001603382984
SBDOneShot,1.1035994752287135
MyAgent,0.9103525335611276
Group3,1.091034245393618
LatticeOneShotAgent,1.1718914845516202
PenaltyAvoidAgent,0.9596088263731328
MyAgent,0.7757073019753526
Group3,1.0775883906966874
LatticeOneShotAgent,1.1317876871777104
PenaltyAvoidAgent,1.1205658001925498
TimeWeightedAgent,1.045615228209809
IsobeAgent,1.1108736405041768
MyAgent,1.052659055075266
Agent03Agent,1.1341041948449897
Supvelikos,1.0535495557610763
SBDOneShot,1.1745106606928837
LatticeOneShotAgent,1.1610169491525424
Ysi,1.176484246276896
OneshotOmegaNegotiator,1.093916145928661
IsobeAgent,1.0281905292378462
PenaltyAvoidAgent,1.1413412323145269
PenaltyAvoidAgent,1.1242056875028168
Supvelikos,1.056430928525712
MyAgent,0.96021486663018
Agent03Agent,1.1640252915139322
SteadySyncAgent,1.080926050125943
Group3,1.1667576275830571
LatticeOneShotAgent,1.0735849620345046
TimeWeightedAgent,1.0721894473279392
TimeWeightedAgent,1.1757122250270464
YamashitaAgent,1.1609267940858277
OneshotOmegaNegotiator,0.985005884076341
PenaltyAvoidAgent,1.11520750870762
Agent03Agent,1.0702973283687178
YamashitaAgent,1.14458994315399
Supvelikos,1.1111394570881494
Group3,0.985572732300666
Group3,1.0951314373039485
SBDOneShot,1.0468789539107208
Oneshot,1.1017987837997651
Supvelikos,1.061246563612601
MyAgent,1.0963879790621622
PenaltyAvoidAgent,1.161467724486116
SteadySyncAgent,1.1050078687231355
SBDOneShot,1.088700090916212
AssariAsari,1.183092329092731
Group3,0.9183074315211948
BayesianAgent,1.114798705057465
Group3,1.0166795408772384
AssariAsari,1.093143389974509
IsobeAgent,1.0132219298334424
LatticeOneShotAgent,1.0712786793508673
Oneshot,1.1076569864274852
PenaltyAvoidAgent,1.1412415020013975
BayesianAgent,1.0498114407993633
YamashitaAgent,1.2174505519101269
EFRDistOneShotAgent,0.990790249419102
SteadySyncAgent,0.7540679919381551
SBDOneShot,1.1152123652852846
IsobeAgent,1.1061713203377146
OneshotOmegaNegotiator,1.159691108918055
TimeWeightedAgent,1.1423590209119976
PenaltyAvoidAgent,1.131110181083872
Supvelikos,1.1757122250270464
Oneshot,1.1611972592859718
TimeWeightedAgent,1.1757122250270464
SBDOneShot,1.1597196100292475
MyAgent,0.7163914337071018
BayesianAgent,1.12767193422945
SBDOneShot,1.1623545478433883
AssariAsari,1.1341745009175497
Oneshot,1.147188049308569
OneshotOmegaNegotiator,1.151152522932364
LatticeOneShotAgent,1.1584188270341322
AssariAsari,1.1674601606687969
TimeWeightedAgent,1.0996335829448811
OneshotOmegaNegotiator,1.0467531483617232
MyAgent,1.0089209945138813
Oneshot,1.1609267940858277
Agent03Agent,0.9657916179037392
PenaltyAvoidAgent,1.0739506263952303
TimeWeightedAgent,1.1865456739925533
BayesianAgent,1.1638383653460995
YamashitaAgent,1.093315888730732
SBDOneShot,1.0758977689646303
TimeWeightedAgent,1.173156209465991
Oneshot,1.15945794285569
TimeWeightedAgent,0.9860618457458726
Oneshot,1.116161076670942
PenaltyAvoidAgent,1.1747050948235376
IsobeAgent,1.0986601877613742
Supvelikos,1.1337655565488227
Agent03Agent,1.0506325269877272
EFRDistOneShotAgent,1.1269696585233846
SBDOneShot,1.048879956824183
OneshotOmegaNegotiator,1.1672989864609356
LatticeOneShotAgent,1.115440490846609
IsobeAgent,1.1135770968145329
TimeWeightedAgent,1.1520518403246311
SBDOneShot,1.167450710186003
TimeWeightedAgent,1.101747932150342
LatticeOneShotAgent,1.0944017563117454
SteadySyncAgent,1.1070235613753083
MyAgent,0.9606935572229413
Ysi,1.080269937897245
EFRDistOneShotAgent,0.913704354682746
LatticeOneShotAgent,1.124290055312388
SBDOneShot,1.0869622756495507
Agent03Agent,1.0781244223992172
Agent03Agent,1.1684317940738336
Group3,1.1475706579978138
SBDOneShot,1.1758023800937614
OneshotOmegaNegotiator,1.1596889183797428
Agent03Agent,1.160264658966063
SBDOneShot,1.083262538261874
Group3,1.0804765610178582
TimeWeightedAgent,1.029291108435138
SBDOneShot,1.0958641449373523
IsobeAgent,0.9816177331214616
IsobeAgent,1.111385436185771
Agent03Agent,1.0494057656094935
Oneshot,1.0086022663683747
BayesianAgent,1.119918798918652
Supvelikos,1.0716284275321768
OneshotOmegaNegotiator,1.1819860968544076
LatticeOneShotAgent,1.009940498962478
SteadySyncAgent,0.8658338787642613
AssariAsari,1.1595016244916307
EFRDistOneShotAgent,1.1410066891535646
MyAgent,1.0647922470564335
Oneshot,1.0541965817396275
TimeWeightedAgent,0.9999016721739924
SteadySyncAgent,0.8897900173962846
OneshotOmegaNegotiator,1.0721470080216495
TimeWeightedAgent,1.0993556064134962
Ysi,0.996483531262906
Oneshot,1.1208272762577722
Ysi,1.0710688304420817
Agent03Agent,1.15660721076181
LatticeOneShotAgent,0.9955765887767234
TimeWeightedAgent,1.1248189641020998
LatticeOneShotAgent,1.1598227186937426
MyAgent,1.0685912073667845
Oneshot,1.1375215490566528
Agent03Agent,1.0500135192050155
LatticeOneShotAgent,1.1133861465812938
Agent03Agent,1.077129908600007
OneshotOmegaNegotiator,1.0910301589518772
IsobeAgent,1.0142150553279603
TimeWeightedAgent,0.9901084474505484
SBDOneShot,1.119948147186553
Supvelikos,1.1396530910477158
AssariAsari,1.0548319461211004
BayesianAgent,1.1159583577448284
Ysi,1.0411486557502485
OneshotOmegaNegotiator,1.1138800210674802
TimeWeightedAgent,1.0633366498456862
EFRDistOneShotAgent,1.091539564609274
SteadySyncAgent,1.172971649957195
AssariAsari,1.223737754333082
YamashitaAgent,1.165141923993408
PenaltyAvoidAgent,0.8897666505203238
OneshotOmegaNegotiator,1.1185313290133976
YamashitaAgent,0.996581288379386
Ysi,1.1177031434390614
Oneshot,1.140911984465062
YamashitaAgent,1.16372360984362
MyAgent,1.0606830289274904
AssariAsari,1.0959512604895396
IsobeAgent,1.0229201077301877
SteadySyncAgent,0.6364489409835518
Agent03Agent,1.1566063629887124
YamashitaAgent,1.1658995945555373
EFRDistOneShotAgent,1.175892535160476
Group3,1.1894734374014122
Ysi,1.0710688304420817
OneshotOmegaNegotiator,1.134334073092408
TimeWeightedAgent,1.1325126052952632
Ysi,1.0872229825097557
IsobeAgent,1.0411877599463468
OneshotOmegaNegotiator,1.047049019523597
PenaltyAvoidAgent,1.0963559860167682
Group3,0.97539315122184
PenaltyAvoidAgent,1.173427775168829
Ysi,1.1609267940858277
IsobeAgent,1.0997858392027613
EFRDistOneShotAgent,0.9837106235864084
TimeWeightedAgent,1.198294206065828
Ysi,1.1193768294493764
YamashitaAgent,1.13849212289729
OneshotOmegaNegotiator,1.0496810576010651
IsobeAgent,1.1012691069416125
AssariAsari,1.089491613684194
SteadySyncAgent,1.1288525751686924
Ysi,1.073137750389415
Ysi,1.0031268520579193
EFRDistOneShotAgent,1.004973682528112
OneshotOmegaNegotiator,1.1147140366657526
SteadySyncAgent,1.063402942931274
OneshotOmegaNegotiator,1.0889260320766971
SteadySyncAgent,0.9559885127200988
EFRDistOneShotAgent,1.090149938835427
LatticeOneShotAgent,1.081320892791804
MyAgent,0.8165763650196866
OneshotOmegaNegotiator,1.0778551527994549
LatticeOneShotAgent,1.15561170592847
EFRDistOneShotAgent,1.1439608080335488
LatticeOneShotAgent,1.2023486724040668
Ysi,1.118437645770942
MyAgent,1.0949463850935413
OneshotOmegaNegotiator,1.1609267940858277
YamashitaAgent,1.158418351348753
SBDOneShot,1.1488644123917766
SteadySyncAgent,1.0640882507987803
OneshotOmegaNegotiator,1.063874512668492
Oneshot,0.9925262940462678
Agent03Agent,1.0930031157923084
SBDOneShot,1.1708122840259518
BayesianAgent,1.1578978331972831
SBDOneShot,1.115121758760159
Supvelikos,1.0686930462539612
BayesianAgent,1.2050223092962438
SteadySyncAgent,1.1683305333348932
Ysi,1.0912173123815634
PenaltyAvoidAgent,1.0826930113428468
Supvelikos,1.1549939078970093
EFRDistOneShotAgent,1.1417572634768005
OneshotOmegaNegotiator,1.119253107647443
Ysi,1.0464880873637896
OneshotOmegaNegotiator,1.0880103358004165
PenaltyAvoidAgent,1.0824185876326382
Ysi,1.1332509729551927
SteadySyncAgent,1.014845709408204
Group3,1.013564917162271
SBDOneShot,1.1559430236088382
Supvelikos,1.1176901616822492
TimeWeightedAgent,1.0689275792631716
BayesianAgent,1.155755790004843
MyAgent,1.063592744640263
PenaltyAvoidAgent,1.0923327832262777
Supvelikos,1.07796235603587
Agent03Agent,1.0693858717059082
Oneshot,1.10076050847328
LatticeOneShotAgent,1.139462481733274
SBDOneShot,1.0511495630797538
LatticeOneShotAgent,1.213533191069076
SBDOneShot,1.1398497760142856
OneshotOmegaNegotiator,1.0702273729903171
YamashitaAgent,1.116423803874745
EFRDistOneShotAgent,0.8187613263582981
Agent03Agent,1.076006615210027
Oneshot,1.135644709910106
PenaltyAvoidAgent,1.051403125862531
EFRDistOneShotAgent,1.0487795244879834
BayesianAgent,1.0539053608443734
BayesianAgent,1.118607769616678
Ysi,1.063744123747555
PenaltyAvoidAgent,1.1604878413575157
Oneshot,1.16118717619864
Agent03Agent,1.1345296217143637
EFRDistOneShotAgent,1.051036711428991
Oneshot,1.069386043914418
IsobeAgent,1.0023095486881333
SBDOneShot,1.1757122250270464
EFRDistOneShotAgent,1.1609267940858277
YamashitaAgent,1.119789084681599
SBDOneShot,1.042837661054164
Group3,0.721742456041996
TimeWeightedAgent,1.120535058784371
Oneshot,1.0945847054518845
IsobeAgent,1.0067577032371091
TimeWeightedAgent,1.0911244491827343
EFRDistOneShotAgent,1.074763156990408
TimeWeightedAgent,1.1376779828155532
LatticeOneShotAgent,1.0541965817396275
EFRDistOneShotAgent,1.0412431172564212
OneshotOmegaNegotiator,1.0476390488524212
YamashitaAgent,1.0047940894103522
Oneshot,1.1173637829234484
EFRDistOneShotAgent,1.086252036033701
SBDOneShot,1.072756628522294
Oneshot,1.0932245793698632
SBDOneShot,1.0771170777474424
Ysi,1.1538912781079025
SteadySyncAgent,0.6897080535510738
EFRDistOneShotAgent,1.082760932511127
Agent03Agent,1.1086804633044822
OneshotOmegaNegotiator,1.1527096764894025
LatticeOneShotAgent,1.1672471372201976
BayesianAgent,0.9899383860898044
Group3,0.8911636828618693
EFRDistOneShotAgent,1.0896779804698624
AssariAsari,1.1822155237377543
Group3,1.166816284736193
MyAgent,1.055955439239041
Agent03Agent,1.1757122250270464
BayesianAgent,1.1609267940858277
OneshotOmegaNegotiator,1.1522793332411705
PenaltyAvoidAgent,1.1366392429002736
Supvelikos,1.1757122250270464
LatticeOneShotAgent,1.1609267940858277
LatticeOneShotAgent,1.1757122250270464
EFRDistOneShotAgent,1.1609267940858277
EFRDistOneShotAgent,0.8804884039591284
OneshotOmegaNegotiator,1.112053973647702
AssariAsari,1.121501644959214
PenaltyAvoidAgent,1.0661589075668123
EFRDistOneShotAgent,1.0630453565090103
Ysi,1.116168430851881
IsobeAgent,1.1063585821548396
YamashitaAgent,1.1229232589891112
Supvelikos,1.1685146686293428
Ysi,1.0977891571128595
IsobeAgent,1.1051679635089602
Supvelikos,1.1579844133787105
TimeWeightedAgent,1.1001276499019008
Agent03Agent,1.0418214796283436
EFRDistOneShotAgent,1.089761985617259
BayesianAgent,1.160017759434784
SBDOneShot,1.0710688304420817
YamashitaAgent,1.1155251200454934
YamashitaAgent,1.0944017563117454
Agent03Agent,1.0768285670999536
Group3,1.0709557020749596
Oneshot,1.086554745447187
Ysi,1.1328705605534042
IsobeAgent,1.031305865329979
Ysi,1.0966135659160976
SteadySyncAgent,1.0653040655085582
OneshotOmegaNegotiator,0.977898117556257
YamashitaAgent,1.1033868620127436
EFRDistOneShotAgent,1.0824002344828052
TimeWeightedAgent,1.081976514930361
BayesianAgent,0.9991507029185376
MyAgent,0.8067589086448308
YamashitaAgent,1.1146069124193472
OneshotOmegaNegotiator,1.0712565206455409
IsobeAgent,0.9740303024921332
Agent03Agent,1.0823144337714363
OneshotOmegaNegotiator,1.174413533128476
EFRDistOneShotAgent,1.161467724486116
BayesianAgent,1.2063482902118
Agent03Agent,1.109831450187143
TimeWeightedAgent,1.1116978891326306
LatticeOneShotAgent,1.0656150990005002
AssariAsari,1.1213213754563072
Oneshot,1.0219492702031985
Ysi,1.1029858494126343
OneshotOmegaNegotiator,1.0427703684650742
SBDOneShot,1.1626767034170369
Agent03Agent,1.1172430676682417
BayesianAgent,1.1757122250270464
IsobeAgent,1.0973174289909426
EFRDistOneShotAgent,1.072177785093043
LatticeOneShotAgent,1.1627730651951689
Group3,1.1940008996370544
Supvelikos,1.1767224752867582
Ysi,1.164821839588012
BayesianAgent,1.1567815824457846
SBDOneShot,1.115423475704702
PenaltyAvoidAgent,1.0887364874634078
Ysi,1.1757122250270464
Oneshot,1.1609267940858277
YamashitaAgent,1.1514000532900996
LatticeOneShotAgent,1.1702987871018635
BayesianAgent,1.1757122250270464
PenaltyAvoidAgent,1.159814343765513
PenaltyAvoidAgent,1.1575790521628648
BayesianAgent,1.1668770171249458
Oneshot,1.1758023800937614
Supvelikos,1.1611972592859718
Group3,1.1000277661487132
BayesianAgent,1.1609267940858277
EFRDistOneShotAgent,1.043751508690855
Supvelikos,1.1181462512577274
BayesianAgent,1.0942301146039657
Agent03Agent,1.078228841101485
Oneshot,1.114681388006747
EFRDistOneShotAgent,0.9631961870288462
Ysi,1.0234194643861194
IsobeAgent,1.0949895643387015
BayesianAgent,1.119751166407465
TimeWeightedAgent,1.0640228023224665
YamashitaAgent,1.0874269589019805
Supvelikos,1.0765265551213672
LatticeOneShotAgent,1.1110922093102855
Group3,0.9027857808460588
BayesianAgent,1.139907236800305
Oneshot,1.0541965817396275
Group3,1.0776937950731846
MyAgent,0.8996018064159962
Ysi,1.114532062640065
Supvelikos,1.0759964615273725
IsobeAgent,1.107505491570203
MyAgent,1.0453787704984985
AssariAsari,1.140161382552894
OneshotOmegaNegotiator,1.052231660184695
OneshotOmegaNegotiator,1.0703145474057918
IsobeAgent,1.0687115532553986
MyAgent,1.048101400280004
OneshotOmegaNegotiator,1.1620727767879178
TimeWeightedAgent,1.156888036030035
MyAgent,1.06537259892853
PenaltyAvoidAgent,1.1411144291251032
EFRDistOneShotAgent,1.0426996584755448
Group3,1.1187973735177803
Oneshot,1.0322441110349911
Ysi,1.096586372101223
MyAgent,0.9886864962763772
BayesianAgent,1.1589150816049572
Oneshot,1.1078883721758168
OneshotOmegaNegotiator,1.090534572796922
TimeWeightedAgent,1.0770077669190323
IsobeAgent,0.9682324119916658
Oneshot,1.11611559650599
OneshotOmegaNegotiator,1.2117971956439375
Oneshot,1.147476192758274
SteadySyncAgent,1.072870162685481
Group3,1.0793412864248362
Agent03Agent,1.0940883252453932
MyAgent,0.9478306878186928
LatticeOneShotAgent,1.1757122250270464
Supvelikos,1.1609267940858277
BayesianAgent,1.1158231556176483
YamashitaAgent,1.05469850174269
IsobeAgent,1.1139669931362903
SteadySyncAgent,0.9968487165707404
Ysi,1.1757122250270464
PenaltyAvoidAgent,1.1612874143526866
Group3,1.0220472144881048
Supvelikos,1.125404137461879
IsobeAgent,1.0581456827491562
YamashitaAgent,1.165179926991634
Supvelikos,1.1757122250270464
PenaltyAvoidAgent,1.161557879552831
Group3,1.0150881733161483
LatticeOneShotAgent,1.1609267940858277
Supvelikos,0.9034662187317226
PenaltyAvoidAgent,1.0801283129588135
YamashitaAgent,1.1134256993803444
SBDOneShot,0.9862815284900226
AssariAsari,0.9011425446360508
Agent03Agent,1.0840241555079355
AssariAsari,1.1376480842300118
SBDOneShot,1.050458081899002
Group3,1.0966583838762658
OneshotOmegaNegotiator,1.0695076685499274
OneshotOmegaNegotiator,1.0710688304420817
MyAgent,0.9136081586467328
Ysi,1.0885145997703722
TimeWeightedAgent,1.034763474645148
PenaltyAvoidAgent,1.0961397731430662
MyAgent,0.992494381276468
OneshotOmegaNegotiator,1.162251065355987
BayesianAgent,1.1638379189122987
OneshotOmegaNegotiator,1.1149321872001092
MyAgent,0.9936708937848808
Group3,1.2074002303259166
Agent03Agent,1.1610169491525424
BayesianAgent,1.1518923777847327
PenaltyAvoidAgent,1.1349004958708808
LatticeOneShotAgent,1.173109685055726
Group3,1.0707359369177143
Supvelikos,1.1758023800937614
Group3,1.145078648156699
EFRDistOneShotAgent,1.0651769372829822
Group3,1.0276889927823372
Oneshot,1.0912817605855925
LatticeOneShotAgent,1.0621028437514084
Supvelikos,1.162607237944976
TimeWeightedAgent,1.142834582127971
AssariAsari,1.0715584778959149
SteadySyncAgent,1.1429592636653143
TimeWeightedAgent,1.1757122250270464
Agent03Agent,1.1609267940858277
MyAgent,0.988799579002754
Supvelikos,1.1668698160637418
SteadySyncAgent,1.0792789164600207
Group3,1.0787150315781708
SBDOneShot,1.1703588286570838
Oneshot,1.1164409340715644
Ysi,1.0839245108989248
SBDOneShot,1.1297468780783315
SBDOneShot,1.0687675956710712
Group3,0.9951762337515792
BayesianAgent,1.157902150669501
LatticeOneShotAgent,1.1675135265508796
SteadySyncAgent,0.7756360616119146
YamashitaAgent,1.1221972638360134
Supvelikos,1.116559049044636
Oneshot,1.0134042747401084
EFRDistOneShotAgent,1.175892535160476
SBDOneShot,1.159691411008638
SteadySyncAgent,1.0699795722471297
AssariAsari,1.1613775694194013
EFRDistOneShotAgent,1.146845691156004
Group3,0.9396860563505413
IsobeAgent,1.000902944820427
PenaltyAvoidAgent,1.062192978502862
Ysi,1.06938592622959
SteadySyncAgent,1.112054115530177
Oneshot,1.1000038766810585
YamashitaAgent,1.053010658693912
Supvelikos,1.165787811552907
AssariAsari,1.108538680471979
Oneshot,1.115677997482041
SteadySyncAgent,1.0667854640485184
SBDOneShot,1.148797293087532
SteadySyncAgent,0.9556510254044712
SteadySyncAgent,1.2244754323286164
Supvelikos,1.178372268274303
BayesianAgent,1.0902389305338578
TimeWeightedAgent,1.078163474192541
SBDOneShot,1.1312216795046544
OneshotOmegaNegotiator,1.0513787547183062
OneshotOmegaNegotiator,1.1370703300239275
EFRDistOneShotAgent,1.0469661537194936
IsobeAgent,1.0335999723681335
AssariAsari,1.1805576488319518
OneshotOmegaNegotiator,1.089904160243707
SBDOneShot,1.0500958014719115
EFRDistOneShotAgent,1.0537762671983824
LatticeOneShotAgent,1.1358702774550584
AssariAsari,1.0942289596967882
PenaltyAvoidAgent,1.0831503841931942
SBDOneShot,1.0695470072335
Supvelikos,1.127020815218973
SteadySyncAgent,1.0772338626237885
YamashitaAgent,1.1922450309547084
Ysi,1.1141706026324707
Agent03Agent,1.0629241277147077
YamashitaAgent,1.217709118311982
LatticeOneShotAgent,1.1673357410624186
YamashitaAgent,1.113383642650595
Group3,1.003952299123753
PenaltyAvoidAgent,1.0641174644663327
LatticeOneShotAgent,1.1702999676313892
PenaltyAvoidAgent,1.0716983771684387
IsobeAgent,1.0203766658197817
EFRDistOneShotAgent,1.064685121782304
BayesianAgent,1.1555341602592986
IsobeAgent,1.1153037744496797
Ysi,1.1639832973461526
Agent03Agent,1.0932261505195375
Supvelikos,1.0628648200079922
Ysi,1.1137106538984438
EFRDistOneShotAgent,1.0647390095489295
IsobeAgent,1.1077002008691563
Agent03Agent,1.1596961748163408
YamashitaAgent,1.0034180436403457
EFRDistOneShotAgent,1.0053003704742038
Group3,0.9834725272124932
SteadySyncAgent,1.088557911627584
LatticeOneShotAgent,1.0706470050455308
BayesianAgent,1.1345199942230733
OneshotOmegaNegotiator,1.113769892009135
SBDOneShot,1.0864679273397315
EFRDistOneShotAgent,0.918976489859076
MyAgent,0.858147237631777
PenaltyAvoidAgent,1.1757122250270464
Oneshot,1.1609267940858277
OneshotOmegaNegotiator,1.0988774554204923
Supvelikos,1.0630041912659425
Oneshot,1.115677997482041
OneshotOmegaNegotiator,1.0665719216049865
PenaltyAvoidAgent,1.12429582225427
Agent03Agent,1.0377680190202003
IsobeAgent,1.1014692376832906
SBDOneShot,1.080670923588233
PenaltyAvoidAgent,1.0712087297146056
OneshotOmegaNegotiator,1.1627971379773836
SBDOneShot,1.1520999803220324
BayesianAgent,1.1094932142483045
SBDOneShot,1.1506608748405736
PenaltyAvoidAgent,1.1440539611617115
BayesianAgent,1.1758023800937614
Oneshot,1.1609267940858277
YamashitaAgent,1.1191581414214251
IsobeAgent,1.0099187364852955
SBDOneShot,1.1542298739893362
AssariAsari,1.1715230053871146
Group3,1.1317031023374224
PenaltyAvoidAgent,1.0722029334672432
Group3,0.6744244574403333
SteadySyncAgent,0.844094050011387
Ysi,1.1757122250270464
OneshotOmegaNegotiator,1.1596634637438072
AssariAsari,1.0690342038843674
OneshotOmegaNegotiator,1.1607882606337818
LatticeOneShotAgent,1.1209608364504935
Agent03Agent,1.036574075921621
MyAgent,1.0912256849398267
Ysi,1.159769964064298
IsobeAgent,1.1087497766582313
YamashitaAgent,1.1609267940858277
PenaltyAvoidAgent,1.1761630003606205
MyAgent,1.05106206906253
Oneshot,1.1018446192886195
IsobeAgent,1.0104774762803417
SteadySyncAgent,1.1257473491041377
AssariAsari,1.065122357925098
Agent03Agent,1.0900010949239405
TimeWeightedAgent,1.07709726630293
SBDOneShot,1.150272771635947
SteadySyncAgent,1.180607446011129
EFRDistOneShotAgent,0.8851941429690411
SBDOneShot,1.131109526162977
PenaltyAvoidAgent,1.2272795779954786
Ysi,1.122315556521684
BayesianAgent,1.1157780882419217
LatticeOneShotAgent,1.058301466440145
Oneshot,1.0710688304420817
Supvelikos,1.1680833850486458
MyAgent,1.0042067716927332
IsobeAgent,1.0039563319499945
Agent03Agent,1.1757122250270464
SBDOneShot,1.1609267940858277
IsobeAgent,1.027188747295706
MyAgent,0.911867032947631
EFRDistOneShotAgent,1.0517228365181817
Supvelikos,1.0604240316689575
SteadySyncAgent,1.2140517510882796
Group3,1.08328837794189
MyAgent,1.037190416073563
SteadySyncAgent,1.116369433243066
LatticeOneShotAgent,1.1757122250270464
AssariAsari,1.1609267940858277
AssariAsari,1.2217784476262246
Agent03Agent,1.1233240059820282
SteadySyncAgent,1.1187040302366975
SBDOneShot,1.041755995117534
MyAgent,1.120607212491293
Agent03Agent,1.114503726134148
LatticeOneShotAgent,1.118860458107375
MyAgent,0.9527347314441031
LatticeOneShotAgent,1.094493230881815
YamashitaAgent,1.0751798865264937
EFRDistOneShotAgent,1.1289087049988082
TimeWeightedAgent,1.0486434264303723
Group3,1.102608822316543
BayesianAgent,1.052369970984766
AssariAsari,1.2154806319760132
BayesianAgent,1.1625651553620278
LatticeOneShotAgent,1.0944017563117454
EFRDistOneShotAgent,1.0789240912550258
Ysi,1.0888858011266078
MyAgent,1.023657097983924
SteadySyncAgent,1.0535749625499675
MyAgent,1.070924952485185
EFRDistOneShotAgent,1.145550328643527
Agent03Agent,1.1537818967018707
Agent03Agent,0.9833238757240076
Group3,0.8740406217642185
EFRDistOneShotAgent,1.1430220709506118
Oneshot,1.167218739398883
LatticeOneShotAgent,1.1395260181714213
IsobeAgent,1.0351812346454576
Ysi,1.1217725941912209
PenaltyAvoidAgent,1.1283621094956977
SBDOneShot,1.1341676044062856
SteadySyncAgent,1.025629995022609
TimeWeightedAgent,1.0024852169894365
Agent03Agent,1.072090252390487
Agent03Agent,1.1757122250270464
OneshotOmegaNegotiator,1.158225361805209
Ysi,1.156844063618103
EFRDistOneShotAgent,1.152931191962132
Agent03Agent,1.1641500863948926
LatticeOneShotAgent,1.1711838886320518
LatticeOneShotAgent,1.1192315693766086
AssariAsari,1.0640858082833835
TimeWeightedAgent,1.145894652550216
Agent03Agent,1.155201369608297
SBDOneShot,1.175892535160476
AssariAsari,1.1613775694194013
Oneshot,1.1683787857768582
EFRDistOneShotAgent,1.0381239299857756
BayesianAgent,1.159503215378661
Group3,0.9300926417655576
PenaltyAvoidAgent,1.0703673005447658
Group3,1.0715266571097342
TimeWeightedAgent,1.0685445278750914
IsobeAgent,1.0791612809968991
LatticeOneShotAgent,1.070227347304961
EFRDistOneShotAgent,0.9990860004376516
OneshotOmegaNegotiator,0.995978612569423
BayesianAgent,1.1237521458660036
AssariAsari,1.0956824002927186
EFRDistOneShotAgent,1.0725495688466244
Agent03Agent,1.0735371961666234
Ysi,1.0927244036695922
EFRDistOneShotAgent,1.0711387800783436
Supvelikos,1.1892590656466653
Group3,1.167164368765487
LatticeOneShotAgent,1.0533608683565785
SBDOneShot,1.0125078405351662
BayesianAgent,1.1266612501482447
AssariAsari,0.924926996542586
IsobeAgent,1.096985380803466
Ysi,1.0952465325563938
Supvelikos,1.058118745353563
EFRDistOneShotAgent,1.0646871400179845
PenaltyAvoidAgent,1.099230654033516
YamashitaAgent,1.1585166076568871
PenaltyAvoidAgent,1.1630153429562513
Group3,0.6998868566218397
LatticeOneShotAgent,1.081320892791804
TimeWeightedAgent,0.9974487406221872
MyAgent,0.8959077612275099
Agent03Agent,1.1486003186367506
BayesianAgent,1.1635984445072367
SBDOneShot,1.1757122250270464
BayesianAgent,1.1610169491525424
Supvelikos,1.1331113780057274
PenaltyAvoidAgent,1.0541734645545813
Oneshot,1.151502459932396
AssariAsari,1.1675551293568782
SteadySyncAgent,1.2225006453468132
LatticeOneShotAgent,1.1762622456669178
YamashitaAgent,1.1177690866818195
MyAgent,0.9364680104752436
Agent03Agent,1.0694827213508336
AssariAsari,1.184055588218024
AssariAsari,1.1894225811995187
LatticeOneShotAgent,1.1212520703322555
AssariAsari,1.0947676545920235
Agent03Agent,1.0758929122348273
IsobeAgent,1.111542659867425
MyAgent,1.0374998052595723
TimeWeightedAgent,1.0866133501388653
Oneshot,1.081320892791804
BayesianAgent,1.116183694623462
EFRDistOneShotAgent,1.0246435427829996
Supvelikos,1.167751241267845
LatticeOneShotAgent,1.1361562287081166
AssariAsari,1.1197329628839072
SteadySyncAgent,1.0659005910917807
OneshotOmegaNegotiator,1.0637561532757005
Oneshot,1.0159911180058687
YamashitaAgent,1.0102792509312768
SBDOneShot,1.1268173995089
Supvelikos,1.1183005136701876
OneshotOmegaNegotiator,1.0419839952597838
EFRDistOneShotAgent,1.1757122250270464
YamashitaAgent,1.1609267940858277
SBDOneShot,1.1726889435382133
YamashitaAgent,1.1665748042006805
IsobeAgent,1.0310879704596254
SBDOneShot,1.074941334632379
SteadySyncAgent,1.0854826099783963
Agent03Agent,1.0502202246801424
IsobeAgent,1.0693117968162915
Oneshot,1.074684467635057
Ysi,1.1135812446723563
Group3,0.9240653002469552
AssariAsari,1.1207075372324249
TimeWeightedAgent,1.031429247371887
LatticeOneShotAgent,1.2098779979907786
SteadySyncAgent,1.184821719090654
OneshotOmegaNegotiator,1.2082718244911972
IsobeAgent,0.985957333400066
EFRDistOneShotAgent,1.1102582821444982
AssariAsari,1.0899643707208528
PenaltyAvoidAgent,0.897275004575816
Supvelikos,0.9454640766529008
OneshotOmegaNegotiator,1.137801886693204
Group3,0.872808506250434
Supvelikos,1.182919028002586
Agent03Agent,1.112452562791684
Group3,1.1971641597644065
Ysi,1.1596571589507805
YamashitaAgent,1.151401899809496
Ysi,1.156000764808487
BayesianAgent,1.1529696356766972
IsobeAgent,1.0874318695722536
Agent03Agent,1.1744341139882886
PenaltyAvoidAgent,1.1611071042192571
MyAgent,1.0782794774461952
Supvelikos,1.054514263930364
AssariAsari,1.073377168438724
TimeWeightedAgent,1.1428687463680256
PenaltyAvoidAgent,1.1761630003606205
Agent03Agent,1.1594569628946405
SteadySyncAgent,0.8124243478983632
Ysi,1.1584125758723527
LatticeOneShotAgent,1.0944017563117454
PenaltyAvoidAgent,1.082327113062569
LatticeOneShotAgent,1.139462481733274
BayesianAgent,1.0514784483423665
EFRDistOneShotAgent,1.0475411594697732
Group3,1.0449956989509852
Group3,1.1349047509250454
IsobeAgent,1.04908689883422
Agent03Agent,1.069162039878719
EFRDistOneShotAgent,0.9656269852563756
YamashitaAgent,1.0944017563117454
Group3,1.1244054152945482
AssariAsari,1.0951335528723014
BayesianAgent,1.0801673134063632
SteadySyncAgent,0.7271435133756222
Group3,0.9015897624022836
LatticeOneShotAgent,1.1185248272438553
Supvelikos,1.0561025251770093
Oneshot,1.1111764777673965
Group3,0.9436956588535964
TimeWeightedAgent,1.1581918273640126
EFRDistOneShotAgent,1.1456319155741306
SBDOneShot,1.0042010821610492
MyAgent,0.8276589366536372
SBDOneShot,1.0256578474444296
PenaltyAvoidAgent,1.096994778087676
MyAgent,0.881597981792362
YamashitaAgent,1.0788312119971912
OneshotOmegaNegotiator,1.1602210280958565
MyAgent,1.0706147530224392
MyAgent,0.9923749579421818
SBDOneShot,1.0746750744565947
BayesianAgent,1.150363801978069
Agent03Agent,1.1562092059072049
IsobeAgent,1.0296906730881057
Oneshot,1.076890917335857
AssariAsari,1.0958653494328576
Supvelikos,1.0822356384924992
Agent03Agent,1.0907045470437358
IsobeAgent,1.0114253973359972
LatticeOneShotAgent,1.1757122250270464
MyAgent,1.0788021720438434
SBDOneShot,1.0692637073187166
Ysi,1.1078931575530098
EFRDistOneShotAgent,1.1025700946629655
YamashitaAgent,1.0772403364569636
AssariAsari,1.134895564571019
Agent03Agent,1.1141197688357358
TimeWeightedAgent,1.136615540545372
Oneshot,1.0541965817396275
IsobeAgent,1.10674867884796
TimeWeightedAgent,1.1596687849607252
YamashitaAgent,1.1757122250270464
Ysi,1.1609267940858277
Supvelikos,1.2176337603617182
YamashitaAgent,1.1767897513187642
YamashitaAgent,1.1757122250270464
OneshotOmegaNegotiator,1.159690334753873
SteadySyncAgent,1.1286673576997612
TimeWeightedAgent,1.0435044829254878
OneshotOmegaNegotiator,1.136402686910342
Ysi,1.047649400307798
SteadySyncAgent,1.0834095759580655
LatticeOneShotAgent,1.0541965817396275
EFRDistOneShotAgent,1.0892474562391172
YamashitaAgent,1.0814123673618734
IsobeAgent,1.1103008998917827
AssariAsari,1.054514263930364
AssariAsari,0.8993539090059715
Supvelikos,0.9777407435065596
IsobeAgent,1.110169280916847
Ysi,1.1584432214931606
OneshotOmegaNegotiator,0.9905440835030777
Agent03Agent,1.1096965978631543
MyAgent,1.0382200953708034
Agent03Agent,1.1610169491525424
LatticeOneShotAgent,1.1556097427949314
IsobeAgent,1.0945392249604813
SBDOneShot,1.091862450189722
SteadySyncAgent,1.0652293528932075
EFRDistOneShotAgent,1.1077267382488112
SteadySyncAgent,1.066708032262038
Ysi,1.08794069964162
YamashitaAgent,1.059215587763649
Group3,0.9861877365202216
Oneshot,1.1580388794091878
MyAgent,0.9610084304743012
BayesianAgent,1.1600175519075886
AssariAsari,0.8797443289680007
LatticeOneShotAgent,1.113139237238728
Supvelikos,1.0710688304420817
AssariAsari,1.1808643977088094
TimeWeightedAgent,1.1149011562248712
IsobeAgent,1.0249200464387238
SBDOneShot,1.1757122250270464
YamashitaAgent,1.1609267940858277
IsobeAgent,1.031034098755994
TimeWeightedAgent,1.1512508051197547
SteadySyncAgent,1.0401068448147268
Oneshot,1.0800769676878814
YamashitaAgent,1.2107508572842098
Group3,1.077259207244909
Ysi,1.0702273909748763
Supvelikos,1.1850359949927065
OneshotOmegaNegotiator,1.0867569312659635
LatticeOneShotAgent,1.081320892791804
TimeWeightedAgent,1.1066371823711252
AssariAsari,1.065753301185272
OneshotOmegaNegotiator,1.115110284221846
AssariAsari,1.0849005744652074
SteadySyncAgent,1.1366923375896822
IsobeAgent,1.051022711352836
SBDOneShot,1.1041229542099384
AssariAsari,1.0665645139483528
Agent03Agent,1.174777489977628
AssariAsari,1.1797287113790504
YamashitaAgent,1.0644070979721143
IsobeAgent,1.1191719423664257
BayesianAgent,1.0711387800783436
Supvelikos,1.0988810915908969
Ysi,1.090076856282549
BayesianAgent,1.0779498733161077
YamashitaAgent,0.9967940453799918
BayesianAgent,1.1097494666742838
Group3,1.1263920800618192
Supvelikos,1.0795352579595645
SteadySyncAgent,1.1286353591755474
BayesianAgent,1.07706864655784
Ysi,1.0932154077266572
AssariAsari,1.082327113062569
BayesianAgent,1.175892535160476
OneshotOmegaNegotiator,1.1609267940858277
Oneshot,1.1146640202088585
LatticeOneShotAgent,1.088817312780631
EFRDistOneShotAgent,1.1757122250270464
Ysi,1.1596707181597257
IsobeAgent,1.1071159301093578
SteadySyncAgent,1.1124796841294595
PenaltyAvoidAgent,0.9451254002467376
AssariAsari,0.976932875320532
TimeWeightedAgent,0.98881967270633
Group3,0.8770360608825493
Group3,0.8755961842114144
LatticeOneShotAgent,1.1951236195596595
Agent03Agent,1.1352889893607594
SBDOneShot,1.0488478022231618
BayesianAgent,1.116183694623462
PenaltyAvoidAgent,1.051407032842065
SteadySyncAgent,0.8498126854717504
BayesianAgent,1.1609267940858277
OneshotOmegaNegotiator,0.9834607939426936
Ysi,1.1152577256259903
TimeWeightedAgent,1.1154297216047988
PenaltyAvoidAgent,1.0977894299430562
YamashitaAgent,1.1384921174649791
EFRDistOneShotAgent,1.0411081169135974
OneshotOmegaNegotiator,1.168792363228598
PenaltyAvoidAgent,1.107799374568797
EFRDistOneShotAgent,1.12010805623675
TimeWeightedAgent,1.1477699076638157
Group3,0.9293058471902764
MyAgent,1.1069189203116894
Agent03Agent,1.0711380925465248
LatticeOneShotAgent,1.1740724682510315
PenaltyAvoidAgent,1.1169369769680813
Supvelikos,1.0840527553656258
Supvelikos,1.1376474889896078
YamashitaAgent,1.0533584690309503
LatticeOneShotAgent,0.9965803933435148
EFRDistOneShotAgent,0.9511502991378372
Supvelikos,1.220422004521477
PenaltyAvoidAgent,1.1849284099472497
Group3,1.2026988774126768
TimeWeightedAgent,1.15967226890167
IsobeAgent,1.03263338099677
Agent03Agent,1.0784174107657205
TimeWeightedAgent,1.099586524909437
YamashitaAgent,1.05717416574982
TimeWeightedAgent,1.06945253560816
Agent03Agent,1.145751640205105
SBDOneShot,1.1436850065895006
Oneshot,1.1673222058307766
AssariAsari,1.1694170987795756
SteadySyncAgent,1.1314032941114782
Supvelikos,1.1173467242720796
PenaltyAvoidAgent,1.058323098494249
Supvelikos,1.1617197515037965
Group3,1.188066241805948
Supvelikos,1.1091629188846648
SBDOneShot,1.0852351126274182
SteadySyncAgent,1.164539145078435
TimeWeightedAgent,1.0998612092680238
YamashitaAgent,1.139462481733274
AssariAsari,1.0531578633288112
SBDOneShot,1.114722635907429
LatticeOneShotAgent,1.070367209865761
TimeWeightedAgent,1.0891095793995944
Agent03Agent,1.0807367700531254
IsobeAgent,1.1162870572198802
LatticeOneShotAgent,1.1674292317319888
Group3,1.182656378391735
TimeWeightedAgent,1.154739955415062
AssariAsari,1.1638891628044572
Oneshot,1.1610788258167226
SBDOneShot,1.113572683968752
Oneshot,1.0702087127655688
MyAgent,0.7097141146896239
LatticeOneShotAgent,1.1162272699457072
OneshotOmegaNegotiator,1.0679005465507228
Group3,1.0529618538486245
EFRDistOneShotAgent,1.0913270839909202
AssariAsari,1.0807150946683295
Supvelikos,1.175892535160476
OneshotOmegaNegotiator,1.1609267940858277
MyAgent,0.8644039736475793
IsobeAgent,1.0141057438222003
Supvelikos,1.1733386328934692
AssariAsari,1.1609267940858277
Supvelikos,1.1355808692934235
EFRDistOneShotAgent,1.0401471993266311
OneshotOmegaNegotiator,1.171856352922558
TimeWeightedAgent,1.1584554688001425
TimeWeightedAgent,1.1128084065798314
EFRDistOneShotAgent,0.9767918809995536
IsobeAgent,1.0385586268584388
YamashitaAgent,1.0800756313623374
Oneshot,1.1657154315606872
BayesianAgent,1.160017422906831
EFRDistOneShotAgent,1.0415673854859284
PenaltyAvoidAgent,1.05727864852243
Group3,1.1275513269576396
MyAgent,0.9463855146158952
EFRDistOneShotAgent,1.121781180618047
Supvelikos,1.171777931170496
BayesianAgent,1.1425015765810371
AssariAsari,1.123641753570502
YamashitaAgent,1.1557095729697526
IsobeAgent,1.0726582491503347
YamashitaAgent,1.0685444877605148
AssariAsari,1.1325113825489623
Ysi,1.1638895808162653
Group3,1.1224818639986605
LatticeOneShotAgent,0.9941992675159668
AssariAsari,0.9921130275674664
BayesianAgent,0.9952688486236648
YamashitaAgent,1.1227387559004869
AssariAsari,1.1378384155557808
MyAgent,0.9200243599027574
AssariAsari,1.175892535160476
OneshotOmegaNegotiator,1.1609267940858277
SteadySyncAgent,1.097805438064102
Group3,1.040523469230081
AssariAsari,1.1225381946009283
OneshotOmegaNegotiator,1.047282207269088
SteadySyncAgent,1.1735005816170263
SBDOneShot,1.1309742596079555
IsobeAgent,1.0995476166091112
Group3,0.970181478071215
TimeWeightedAgent,1.0978820420006514
IsobeAgent,1.0839103056107326
Agent03Agent,1.164758393363839
LatticeOneShotAgent,1.1266333340437304
IsobeAgent,1.1169393973005726
OneshotOmegaNegotiator,1.1486221138187265
BayesianAgent,1.2076352098945289
EFRDistOneShotAgent,0.9942679343154172
IsobeAgent,1.1134238118782953
Supvelikos,1.1393710259494758
IsobeAgent,1.1134818576837504
TimeWeightedAgent,1.1542757822427931
AssariAsari,1.1609064244917346
OneshotOmegaNegotiator,1.1551998101277026
AssariAsari,1.164678039641061
PenaltyAvoidAgent,1.1666094891761054
Ysi,1.132218105845616
AssariAsari,1.0544507274922168
AssariAsari,1.0749860100727475
Ysi,1.0943711422729314
PenaltyAvoidAgent,0.9556722122862004
EFRDistOneShotAgent,1.016361902935149
Group3,1.0635953600433412
SteadySyncAgent,1.1863176143322842
AssariAsari,1.1643822108273345
TimeWeightedAgent,1.1477656602202455
OneshotOmegaNegotiator,1.1377846946178638
AssariAsari,1.053992859190274
Ysi,1.157037455035124
SBDOneShot,1.1296251437052174
Group3,1.1114251838466034
BayesianAgent,1.0494925262682364
LatticeOneShotAgent,1.183774570564935
SBDOneShot,1.128330409550927
OneshotOmegaNegotiator,1.1350761934294742
IsobeAgent,1.034039008160116
Oneshot,1.0711387800783436
YamashitaAgent,1.139700659082652
MyAgent,1.0449000538234905
AssariAsari,1.1778447626224566
YamashitaAgent,1.174297596398599
TimeWeightedAgent,1.078642737664294
BayesianAgent,1.012883083341312
Supvelikos,1.038215384071169
OneshotOmegaNegotiator,1.1363893431474106
Oneshot,1.0542601181777749
Ysi,1.1332800700954244
LatticeOneShotAgent,1.0541965817396275
TimeWeightedAgent,1.0701751442357368
YamashitaAgent,1.156730190998807
EFRDistOneShotAgent,1.0472496131587212
YamashitaAgent,1.052516996534973
SBDOneShot,1.005684324850217
EFRDistOneShotAgent,1.0114614066255496
Oneshot,1.002203519357962
TimeWeightedAgent,1.1089614678214594
Group3,1.2053151674201823
IsobeAgent,1.0770906500109971
Group3,1.1968007050705969
Agent03Agent,1.1466969663815494
Agent03Agent,1.1800760068458658
Ysi,1.1100308593515311
LatticeOneShotAgent,1.139462481733274
Oneshot,1.053418820807436
Agent03Agent,1.1562258550082989
SteadySyncAgent,1.1795878089288856
Agent03Agent,1.1758023800937614
Ysi,1.1609267940858277
LatticeOneShotAgent,0.9942234802167412
BayesianAgent,1.112552536220783
Supvelikos,1.139589554609569
MyAgent,0.9888399660530368
LatticeOneShotAgent,1.118272861592148
TimeWeightedAgent,1.0418219761335257
OneshotOmegaNegotiator,1.1618354127344344
Agent03Agent,1.113996651902088
BayesianAgent,1.2073526920624993
PenaltyAvoidAgent,1.085758356901198
AssariAsari,0.9477706205589812
MyAgent,0.8236667363676266
LatticeOneShotAgent,1.114533098583239
IsobeAgent,1.066546668824719
SteadySyncAgent,1.167164368765487
AssariAsari,1.0543871910540694
SteadySyncAgent,1.0868358175511117
OneshotOmegaNegotiator,1.0780961242144755
Supvelikos,1.1103963269667017
IsobeAgent,1.0327053258935577
LatticeOneShotAgent,1.2122683586886855
MyAgent,0.8981629225149627
Supvelikos,1.1379020700336202
LatticeOneShotAgent,1.0541965817396275
BayesianAgent,1.089779634743139
Oneshot,1.081320892791804
BayesianAgent,1.1388093153063006
LatticeOneShotAgent,1.0541965817396275
EFRDistOneShotAgent,1.0863370547487878
TimeWeightedAgent,1.0759571454977537
OneshotOmegaNegotiator,1.1588814685351867
TimeWeightedAgent,1.0837319927625948
AssariAsari,1.222607385079126
Oneshot,1.150104813587176
OneshotOmegaNegotiator,1.1343144780270649
Supvelikos,1.052711525498121
SteadySyncAgent,1.218687819719405
Ysi,1.117407852764988
SBDOneShot,1.0711387800783436
SteadySyncAgent,1.117476051401863
Oneshot,1.160019364221664
MyAgent,1.0539939709890906
Agent03Agent,1.0682568810453477
PenaltyAvoidAgent,1.202468230694037
LatticeOneShotAgent,1.139462481733274
YamashitaAgent,1.0541965817396275
OneshotOmegaNegotiator,1.1151109624751443
Oneshot,1.0395230708577154
Supvelikos,1.176253155427335
TimeWeightedAgent,1.1609267940858277
Supvelikos,1.0898745029310308
BayesianAgent,1.0741236824140108
Oneshot,1.1679121022812098
SteadySyncAgent,1.1257784106751985
OneshotOmegaNegotiator,1.1517059853745812
SBDOneShot,1.1513340711137323
SBDOneShot,1.1327624775137832
PenaltyAvoidAgent,1.055213164749984
Group3,1.0851894156456754
SBDOneShot,1.0416245077532726
Supvelikos,1.1643550079078813
SteadySyncAgent,1.1346757572588466
Group3,1.137164747551318
YamashitaAgent,1.167084229672659
MyAgent,0.9394651250787832
YamashitaAgent,1.1698156922217198
SteadySyncAgent,1.0976508950003288
EFRDistOneShotAgent,1.0126862270313688
OneshotOmegaNegotiator,1.1376047547269756
SteadySyncAgent,1.080564203570748
YamashitaAgent,1.1570163148056247
Group3,0.918169303721768
AssariAsari,1.1658613548959669
LatticeOneShotAgent,1.166092764929625
YamashitaAgent,1.0693859828025456
Supvelikos,1.163508326448779
AssariAsari,1.1760728452939055
Agent03Agent,1.1609267940858277
BayesianAgent,1.1757122250270464
LatticeOneShotAgent,1.1609267940858277
Supvelikos,1.1133516249839006
BayesianAgent,1.049257220037073
Group3,0.7555683099324837
Supvelikos,0.9543338619166252
TimeWeightedAgent,0.9967564279615364
AssariAsari,1.0056242847340084
PenaltyAvoidAgent,1.193632926619694
SBDOneShot,1.1152703602850604
EFRDistOneShotAgent,0.8562725794076018
Group3,0.8672206373495944
LatticeOneShotAgent,1.1757122250270464
Oneshot,1.1609267940858277
TimeWeightedAgent,1.1897696804062785
EFRDistOneShotAgent,0.997081743450105
PenaltyAvoidAgent,1.1250169002658976
SBDOneShot,1.0496097665585862
EFRDistOneShotAgent,1.078557031698728
PenaltyAvoidAgent,1.0820886540862036
Agent03Agent,1.0876379820688735
BayesianAgent,1.0547117941322277
BayesianAgent,1.115273325565356
SteadySyncAgent,1.0709204674462565
TimeWeightedAgent,1.0868058688558608
YamashitaAgent,1.0800774318475823
SteadySyncAgent,1.0858279736284535
Oneshot,1.1593197232431685
TimeWeightedAgent,1.1359857280821724
BayesianAgent,1.0511616696149113
OneshotOmegaNegotiator,1.114371886904458
BayesianAgent,1.061441156513965
SBDOneShot,1.011289156374043
Agent03Agent,1.1252652048479934
Agent03Agent,1.1338310929269386
Ysi,1.0478060639379916
OneshotOmegaNegotiator,1.1691525513533414
SteadySyncAgent,1.1738078887877017
AssariAsari,1.1758023800937614
Ysi,1.1596937691789042
OneshotOmegaNegotiator,1.1555262718414585
EFRDistOneShotAgent,1.0641809346042892
Supvelikos,1.154678255288136
SBDOneShot,1.1520046914529487
IsobeAgent,1.029828347834739
PenaltyAvoidAgent,1.0825100622027075
Agent03Agent,1.172928042064596
MyAgent,0.8956139605740894
SteadySyncAgent,1.1303653328466805
LatticeOneShotAgent,1.1706932255201656
EFRDistOneShotAgent,1.0346166229466498
Oneshot,1.0414686936252846
Ysi,1.0900277087382453
OneshotOmegaNegotiator,1.078211148938192
LatticeOneShotAgent,1.1175709890561465
TimeWeightedAgent,1.0584399718779631
Ysi,1.0931389314976678
Supvelikos,1.0815953165020125
YamashitaAgent,1.119789084681599
PenaltyAvoidAgent,1.0627788543873091
Oneshot,1.139462481733274
AssariAsari,1.0544507274922168
Group3,1.1203708035095774
TimeWeightedAgent,1.0697679657734955
Group3,0.7029695307362915
IsobeAgent,1.0898632633417658
SBDOneShot,1.1362466639062356
Supvelikos,1.0529024520749175
EFRDistOneShotAgent,1.138220306456675
OneshotOmegaNegotiator,1.1520709281499208
EFRDistOneShotAgent,1.1047316341776954
IsobeAgent,0.975053059429936
LatticeOneShotAgent,1.2117025579418854
EFRDistOneShotAgent,1.015396106962679
PenaltyAvoidAgent,0.9872497194668428
SteadySyncAgent,0.9421629954130704
PenaltyAvoidAgent,1.1406696740580724
Oneshot,1.0542601181777749
LatticeOneShotAgent,1.118844456791205
IsobeAgent,1.0006762172841217
BayesianAgent,1.0719741966207277
Ysi,1.1463519044384145
Ysi,1.1658863086511644
YamashitaAgent,1.1757019395536723
Supvelikos,1.217106254709872
SBDOneShot,1.1236286371366888
Oneshot,1.094493230881815
YamashitaAgent,1.0814123673618734
LatticeOneShotAgent,1.1200347656033325
OneshotOmegaNegotiator,1.0441855358821563
Ysi,1.1573436497343903
Supvelikos,1.1620874957080978
PenaltyAvoidAgent,1.162584291323197
EFRDistOneShotAgent,1.1444558912974292
AssariAsari,1.107725439872728
Group3,0.953837357702462
Group3,1.1853968641949566
OneshotOmegaNegotiator,1.1542606129045112
Ysi,1.1757122250270464
BayesianAgent,1.159458174191586
EFRDistOneShotAgent,1.0874285801122303
SteadySyncAgent,1.054641572069217
YamashitaAgent,1.1395260181714213
SBDOneShot,1.0468451475581984
OneshotOmegaNegotiator,1.148836584917492
BayesianAgent,1.16542673256787
OneshotOmegaNegotiator,0.9917148200745686
LatticeOneShotAgent,1.1145998894655522
BayesianAgent,1.1640543280823823
EFRDistOneShotAgent,1.077463862263082
PenaltyAvoidAgent,1.090160070801619
BayesianAgent,1.0802563261466351
TimeWeightedAgent,1.1899017155346403
LatticeOneShotAgent,1.175282592313489
Oneshot,1.139462481733274
IsobeAgent,1.0336682945918223
SBDOneShot,1.149830679225699
LatticeOneShotAgent,1.1613821121329762
AssariAsari,1.118537912842218
MyAgent,0.958407051663847
Agent03Agent,1.1530082301356477
Supvelikos,1.1585237821593863
TimeWeightedAgent,1.114904443067702
MyAgent,0.9763082521339692
Ysi,1.1757122250270464
Supvelikos,1.1610169491525424
SBDOneShot,1.1757122250270464
PenaltyAvoidAgent,1.1612874143526866
PenaltyAvoidAgent,1.0958653494328576
Group3,0.92352919012011
EFRDistOneShotAgent,1.1760728452939055
AssariAsari,1.1610169491525424
EFRDistOneShotAgent,1.0670713210023708
IsobeAgent,1.110517754370622
MyAgent,0.87664886241531
Agent03Agent,1.0760440100031523
EFRDistOneShotAgent,1.104913792595692
OneshotOmegaNegotiator,1.087619959921068
AssariAsari,1.1166407465007775
Oneshot,1.0694724224775454
AssariAsari,1.119084647856032
Ysi,1.053105056514428
MyAgent,1.0968510847734732
Group3,1.0643096895429571
Agent03Agent,1.1486043804345631
Group3,0.9885704487152376
Oneshot,1.1928859733657418
Ysi,1.133600557805872
Agent03Agent,1.1731762369664291
LatticeOneShotAgent,1.1609267940858277
SBDOneShot,1.0710688304420817
Agent03Agent,1.1549355265017345
Agent03Agent,0.9876713944715726
Ysi,1.122300290928542
OneshotOmegaNegotiator,1.137221056356216
TimeWeightedAgent,1.0529093558264826
SteadySyncAgent,1.0411150159875917
MyAgent,0.9630380560984438
OneshotOmegaNegotiator,1.1983514625497171
EFRDistOneShotAgent,1.019651223602584
MyAgent,0.9259087715123092
IsobeAgent,1.0117635939823508
MyAgent,0.759900493867793
YamashitaAgent,1.1178171856756467
SteadySyncAgent,1.168141325886625
AssariAsari,1.1390329432054584
Agent03Agent,1.0926944360249575
TimeWeightedAgent,1.0269992009406568
SBDOneShot,1.1151140540651068
YamashitaAgent,1.0815000838675988
BayesianAgent,1.161621141899221
OneshotOmegaNegotiator,1.1591368784460188
SBDOneShot,1.0890233298890557
MyAgent,0.855048031759936
Agent03Agent,1.1558405244115877
EFRDistOneShotAgent,1.1337109197969832
SBDOneShot,1.1725653723307483
LatticeOneShotAgent,1.1374235168629734
EFRDistOneShotAgent,1.11893653262238
Ysi,1.06712108658306
OneshotOmegaNegotiator,0.980297251862086
SteadySyncAgent,0.9107775641048144
Oneshot,1.1744353825568734
Agent03Agent,1.1573082434213895
LatticeOneShotAgent,1.0009347160808757
Group3,0.8511415169783285
IsobeAgent,1.1095301006183629
TimeWeightedAgent,1.052805679990479
YamashitaAgent,1.1528013319305328
Agent03Agent,1.1631235399759088
LatticeOneShotAgent,1.094493230881815
IsobeAgent,1.0247922837371186
TimeWeightedAgent,1.1445885594787364
Group3,1.199221121113211
BayesianAgent,1.0712087297146056
SteadySyncAgent,1.1304861766526992
OneshotOmegaNegotiator,1.1041776013765203
BayesianAgent,1.0545765920050476
Oneshot,1.1578330182013046
AssariAsari,1.1378880809360954
LatticeOneShotAgent,1.139462481733274
Ysi,1.0485588362887324
AssariAsari,1.1216819144621208
EFRDistOneShotAgent,0.9808951237221696
Group3,1.134026443619267
Agent03Agent,1.0729024435767167
AssariAsari,1.1378377901242855
Supvelikos,1.051101346097138
MyAgent,1.009298995539709
Supvelikos,1.1788244159758854
SteadySyncAgent,0.6971547578566776
YamashitaAgent,1.0800774655076744
OneshotOmegaNegotiator,1.1759331662904535
SteadySyncAgent,1.1046676534864577
Group3,1.0858880624410263
BayesianAgent,1.0801686056553692
AssariAsari,1.1217269818378477
SBDOneShot,1.0501922070158711
MyAgent,1.0023522460125232
AssariAsari,1.063429424465014
Agent03Agent,1.07189977194366
TimeWeightedAgent,1.1085098490778271
SteadySyncAgent,1.0748748407294375
Ysi,1.0353680069847044
EFRDistOneShotAgent,1.086341556319501
BayesianAgent,1.08044275206282
TimeWeightedAgent,1.0693381540858695
Supvelikos,1.180746061899727
YamashitaAgent,1.1757122250270464
EFRDistOneShotAgent,1.15807604318358
SBDOneShot,1.0015228891217276
Supvelikos,0.9514341420923332
Agent03Agent,1.0863662999557435
YamashitaAgent,1.0789239833679496
Supvelikos,1.1578012040017844
LatticeOneShotAgent,1.1687667478565968
Supvelikos,1.1735611985359948
BayesianAgent,1.1006680221823604
EFRDistOneShotAgent,1.0518088698303305
SBDOneShot,1.0448014150957463
SBDOneShot,1.0740766648013431
TimeWeightedAgent,1.1156769433748552
TimeWeightedAgent,1.1555130460631655
LatticeOneShotAgent,1.1659813047743073
AssariAsari,1.1214544915944604
TimeWeightedAgent,1.0594733733863686
LatticeOneShotAgent,1.2129279651212266
OneshotOmegaNegotiator,1.1731696072977045
Ysi,1.150332255579553
MyAgent,0.964150791609494
IsobeAgent,1.06280323001666
Group3,1.1142481056121734
Oneshot,1.1158261127156928
Supvelikos,1.0819888937263349
Ysi,1.1757122250270464
TimeWeightedAgent,1.1596756046560062
Supvelikos,1.1757122250270464
EFRDistOneShotAgent,1.1611071042192571
MyAgent,0.9817741306279694
Agent03Agent,1.0781807915276456
OneshotOmegaNegotiator,1.1744970720460448
Oneshot,1.1610169491525424
Agent03Agent,1.1637575663045368
Supvelikos,1.178673700075358
Oneshot,1.130631206807842
Group3,1.05954558819539
LatticeOneShotAgent,1.1145323278609474
YamashitaAgent,1.0815979140685472
BayesianAgent,1.1523834597425886
MyAgent,0.8464427608013263
TimeWeightedAgent,1.089995903381402
LatticeOneShotAgent,1.081320892791804
Supvelikos,1.1043278324810124
Oneshot,1.041542561136401
PenaltyAvoidAgent,0.8923695406883224
Group3,0.8632715816678465
Oneshot,1.1145332982403349
MyAgent,0.9859608717620848
MyAgent,1.0365988491666949
Agent03Agent,1.1307783900961292
Group3,1.133345983173257
LatticeOneShotAgent,1.089104812454715
YamashitaAgent,1.115716919622028
Ysi,1.0580351147166809
OneshotOmegaNegotiator,1.0990931781578075
PenaltyAvoidAgent,1.0617873721213211
OneshotOmegaNegotiator,1.113016630348049
Group3,1.0577178126727924
OneshotOmegaNegotiator,1.1581090441950204
Group3,1.206709108691676
SteadySyncAgent,1.033517909845144
BayesianAgent,1.07439725994207
Oneshot,1.1912349630056418
OneshotOmegaNegotiator,1.166522914468568
OneshotOmegaNegotiator,1.0914572200866424
MyAgent,0.9600136986257066
PenaltyAvoidAgent,1.2248757166241309
YamashitaAgent,1.1757347400150715
TimeWeightedAgent,1.1004161325108992
Oneshot,1.0112995248077403
Group3,1.0860253478953084
PenaltyAvoidAgent,1.0825100622027075
OneshotOmegaNegotiator,1.0707738749659084
Ysi,1.0855951616621475
Ysi,1.1221490025188412
LatticeOneShotAgent,1.085797326117136
AssariAsari,1.1387457344790295
TimeWeightedAgent,1.0506192178685614
PenaltyAvoidAgent,1.0709269138555866
Supvelikos,1.124965335136422
EFRDistOneShotAgent,1.1259355881967996
AssariAsari,1.0545778003685111
Ysi,1.1757122250270464
AssariAsari,1.1609267940858277
BayesianAgent,1.1539113542876724
LatticeOneShotAgent,1.1263979037764882
EFRDistOneShotAgent,1.1759826902271908
OneshotOmegaNegotiator,1.1609267940858277
SBDOneShot,1.117993789442307
Group3,0.9704831586610992
Supvelikos,1.1375205996254558
OneshotOmegaNegotiator,1.0526514729412646
SBDOneShot,1.1757122250270464
Oneshot,1.1610169491525424
Supvelikos,1.0892431144177477
YamashitaAgent,1.0801674916772468
TimeWeightedAgent,1.104940197590799
SBDOneShot,1.08907936597787
BayesianAgent,1.1513736130588437
YamashitaAgent,1.16589644916249
TimeWeightedAgent,1.1138407279890976
Group3,0.9052615501827808
Agent03Agent,1.1128127607763618
Group3,0.8872776272593514
TimeWeightedAgent,1.1111736248248556
Agent03Agent,1.071177806416179
SteadySyncAgent,1.162172377093157
MyAgent,1.0840448245168923
Supvelikos,1.106114988590598
EFRDistOneShotAgent,1.0135488081333293
TimeWeightedAgent,1.200612023395207
Oneshot,1.1433153371197042
EFRDistOneShotAgent,1.1055291453238063
Supvelikos,1.0161634029894528
Agent03Agent,1.1341975386783816
OneshotOmegaNegotiator,1.0522319682312689
OneshotOmegaNegotiator,1.0694548647631223
EFRDistOneShotAgent,0.9488274640528518
Ysi,1.132983298400115
SBDOneShot,1.0427772654752234
SteadySyncAgent,1.035384735285069
OneshotOmegaNegotiator,1.0504858399925212
TimeWeightedAgent,1.0876996548321338
SteadySyncAgent,1.065558296245607
BayesianAgent,1.1630451161010504
SBDOneShot,1.121701304421216
IsobeAgent,1.0255470008821232
Oneshot,1.0789224495792678
BayesianAgent,1.095042078302232
LatticeOneShotAgent,1.081320892791804
YamashitaAgent,1.152899046969708
MyAgent,1.0929183642625386
Agent03Agent,0.9870017436362696
EFRDistOneShotAgent,0.9945526472652813
Group3,1.0907306233527554
Agent03Agent,1.0388004916972855
PenaltyAvoidAgent,1.193976628286647
Supvelikos,1.1260921164864528
EFRDistOneShotAgent,1.090058650705911
MyAgent,1.024584859266341
Agent03Agent,1.155280564121887
OneshotOmegaNegotiator,1.1529395175718504
Agent03Agent,0.9877007607296472
MyAgent,0.8098711138499277
Agent03Agent,1.17497860127858
IsobeAgent,0.9675178846997156
Ysi,1.0708569677681783
BayesianAgent,1.1593086407901698
EFRDistOneShotAgent,1.1757122250270464
LatticeOneShotAgent,1.1609267940858277
YamashitaAgent,1.0035641940345756
AssariAsari,1.034140607874142
YamashitaAgent,1.1757122250270464
PenaltyAvoidAgent,1.1600892207193416
IsobeAgent,1.1102034717420128
SBDOneShot,1.0462634040157666
MyAgent,1.0796696211067531
OneshotOmegaNegotiator,1.068408409619507
MyAgent,0.9727098097288114
Agent03Agent,1.1517994052135674
IsobeAgent,1.0285027686307249
SBDOneShot,1.1237814225350995
LatticeOneShotAgent,1.2092846039474974
PenaltyAvoidAgent,1.0914683335011457
YamashitaAgent,1.1757122250270464
MyAgent,1.091284260627021
PenaltyAvoidAgent,1.1749749294558158
TimeWeightedAgent,1.1571984326052978
TimeWeightedAgent,1.153342450373822
Supvelikos,1.159394783773741
Oneshot,1.1621603192832588
YamashitaAgent,1.1251089559634793
IsobeAgent,1.09924936214094
YamashitaAgent,1.052686910652863
MyAgent,0.9992972859544345
SBDOneShot,1.0489951181494988
IsobeAgent,1.1096766080928206
PenaltyAvoidAgent,1.056102674884046
SBDOneShot,1.08470780482879
IsobeAgent,1.0141284961630006
SteadySyncAgent,1.1416485156412994
Oneshot,1.1643573485893184
TimeWeightedAgent,1.0645417101959558
AssariAsari,1.1735622129786043
Agent03Agent,1.0869780572095138
PenaltyAvoidAgent,1.0628340388139803
BayesianAgent,1.0936811468196457
Group3,1.1212750095773492
SBDOneShot,0.995128863741282
LatticeOneShotAgent,1.11613457416788
YamashitaAgent,1.0944017563117454
SteadySyncAgent,0.6966957423131657
SBDOneShot,1.1148691797682864
IsobeAgent,1.0522463745537174
LatticeOneShotAgent,1.174434719773189
TimeWeightedAgent,1.1596926826914224
SBDOneShot,1.1833271391435063
AssariAsari,1.179276563677468
IsobeAgent,1.130384730827159
EFRDistOneShotAgent,1.0494887671596171
LatticeOneShotAgent,1.139462481733274
Supvelikos,1.050966342174881
OneshotOmegaNegotiator,1.0866677592092266
YamashitaAgent,1.0801661446036768
SteadySyncAgent,1.1568317041248315
LatticeOneShotAgent,1.1302760452659646
Oneshot,1.1515992325716429
IsobeAgent,1.0890791749854871
BayesianAgent,1.0715443459792793
LatticeOneShotAgent,1.175077952410109
OneshotOmegaNegotiator,1.1559995209445748
BayesianAgent,1.1123218246565318
EFRDistOneShotAgent,1.1759826902271908
Agent03Agent,1.1609267940858277
MyAgent,1.117869314475996
AssariAsari,1.1396288021996908
SteadySyncAgent,1.2220518959517503
PenaltyAvoidAgent,1.092403712322456
LatticeOneShotAgent,1.0668614376842045
YamashitaAgent,1.1097495967318027
MyAgent,0.9875123476447528
Agent03Agent,1.041631879965457
MyAgent,1.1001523124476935
SteadySyncAgent,1.124184784615265
SBDOneShot,1.152405432243343
Agent03Agent,1.162088069144419
EFRDistOneShotAgent,1.094756904369561
BayesianAgent,1.066920338864814
TimeWeightedAgent,1.155285214593762
IsobeAgent,1.0847505676380689
Supvelikos,1.1122218643199804
MyAgent,1.0040932199878725
PenaltyAvoidAgent,1.1618703889363131
OneshotOmegaNegotiator,1.1607771516723455
Agent03Agent,1.1733674682933295
TimeWeightedAgent,1.148398766161845
Group3,1.020415237257586
MyAgent,0.9843401578554268
SteadySyncAgent,0.9443463382760212
IsobeAgent,1.0978868254462744
MyAgent,1.0158415423739378
Group3,1.0175094162383636
SBDOneShot,1.1071732446030538
Agent03Agent,1.045001035515629
Group3,0.8094331581707438
AssariAsari,1.0875737731047648
Ysi,1.0888168189781462
SteadySyncAgent,1.020358058297426
SBDOneShot,1.0878437382603532
PenaltyAvoidAgent,1.082327113062569
BayesianAgent,1.204901214938219
SBDOneShot,1.1341033240024962
Ysi,1.149258223006575
LatticeOneShotAgent,1.1674359575597095
SteadySyncAgent,0.7060778942571238
Agent03Agent,1.081320892791804
BayesianAgent,1.150806965065139
IsobeAgent,1.080335775668553
IsobeAgent,0.9597162737586667
BayesianAgent,1.1198445866694189
TimeWeightedAgent,1.1936439469446214
Group3,1.149701174737903
Agent03Agent,1.1366964072943295
YamashitaAgent,1.0541965817396275
MyAgent,1.0040147664921732
PenaltyAvoidAgent,1.052717580703213
AssariAsari,0.8983062226280226
TimeWeightedAgent,1.09113444502793
Supvelikos,1.1413466913334849
PenaltyAvoidAgent,1.1723695887979488
BayesianAgent,1.2089010154473938
AssariAsari,1.1766631932910268
Ysi,1.144706319904504
Oneshot,1.162734691801779
Ysi,1.115398313899472
OneshotOmegaNegotiator,1.0627320079818352
YamashitaAgent,1.1757122250270464
BayesianAgent,1.1609267940858277
Oneshot,1.189673743323715
MyAgent,0.87839591489641
OneshotOmegaNegotiator,1.1577138368004298
IsobeAgent,1.0904596534791346
Supvelikos,0.8552851887712113
BayesianAgent,1.0950662358567749
LatticeOneShotAgent,1.1189726857341495
PenaltyAvoidAgent,1.0485125567224938
Ysi,1.0901129817575272
Oneshot,1.0800741706047658
IsobeAgent,1.1176990100809792
OneshotOmegaNegotiator,1.1228950691246176
SteadySyncAgent,0.7960107314224402
Agent03Agent,1.1549691897651992
Agent03Agent,1.1809533026482888
SBDOneShot,1.1312440852276195
PenaltyAvoidAgent,1.1593950884370112
OneshotOmegaNegotiator,1.087615378500138
MyAgent,1.1241864430670525
EFRDistOneShotAgent,1.0487173690127491
YamashitaAgent,1.124956668946955
Oneshot,1.1135257799535443
LatticeOneShotAgent,1.0710688304420817
Group3,1.015312900406862
EFRDistOneShotAgent,1.0951751269317995
PenaltyAvoidAgent,1.1850791258477769
LatticeOneShotAgent,1.1757122250270464
BayesianAgent,1.1609267940858277
OneshotOmegaNegotiator,1.1757122250270464
SBDOneShot,1.1609267940858277
IsobeAgent,1.0253450398095785
EFRDistOneShotAgent,1.081869740212221
Group3,1.128570619207769
YamashitaAgent,1.0879888893049376
MyAgent,1.03379074783778
EFRDistOneShotAgent,1.0073037872376107
BayesianAgent,1.2063725889187549
Group3,1.115413051217003
BayesianAgent,1.1160034251205553
MyAgent,0.9301378131953254
IsobeAgent,0.9632060885476104
LatticeOneShotAgent,1.114350439300568
Agent03Agent,1.1652505320898965
TimeWeightedAgent,1.0903145820057478
MyAgent,1.000222625034558
LatticeOneShotAgent,1.0720219523014387
Supvelikos,1.1089787991513305
OneshotOmegaNegotiator,1.0537441380330488
MyAgent,0.8635011602316648
TimeWeightedAgent,1.0760633618754398
Oneshot,1.1492102639876651
Ysi,1.1055806304064455
IsobeAgent,1.1067756238322075
LatticeOneShotAgent,1.1609267940858277
TimeWeightedAgent,1.068525821372685
MyAgent,0.8727060812986625
PenaltyAvoidAgent,0.9763439212269228
Oneshot,1.1239699653304125
YamashitaAgent,1.0908670668754523
EFRDistOneShotAgent,1.0771666761748608
YamashitaAgent,1.1578602116141397
LatticeOneShotAgent,1.136911017582299
EFRDistOneShotAgent,1.0906991947423437
Agent03Agent,1.0759588392882986
TimeWeightedAgent,1.1034880175845811
IsobeAgent,1.0114100463422149
Supvelikos,1.1040016403212622
PenaltyAvoidAgent,1.1028718138982914
Group3,1.167164368765487
Ysi,1.0483254264340671
Oneshot,1.1080439994109152
SBDOneShot,1.0330968319768254
IsobeAgent,1.1111751066437223
AssariAsari,1.1611071042192571
BayesianAgent,1.136151389258337
Agent03Agent,1.0497894063517854
IsobeAgent,1.1027027816811603
BayesianAgent,1.1077731488894085
LatticeOneShotAgent,1.1570183258266342
BayesianAgent,1.1599145776729451
SteadySyncAgent,1.1708178926640522
Group3,0.9415554494261236
OneshotOmegaNegotiator,1.1085420265628738
IsobeAgent,1.024234757670644
IsobeAgent,1.036707942981609
Supvelikos,1.0578641135688718
BayesianAgent,1.1378388448254722
PenaltyAvoidAgent,1.0547590252594123
Agent03Agent,1.1731748770510242
Oneshot,1.1609267940858277
Supvelikos,1.1028488899052078
Agent03Agent,1.078233313697733
MyAgent,1.0357149211842192
LatticeOneShotAgent,1.081320892791804
SteadySyncAgent,1.1223763433024585
MyAgent,0.9638495815553152
Group3,1.1137583028352227
BayesianAgent,1.086362211199357
Supvelikos,1.1201884170018683
SBDOneShot,1.040932342463063
AssariAsari,1.1217269818378477
Agent03Agent,1.044395241057962
MyAgent,1.0392856899766874
YamashitaAgent,1.1609267940858277
Oneshot,1.1529019916987864
EFRDistOneShotAgent,1.140576051247311
Oneshot,1.0914929008805525
Ysi,1.0412826061931957
Ysi,1.14203105173501
IsobeAgent,1.0935751130720852
Oneshot,1.1757122250270464
TimeWeightedAgent,1.159703533600296
OneshotOmegaNegotiator,1.0900169160886106
SBDOneShot,1.0737741179419789
TimeWeightedAgent,1.1060775377627576
BayesianAgent,1.0536524463889272
Supvelikos,1.1376213688144965
Group3,0.965506046682412
TimeWeightedAgent,1.1519028144940704
AssariAsari,1.169776094976814
OneshotOmegaNegotiator,1.1358464337879903
BayesianAgent,1.0487170543916935
EFRDistOneShotAgent,1.0425795474547723
MyAgent,0.976621614207568
Ysi,1.1857811394980122
AssariAsari,1.1806330067822155
YamashitaAgent,1.139462481733274
BayesianAgent,1.0481913827047251
Supvelikos,1.2215523737754332
Agent03Agent,1.1250059211042036
SteadySyncAgent,0.8466552585717734
Supvelikos,1.1896828436694489
LatticeOneShotAgent,1.2074999858958024
YamashitaAgent,1.1690600895050194
MyAgent,1.0495957648242298
TimeWeightedAgent,1.051652977003159
EFRDistOneShotAgent,1.0366205035034493
SBDOneShot,1.1008402867044182
AssariAsari,1.2206689464397764
EFRDistOneShotAgent,0.998541019846118
AssariAsari,1.0719082260772244
BayesianAgent,1.148940705230014
PenaltyAvoidAgent,1.2270535041446873
TimeWeightedAgent,1.1559452593940516
SteadySyncAgent,1.1686814374446282
EFRDistOneShotAgent,1.0665585717796855
OneshotOmegaNegotiator,1.173247094883849
IsobeAgent,1.0986918307025872
TimeWeightedAgent,1.1154128284477076
Supvelikos,1.0872771911342578
Oneshot,1.0947682890519743
Group3,1.0242084635420712
Ysi,1.0914457278693763
Group3,1.0504693803501757
MyAgent,1.030764363990727
Oneshot,1.0814123673618734
PenaltyAvoidAgent,1.1633961147815797
LatticeOneShotAgent,1.1704960063110148
Ysi,1.087874942955748
Agent03Agent,1.0760258226080863
OneshotOmegaNegotiator,1.0891852496452752
AssariAsari,1.0825100622027075
OneshotOmegaNegotiator,1.1030689058472831
Agent03Agent,1.0413154044654904
AssariAsari,1.1757122250270464
MyAgent,1.0841567855903766
MyAgent,1.0892819528068989
YamashitaAgent,1.1291601086078231
Group3,1.041544959738632
Agent03Agent,1.079150715731696
SBDOneShot,1.1016698259083773
Group3,1.0184514908607676
SteadySyncAgent,0.8251717589161698
PenaltyAvoidAgent,1.1611972592859718
IsobeAgent,1.107477829115227
Oneshot,1.1609267940858277
PenaltyAvoidAgent,1.124115552751363
LatticeOneShotAgent,1.060898513954441
Oneshot,1.1764157666157982
PenaltyAvoidAgent,1.1814619442351169
Oneshot,1.0857101752060203
MyAgent,0.9805128796934212
SBDOneShot,1.1702648533554554
Agent03Agent,1.1261623214330168
OneshotOmegaNegotiator,1.2033006025871311
Group3,1.1421733546709476
PenaltyAvoidAgent,1.0714185786233912
AssariAsari,1.1998615184099055
Group3,1.1282181164659544
Oneshot,1.1100449623688493
OneshotOmegaNegotiator,0.9969649901844364
Oneshot,1.107969442055896
AssariAsari,1.0716983771684387
EFRDistOneShotAgent,0.9667654161661624
SteadySyncAgent,1.167164368765487
EFRDistOneShotAgent,1.0454921090335592
YamashitaAgent,1.1598238934909688
OneshotOmegaNegotiator,1.1583581718110705
SBDOneShot,1.1758023800937614
Ysi,1.1609267940858277
OneshotOmegaNegotiator,1.1745150120908123
PenaltyAvoidAgent,1.1569691560044733
IsobeAgent,1.1080300344591962
OneshotOmegaNegotiator,1.05223886201286
Ysi,1.1563818344604992
Agent03Agent,1.1525084982805172
EFRDistOneShotAgent,1.1069850894372104
PenaltyAvoidAgent,1.061769357317863
Oneshot,1.000521919144764
SteadySyncAgent,0.8773008071359836
PenaltyAvoidAgent,0.9311475993503958
Ysi,1.123761024283487
Ysi,0.9963698630683628
YamashitaAgent,1.1197255242947997
Supvelikos,0.9000179252030039
LatticeOneShotAgent,1.116234518479739
Oneshot,1.1471909639312283
Group3,0.8559881393724272
MyAgent,1.0094064230982436
Supvelikos,1.1855408955921842
Oneshot,1.139462481733274
MyAgent,0.9657114070359708
OneshotOmegaNegotiator,1.1757122250270464
AssariAsari,1.1610169491525424
IsobeAgent,1.0293875751450388
BayesianAgent,1.1277391811615505
Group3,0.9893196630382508
EFRDistOneShotAgent,1.0241455486012938
Group3,1.149886087025471
MyAgent,0.8745760369533322
Agent03Agent,1.1542212157466936
OneshotOmegaNegotiator,1.1227715278702404
AssariAsari,1.095225027442371
YamashitaAgent,1.080168558842836
OneshotOmegaNegotiator,0.9902776784664712
Group3,0.8163123658328544
EFRDistOneShotAgent,1.1348221928074087
YamashitaAgent,1.1672350571739467
Supvelikos,1.1474817655444638
YamashitaAgent,1.1595358962158606
BayesianAgent,1.094493230881815
MyAgent,0.9284593735579388
Group3,1.099449224508504
IsobeAgent,1.0951665319063997
BayesianAgent,0.9939622405019362
TimeWeightedAgent,1.107843820251942
PenaltyAvoidAgent,1.1553604146533665
AssariAsari,1.1668799886276755
AssariAsari,1.0711387800783436
MyAgent,0.9407673804023244
Agent03Agent,1.0686298759343953
IsobeAgent,1.0822554799519777
Ysi,1.132646583563769
Supvelikos,1.0526449598455687
IsobeAgent,1.113641464736716
LatticeOneShotAgent,1.0541965817396275
IsobeAgent,1.0168260717154394
MyAgent,0.839451850315444
SteadySyncAgent,1.1287402459455271
SBDOneShot,1.1609267940858277
LatticeOneShotAgent,1.0944017563117454
TimeWeightedAgent,1.0760472157876833
BayesianAgent,1.066160134059123
Agent03Agent,1.1610880676979225
SBDOneShot,1.0084839065361515
Oneshot,1.1088560694130487
LatticeOneShotAgent,1.070227418801129
OneshotOmegaNegotiator,1.121781704858194
Ysi,0.9910229710557767
PenaltyAvoidAgent,1.0662285472519908
LatticeOneShotAgent,1.1140584906049664
BayesianAgent,1.0534090338500433
YamashitaAgent,1.0944017563117454
MyAgent,0.7939941637335214
BayesianAgent,1.0936821719301002
OneshotOmegaNegotiator,1.0795508120162416
SteadySyncAgent,1.1513544698740563
YamashitaAgent,1.1672350092663597
Ysi,1.0920459669064069
SBDOneShot,1.0738035377830952
YamashitaAgent,1.1395260181714213
SteadySyncAgent,1.080564203570748
AssariAsari,1.1397801639240104
SteadySyncAgent,0.764433114722474
SBDOneShot,1.157952833559831
Oneshot,1.148955106821115
Supvelikos,1.2194423511680483
Group3,1.152153193483756
OneshotOmegaNegotiator,1.1501166224550965
Ysi,1.1588397265176664
SBDOneShot,1.1307278067789084
EFRDistOneShotAgent,1.0493566860868873
PenaltyAvoidAgent,1.1639877724090326
TimeWeightedAgent,1.14500969213787
PenaltyAvoidAgent,1.1927307097439424
BayesianAgent,1.110911862351966
SBDOneShot,1.160210363305476
TimeWeightedAgent,1.1474658382978236
Oneshot,1.1757122250270464
IsobeAgent,1.0989601011770926
Group3,1.186235144768653
LatticeOneShotAgent,1.1687600551705677
SteadySyncAgent,1.174948044009207
Supvelikos,1.1579932947146638
AssariAsari,1.1379012960126862
PenaltyAvoidAgent,1.055657919817015
Agent03Agent,1.1562370007168417
AssariAsari,1.139714727616429
Supvelikos,0.7947107074104165
Group3,0.8689507601195804
PenaltyAvoidAgent,1.1160482855661704
YamashitaAgent,1.0654737030307144
AssariAsari,1.095773874862788
SteadySyncAgent,1.0508739708554478
Supvelikos,1.1701774085831496
SBDOneShot,1.1204764949557369
MyAgent,1.1074229926511567
YamashitaAgent,1.0534223221571355
Ysi,1.0695250101003844
Group3,0.9689069966673564
Supvelikos,1.1759826902271908
SBDOneShot,1.1596735902665831
YamashitaAgent,1.0710688304420817
EFRDistOneShotAgent,0.9782944448622972
AssariAsari,1.1569883504820475
Agent03Agent,1.156963534988645
Oneshot,1.146673369102473
SteadySyncAgent,1.1797280566001684
IsobeAgent,1.11414853168954
Supvelikos,1.0543871910540694
LatticeOneShotAgent,1.2131570106040277
AssariAsari,1.1787490580256217
OneshotOmegaNegotiator,1.1444008036122617
LatticeOneShotAgent,1.167116695587217
TimeWeightedAgent,1.0999211301010277
Group3,1.0251702529352755
OneshotOmegaNegotiator,1.117384621852135
LatticeOneShotAgent,1.0808178380006277
Group3,1.1073546215775527
SBDOneShot,1.0828056556453056
Ysi,1.1335780548656291
YamashitaAgent,1.0541965817396275
MyAgent,0.9896412388796202
BayesianAgent,1.161454573054128
Agent03Agent,1.115118840059316
MyAgent,1.0043569684805225
Group3,1.1037969826826968
AssariAsari,1.1698376436482336
AssariAsari,1.1376482449743943
LatticeOneShotAgent,1.0541965817396275
Ysi,1.0717710823045503
TimeWeightedAgent,1.108208808436991
Agent03Agent,1.0928029158188397
Oneshot,1.020283237402244
SteadySyncAgent,1.024932590830659
MyAgent,0.9606671756877676
Oneshot,0.9949929669115336
MyAgent,0.7727185121755081
MyAgent,1.071861743798479
Ysi,1.113176490866906
TimeWeightedAgent,1.1137171813785298
Oneshot,1.0564119922836774
OneshotOmegaNegotiator,1.165268789444863
YamashitaAgent,1.1192990902539433
Agent03Agent,1.0889225148236723
LatticeOneShotAgent,1.081320892791804
Oneshot,1.119010590239206
Ysi,1.052082419338562
LatticeOneShotAgent,1.0944017563117454
MyAgent,0.9943432162469736
YamashitaAgent,1.1167505815369452
TimeWeightedAgent,1.041306142713312
LatticeOneShotAgent,1.1688558231010098
PenaltyAvoidAgent,1.1436243340780203
Group3,0.980359289435213
MyAgent,0.9067562849640928
SteadySyncAgent,1.1345159082895682
Oneshot,1.1092682880193934
YamashitaAgent,0.997933099702725
OneshotOmegaNegotiator,1.1285633037301606
MyAgent,1.0033988173090191
BayesianAgent,1.0549371310108613
SteadySyncAgent,0.8521235483227819
OneshotOmegaNegotiator,1.133036660782993
LatticeOneShotAgent,1.139462481733274
TimeWeightedAgent,1.05261994767322
Ysi,1.1879287836527974
Oneshot,1.144935224577355
EFRDistOneShotAgent,1.1007944446525333
MyAgent,0.8399343348883149
Oneshot,1.1574082103249066
SBDOneShot,1.142226594268826
PenaltyAvoidAgent,1.0716284275321768
Agent03Agent,1.1498642274663695
YamashitaAgent,1.138492194411945
Supvelikos,1.0519995811124554
Oneshot,1.092137592208246
BayesianAgent,1.0776819315012105
Ysi,1.0851946672753696
Agent03Agent,1.044355105498844
BayesianAgent,1.0703673137786476
IsobeAgent,1.1190547519713592
SteadySyncAgent,0.7855052796837948
Oneshot,1.1609267940858277
IsobeAgent,1.201479769220014
Agent03Agent,1.1080214025130966
BayesianAgent,1.0710688304420817
EFRDistOneShotAgent,0.9586540020751748
PenaltyAvoidAgent,1.0964141968532748
SBDOneShot,1.0739447278502203
IsobeAgent,1.0739767587747944
Group3,1.0469606958337327
Supvelikos,1.1479511171257992
Ysi,1.1520390471900728
SBDOneShot,1.0851561281844335
TimeWeightedAgent,1.0802943641178484
BayesianAgent,1.1757122250270464
Ysi,1.159674479013609
Oneshot,1.07022734363105
SteadySyncAgent,1.142525910370673
BayesianAgent,1.1588116055529851
AssariAsari,1.1738487328665812
EFRDistOneShotAgent,1.082723319855965
Group3,1.0392890991802717
Supvelikos,1.2207033976379795
Oneshot,1.1169728294746746
EFRDistOneShotAgent,1.1194602035747832
BayesianAgent,1.1593524548275826
BayesianAgent,1.1497653052053525
SBDOneShot,1.1551956554700875
OneshotOmegaNegotiator,1.0677028760422247
SteadySyncAgent,1.1151213726720772
MyAgent,0.9882245689965108
LatticeOneShotAgent,1.1918163244368043
Ysi,1.084570179716561
LatticeOneShotAgent,1.0623027748628129
LatticeOneShotAgent,1.115677997482041
SteadySyncAgent,1.0723333361694405
SBDOneShot,1.149455663184759
YamashitaAgent,1.1687644847820262
PenaltyAvoidAgent,1.138201123544811
YamashitaAgent,1.0533551268962953
Ysi,1.007254169359773
TimeWeightedAgent,1.116107376392112
SBDOneShot,1.155350148866785
Ysi,1.161562128334563
MyAgent,0.7831172787588372
Supvelikos,1.0175242088750456
EFRDistOneShotAgent,1.1757122250270464
Oneshot,1.1609267940858277
IsobeAgent,1.0388311066744815
SBDOneShot,1.1257728707753565
Group3,1.1035254616675991
Ysi,1.1294901128709975
IsobeAgent,1.1207316064886308
Agent03Agent,1.1173803344786772
PenaltyAvoidAgent,0.9297050341435054
SBDOneShot,1.121765595802506
YamashitaAgent,1.2190655614167294
Oneshot,1.144543826088569
IsobeAgent,0.9616421641909022
MyAgent,0.7998234955240069
YamashitaAgent,1.139462481733274
LatticeOneShotAgent,1.0541965817396275
PenaltyAvoidAgent,1.1253323718959845
Oneshot,1.0311266450213452
TimeWeightedAgent,1.0706636957119362
BayesianAgent,1.1477264573759969
SteadySyncAgent,0.8327464113333105
Ysi,1.111223769775424
EFRDistOneShotAgent,1.0439444081980975
AssariAsari,1.0631844607688494
YamashitaAgent,1.0710688304420817
Group3,1.025205160186403
SteadySyncAgent,1.1239373021300103
Supvelikos,1.0614694049579156
OneshotOmegaNegotiator,1.1554057847742272
AssariAsari,1.178975131876413
Supvelikos,1.1207805669475863
Ysi,1.0208429056052422
Group3,1.089971513127885
PenaltyAvoidAgent,1.0636378868749508
EFRDistOneShotAgent,1.1211419814299046
LatticeOneShotAgent,1.0541965817396275
SBDOneShot,1.1801151447711804
OneshotOmegaNegotiator,1.0848085181609983
YamashitaAgent,1.1757122250270464
Oneshot,1.1610169491525424
Agent03Agent,1.0694982459956826
Group3,0.987183542438419
EFRDistOneShotAgent,1.0822742167519404
OneshotOmegaNegotiator,1.0771972292480705
Group3,0.7232237421187434
LatticeOneShotAgent,1.107955061783987
SteadySyncAgent,1.097902024800443
AssariAsari,1.093530857136422
TimeWeightedAgent,0.9945868610882952
OneshotOmegaNegotiator,1.1246127826277506
YamashitaAgent,1.0710688304420817
BayesianAgent,1.1507920325920749
Oneshot,1.187256106742862
Agent03Agent,1.124651433370096
BayesianAgent,1.0706471253807277
OneshotOmegaNegotiator,1.1273260004789722
Oneshot,0.9951412187257376
EFRDistOneShotAgent,1.006106299347039
BayesianAgent,1.135962110878022
EFRDistOneShotAgent,1.0511591582323945
IsobeAgent,1.1147261375082844
Oneshot,1.053358068104732
Ysi,1.0685444485045383
EFRDistOneShotAgent,1.0308793222858468
TimeWeightedAgent,1.174459983227967
Ysi,1.1609267940858277
SteadySyncAgent,1.0056998328878333
LatticeOneShotAgent,1.1609267940858277
OneshotOmegaNegotiator,1.103121754850375
LatticeOneShotAgent,1.0618013692188897
IsobeAgent,1.1121283124875585
YamashitaAgent,1.0541965817396275
MyAgent,1.115148181527754
Supvelikos,1.1361907355482954
Agent03Agent,1.135158419294668
BayesianAgent,1.053867788113756
Agent03Agent,1.1758023800937614
Supvelikos,1.1610169491525424
YamashitaAgent,1.0710688304420817
SteadySyncAgent,1.115904967275149
IsobeAgent,1.1036805167024435
LatticeOneShotAgent,1.122736551720705
IsobeAgent,1.1085734859953429
Group3,1.060254662039863
Agent03Agent,1.1516933697115137
AssariAsari,1.1745390000986096
Group3,1.0781285135723606
EFRDistOneShotAgent,1.081869740212221
YamashitaAgent,1.1195186804272388
Supvelikos,1.0585861852312073
MyAgent,0.983086586408522
EFRDistOneShotAgent,1.0138225217928545
AssariAsari,1.16776903320452
PenaltyAvoidAgent,1.1051300452579111
OneshotOmegaNegotiator,1.070052530331744
EFRDistOneShotAgent,1.0154306504769106
PenaltyAvoidAgent,1.158404587471058
SteadySyncAgent,1.1293729095938747
LatticeOneShotAgent,1.139462481733274
Agent03Agent,1.0493605413206102
PenaltyAvoidAgent,1.1633927706014668
Agent03Agent,1.1235434860463605
IsobeAgent,1.1168766029347463
Oneshot,1.1626986937758832
Oneshot,1.139462481733274
SteadySyncAgent,1.0670324172622585
Oneshot,1.1009426948534538
EFRDistOneShotAgent,1.0055827376074715
Group3,1.167164368765487
TimeWeightedAgent,1.0531010799646916
BayesianAgent,1.154705850547777
Supvelikos,1.1279988508554963
Supvelikos,1.095042078302232
OneshotOmegaNegotiator,1.074950869146805
LatticeOneShotAgent,1.155708638466273
Agent03Agent,1.1609571111786272
PenaltyAvoidAgent,1.1724835256173567
MyAgent,0.8630833559488129
YamashitaAgent,0.9952524025403264
IsobeAgent,1.1048438362729016
IsobeAgent,1.0273692017215097
Group3,1.0673532694287031
IsobeAgent,1.0268950847295877
AssariAsari,1.1667589581909992
TimeWeightedAgent,1.1054867361714904
PenaltyAvoidAgent,1.063544999774663
PenaltyAvoidAgent,1.096048298572997
TimeWeightedAgent,1.0770834008631285
Agent03Agent,1.090828963878545
LatticeOneShotAgent,1.0616541862386533
EFRDistOneShotAgent,1.0714885282596531
Oneshot,1.152692383538097
SBDOneShot,1.150685460537466
Group3,1.200102629471172
LatticeOneShotAgent,1.1758023800937614
YamashitaAgent,1.1609267940858277
SBDOneShot,1.1352411395379154
Oneshot,1.0534216627097468
Ysi,0.9842981356054148
BayesianAgent,1.117594907963498
IsobeAgent,0.960628320563128
Ysi,1.1144459497216483
YamashitaAgent,0.995338507491116
PenaltyAvoidAgent,1.0734905396559968
MyAgent,1.1131523535936854
BayesianAgent,1.1071102179622792
EFRDistOneShotAgent,1.0711387800783436
Agent03Agent,1.144165687117615
Group3,1.0698623546530854
AssariAsari,1.0828759604829856
Oneshot,1.1004713139465785
BayesianAgent,1.0543061877506872
MyAgent,1.095925913226497
SBDOneShot,1.15078682225343
BayesianAgent,1.1159583577448284
SBDOneShot,1.0462400074208789
MyAgent,1.063509172917152
IsobeAgent,1.0958959980522764
OneshotOmegaNegotiator,0.9917886765421844
MyAgent,0.7913994848397582
SBDOneShot,1.1084147863998115
Oneshot,1.0145460640177475
Oneshot,1.1584185664434823
Agent03Agent,1.1560297840645497
LatticeOneShotAgent,1.0944017563117454
AssariAsari,1.081503841931943
SBDOneShot,1.0702444173724444
EFRDistOneShotAgent,0.9408561626897024
EFRDistOneShotAgent,1.0162436919596507
OneshotOmegaNegotiator,1.1220260831816256
PenaltyAvoidAgent,1.0956824002927186
YamashitaAgent,1.081320892791804
YamashitaAgent,1.21055511072226
Ysi,1.1130881799681749
MyAgent,1.0495446515012343
IsobeAgent,1.0317529969290968
Agent03Agent,1.176277883519469
YamashitaAgent,1.1651415471055584
AssariAsari,1.2216277317256972
MyAgent,0.9208902147886914
YamashitaAgent,1.157115315567818
BayesianAgent,1.1647212004997147
Agent03Agent,1.1364574572582902
PenaltyAvoidAgent,1.055403774064426
SteadySyncAgent,1.2253465437662112
YamashitaAgent,1.1764129615674457
Agent03Agent,1.167058911836522
PenaltyAvoidAgent,1.1850037678975132
Ysi,1.0985031802105234
Oneshot,1.10684040948634
MyAgent,0.7539421840380033
PenaltyAvoidAgent,1.0702546814058462
BayesianAgent,1.155863096229792
TimeWeightedAgent,1.08119963659299
PenaltyAvoidAgent,1.0712786793508673
Oneshot,1.1174843084410109
SBDOneShot,1.1472280443896878
OneshotOmegaNegotiator,1.1500468169520808
SBDOneShot,1.170577957523178
MyAgent,1.0797530897974883
YamashitaAgent,1.1757122250270464
LatticeOneShotAgent,1.1609267940858277
AssariAsari,1.1386187390106175
EFRDistOneShotAgent,1.0501928948856725
BayesianAgent,1.1757122250270464
TimeWeightedAgent,1.1609267940858277
EFRDistOneShotAgent,1.0713486289871292
OneshotOmegaNegotiator,1.1684287362076815
Oneshot,1.1757122250270464
SteadySyncAgent,1.09900848699603
SteadySyncAgent,1.085523251482852
EFRDistOneShotAgent,1.07591092568159
TimeWeightedAgent,1.0901490029993255
EFRDistOneShotAgent,1.0686547572977283
AssariAsari,1.0949506037321624
Group3,1.0447301529883346
Oneshot,1.115912903051805
TimeWeightedAgent,1.0409317563279603
BayesianAgent,1.1757122250270464
YamashitaAgent,1.1609267940858277
Oneshot,1.0694559077337875
MyAgent,0.8745015715103198
Agent03Agent,1.1730323351975591
Group3,1.1746487761923052
IsobeAgent,1.035789108982332
SteadySyncAgent,1.0671606657904604
Group3,1.1016368214885282
Agent03Agent,1.15966125986822
EFRDistOneShotAgent,1.0713445940505313
Ysi,1.0929357873273302
EFRDistOneShotAgent,1.0712786793508673
AssariAsari,1.1865748336123036
IsobeAgent,1.0591333713450828
SteadySyncAgent,1.1820149055697606
OneshotOmegaNegotiator,1.1757122250270464
SteadySyncAgent,1.1419944655932048
Ysi,1.1887891999505122
TimeWeightedAgent,1.1491835319558248
OneshotOmegaNegotiator,1.0685663420959777
Supvelikos,1.1043216691088698
TimeWeightedAgent,1.073958987858301
Ysi,1.1306647108199652
EFRDistOneShotAgent,1.1250292373757165
BayesianAgent,1.051605184380233
Oneshot,1.0710688304420817
Group3,1.0375600251330204
Group3,1.158878262625817
EFRDistOneShotAgent,0.9765891277710592
SteadySyncAgent,1.0492889919934032
MyAgent,0.9508259724672212
Group3,1.1002340367243166
TimeWeightedAgent,1.1561789404312792
MyAgent,0.9952930557196368
IsobeAgent,1.124828920542074
BayesianAgent,1.138029496897775
SBDOneShot,1.0510282267288784
Oneshot,1.15150290943047
LatticeOneShotAgent,1.167441864169498
MyAgent,1.0064929409845422
TimeWeightedAgent,1.1622629543994574
Oneshot,1.0705551466329302
OneshotOmegaNegotiator,1.0475255031701602
SBDOneShot,1.1679320077584827
MyAgent,0.9044081899599732
Agent03Agent,1.1157382806008802
EFRDistOneShotAgent,0.9636592253297724
Ysi,1.1757122250270464
SteadySyncAgent,0.928393391861655
Oneshot,1.1708159592853893
AssariAsari,1.1794272795779954
YamashitaAgent,1.139462481733274
Oneshot,1.0533571859354036
YamashitaAgent,1.2180386071535598
MyAgent,0.8801199438018329
YamashitaAgent,1.0712087297146056
PenaltyAvoidAgent,1.1281907795176027
MyAgent,0.9106789895202756
Group3,1.0307214011397692
Agent03Agent,1.1356226402264504
TimeWeightedAgent,1.051967450559792
Ysi,0.9923109735735514
AssariAsari,1.053395292603538
PenaltyAvoidAgent,1.071626405664052
SBDOneShot,1.1430389052782888
EFRDistOneShotAgent,1.1757122250270464
TimeWeightedAgent,1.158449362381412
Agent03Agent,1.086757202282686
AssariAsari,1.0658434359367257
Supvelikos,1.1175473381574252
MyAgent,0.94565864200246
LatticeOneShotAgent,1.139462481733274
PenaltyAvoidAgent,1.0560391384458987
OneshotOmegaNegotiator,0.9875782155402008
AssariAsari,0.9568371725060714
Supvelikos,1.0827170700411488
SteadySyncAgent,0.9920520240113734
BayesianAgent,1.2063091691112764
LatticeOneShotAgent,1.1694776931409028
Supvelikos,1.0934992237184376
AssariAsari,1.081869740212221
Supvelikos,1.1701141504067798
OneshotOmegaNegotiator,1.1015553152245623
EFRDistOneShotAgent,1.0269757061955214
BayesianAgent,1.1045407814716266
Oneshot,1.0932250244192712
Group3,1.055218106518995
MyAgent,1.0673963078502495
Agent03Agent,1.051019677853024
Agent03Agent,1.143130757979535
Oneshot,1.1201176062844616
AssariAsari,1.1757122250270464
PenaltyAvoidAgent,1.161467724486116
AssariAsari,1.1380290678824507
Group3,1.0802801167851732
Ysi,1.1315713735699118
PenaltyAvoidAgent,1.0494147401653589
BayesianAgent,1.0179148499803845
Agent03Agent,1.1028546569276985
SBDOneShot,1.109385694226288
LatticeOneShotAgent,1.0617072987026266
MyAgent,0.8097395098021714
Oneshot,1.1267637756662638
SBDOneShot,1.0851464395761377
LatticeOneShotAgent,1.081320892791804
EFRDistOneShotAgent,1.0867978482811536
IsobeAgent,1.0055572526037286
MyAgent,1.1164839056954776
OneshotOmegaNegotiator,1.1188746793157105
SteadySyncAgent,1.106685485673056
BayesianAgent,1.1604085995486255
EFRDistOneShotAgent,1.1230233197375892
OneshotOmegaNegotiator,1.0501794612145636
Group3,1.1923229246191325
Ysi,1.159489875864551
Ysi,1.1235771152614713
Supvelikos,1.1386520535946645
TimeWeightedAgent,1.1559599949945032
PenaltyAvoidAgent,1.1601408079395783
TimeWeightedAgent,1.2033277286026955
AssariAsari,1.1788997739261493
Supvelikos,1.10342868550704
LatticeOneShotAgent,1.0727664846558844
Oneshot,1.0702973538445963
SBDOneShot,1.1457750934450657
MyAgent,1.065687625125695
SteadySyncAgent,1.1801088747437078
AssariAsari,1.1613512970700255
Ysi,1.163249356535702
BayesianAgent,1.1157780882419217
Oneshot,1.0381510869951749
SteadySyncAgent,0.7800313209991252
EFRDistOneShotAgent,1.1609267940858277
BayesianAgent,1.2054259506614249
MyAgent,0.8576867205138318
Ysi,1.090091396609686
Group3,1.1179406486478625
SBDOneShot,1.1343470865902916
Supvelikos,1.134331669072549
SBDOneShot,1.0118295273279243
Group3,0.8795521377430777
YamashitaAgent,0.9980418455759154
Supvelikos,1.033326032343593
SBDOneShot,1.115404310524591
SteadySyncAgent,1.0806950499869008
Supvelikos,1.174615019737279
MyAgent,1.0397772756474757
TimeWeightedAgent,0.9890269314685172
IsobeAgent,1.103984846503863
SBDOneShot,1.1535819045957645
Supvelikos,1.1516759879112664
Supvelikos,1.2202712886209497
IsobeAgent,1.0529529296630216
AssariAsari,1.1855133560544433
TimeWeightedAgent,1.1122892353615452
LatticeOneShotAgent,1.139462481733274
MyAgent,1.0386748049048338
SBDOneShot,1.170565822654228
Supvelikos,1.1796533534287867
BayesianAgent,0.9980383033340005
IsobeAgent,1.09334548661441
AssariAsari,1.115954469709202
LatticeOneShotAgent,1.0883594157106593
YamashitaAgent,1.1145356830362003
SteadySyncAgent,1.0772951289650603
AssariAsari,1.0712087297146056
YamashitaAgent,1.1466968388328698
Supvelikos,1.1065036477283787
AssariAsari,1.0652871808651465
EFRDistOneShotAgent,1.1298185274278827
PenaltyAvoidAgent,1.1594037365801828
SteadySyncAgent,1.092719811265526
IsobeAgent,1.032395256937597
TimeWeightedAgent,1.1731849219930803
AssariAsari,1.1612874143526866
EFRDistOneShotAgent,1.128070358839707
SteadySyncAgent,1.0400429957517312
IsobeAgent,1.0269144574869884
EFRDistOneShotAgent,0.9901035497808874
AssariAsari,1.1639877724090326
SteadySyncAgent,1.1855548751462477
Supvelikos,1.1803361722007928
IsobeAgent,1.0853590236918012
OneshotOmegaNegotiator,1.1695040711415707
YamashitaAgent,1.1759451910179042
PenaltyAvoidAgent,1.1214544915944604
LatticeOneShotAgent,1.0731816360605495
IsobeAgent,0.9560135292612754
OneshotOmegaNegotiator,1.1201592338401931
IsobeAgent,1.0721774737743124
Ysi,1.1264131047044768
TimeWeightedAgent,1.0890228285260974
Supvelikos,1.0814123673618734
Supvelikos,1.1396530910477158
TimeWeightedAgent,1.051632570510984
OneshotOmegaNegotiator,1.1077873253449426
AssariAsari,1.06372526927757
EFRDistOneShotAgent,1.0276878066717092
SBDOneShot,1.1177892638912352
SteadySyncAgent,1.1263962389718698
PenaltyAvoidAgent,1.0700014911634368
LatticeOneShotAgent,1.1770413215881523
Oneshot,1.1056193608679867
BayesianAgent,1.2050735234311645
IsobeAgent,1.0170317896948713
Agent03Agent,1.088146513853388
EFRDistOneShotAgent,1.0724575913009091
Oneshot,1.174434465453024
AssariAsari,1.1611071042192571
MyAgent,0.9894190540742004
SteadySyncAgent,1.0697744475784652
Oneshot,1.1757122250270464
SBDOneShot,1.1609267940858277
LatticeOneShotAgent,1.0141074094374882
Supvelikos,1.0318056678879948
BayesianAgent,1.0710688304420817
Group3,0.9595744420455684
BayesianAgent,1.1758023800937614
Agent03Agent,1.1610169491525424
BayesianAgent,1.019055099440506
EFRDistOneShotAgent,1.0353518746118648
BayesianAgent,1.1612501886793072
Agent03Agent,1.1155656013055286
Oneshot,1.080860161378625
AssariAsari,1.060409511946828
Supvelikos,0.8912007808702317
YamashitaAgent,1.114434468455135
BayesianAgent,1.1159583577448284
Supvelikos,1.051422828503258
IsobeAgent,1.0070472164073805
Ysi,1.0279514482903092
YamashitaAgent,1.1145336366752123
EFRDistOneShotAgent,0.9774087669931574
SBDOneShot,1.1539788892908724
MyAgent,0.9939499423211624
PenaltyAvoidAgent,1.1242507548785434
MyAgent,0.9871775213475082
SteadySyncAgent,0.639446272301137
PenaltyAvoidAgent,1.1575431651734314
PenaltyAvoidAgent,1.0770104909487737
TimeWeightedAgent,1.0635943394355742
TimeWeightedAgent,1.0686491985966795
SteadySyncAgent,1.1131410443976526
Group3,1.004664747992284
AssariAsari,1.1219715985586782
Agent03Agent,0.9570723740445668
YamashitaAgent,1.114575372066832
Group3,0.7193330870607675
Agent03Agent,1.1200435723520563
LatticeOneShotAgent,1.1395260181714213
Group3,1.080564203570748
Ysi,1.1712150973144106
PenaltyAvoidAgent,1.1864355689525246
BayesianAgent,1.140161382552894
Group3,1.0786145454335874
TimeWeightedAgent,1.069675828709027
PenaltyAvoidAgent,1.1700113737680118
BayesianAgent,1.207618544347821
YamashitaAgent,1.1675446394067264
EFRDistOneShotAgent,1.0694518429012505
TimeWeightedAgent,1.0568970730727525
Ysi,1.160001420119927
YamashitaAgent,1.1581517769346303
