agent_type,score
AssariAsari,1.228662201614288
Ysi,1.2094215224403408
Supvelikos,1.0182569903489491
Ysi,1.091665688924082
SBDOneShot,1.1023466935513846
TimeWeightedAgent,1.0708771755950235
Oneshot,1.068229932440613
BayesianAgent,1.0585120741491287
OneshotOmegaNegotiator,1.090308732778347
YamashitaAgent,1.189438287799744
YamashitaAgent,1.074241118035305
AssariAsari,1.0984361496928867
YamashitaAgent,1.0908068709611385
IsobeAgent,1.0952341912811283
Agent03Agent,1.224330926384527
TimeWeightedAgent,1.2067808539117428
Oneshot,1.079759977049693
Ysi,1.1188320133368432
OneshotOmegaNegotiator,1.212809373513415
YamashitaAgent,1.2200173586672198
Group3,1.1252875215641174
Supvelikos,1.088703035781546
Oneshot,1.133223556800815
SBDOneShot,1.1105734777406326
Agent03Agent,1.0385798994490008
YamashitaAgent,1.0498376414511523
SBDOneShot,1.2232072735197974
LatticeOneShotAgent,1.2240505335733023
AssariAsari,1.2231667525330585
EFRDistOneShotAgent,1.1228512516134963
SteadySyncAgent,1.2214465427758987
OneshotOmegaNegotiator,1.2294384065729635
AssariAsari,1.224969946762837
Agent03Agent,1.209547908408098
Agent03Agent,1.0628758692998477
Oneshot,1.0767264403582757
MyAgent,0.9086903781675636
SteadySyncAgent,1.115101455603292
YamashitaAgent,1.0869535931586374
LatticeOneShotAgent,1.0953813588716947
Oneshot,1.005759504393701
BayesianAgent,1.1129463560946922
PenaltyAvoidAgent,1.0298947218415506
Agent03Agent,1.079381926879227
OneshotOmegaNegotiator,1.074560530174478
Agent03Agent,1.077599329442624
Ysi,1.065360965611478
Supvelikos,1.0858782731060737
LatticeOneShotAgent,1.090884783398138
EFRDistOneShotAgent,1.0175916739299289
Ysi,1.0734402436686616
IsobeAgent,1.0220662324159904
LatticeOneShotAgent,1.0919067215363512
Supvelikos,1.2355429251206134
Oneshot,1.046386782826662
SBDOneShot,1.0457689156963483
Agent03Agent,0.9288080018969168
SteadySyncAgent,0.7005084702171926
AssariAsari,1.0958165612420931
YamashitaAgent,1.0953158598661397
YamashitaAgent,0.9190313215967488
TimeWeightedAgent,0.9814418615824972
SteadySyncAgent,1.007061647986608
Ysi,1.0757486799677531
IsobeAgent,1.0785475349102676
SBDOneShot,1.2005542711081942
BayesianAgent,1.0656646170196615
SteadySyncAgent,1.0840610044700667
Agent03Agent,1.0986790227948366
SteadySyncAgent,1.0982740293502775
TimeWeightedAgent,1.220182439906116
YamashitaAgent,1.2343273889804685
Agent03Agent,1.074174045769801
SBDOneShot,1.083455226891478
OneshotOmegaNegotiator,1.0780085627838074
LatticeOneShotAgent,1.0879639782982635
Oneshot,0.9140888854819051
EFRDistOneShotAgent,0.9332619715647744
PenaltyAvoidAgent,1.2205533906685586
Supvelikos,1.235626155152605
SBDOneShot,1.07689983297061
AssariAsari,1.1220338983050848
MyAgent,1.0383970848951392
Supvelikos,1.0796873402546148
Supvelikos,1.0918305136412132
Oneshot,1.174603471737354
EFRDistOneShotAgent,0.992934645677364
SteadySyncAgent,1.0443394869222735
SteadySyncAgent,0.9879508138702068
Group3,1.0388720008907844
AssariAsari,1.0752041526872191
SteadySyncAgent,1.0654771866999362
TimeWeightedAgent,1.116243145165312
Agent03Agent,1.094314436075847
MyAgent,0.988499855495708
AssariAsari,1.095136433839763
Supvelikos,1.0414684807063583
SBDOneShot,1.0546168033023615
YamashitaAgent,1.0738126606783591
LatticeOneShotAgent,1.1162740698606148
IsobeAgent,1.1872160067422604
Group3,1.2316854379102866
Supvelikos,1.093420175020539
SteadySyncAgent,1.096786374528559
Supvelikos,1.0634574974766848
OneshotOmegaNegotiator,1.0726663305324
SBDOneShot,1.0628500828082352
MyAgent,1.020473935867344
IsobeAgent,1.085221476568406
TimeWeightedAgent,1.07136176155127
Oneshot,1.054761030049474
Ysi,1.0488686843236832
Supvelikos,1.074361913080323
Agent03Agent,1.0570797301742925
Supvelikos,1.0968947969500968
Oneshot,1.066941846392714
SteadySyncAgent,1.2253586759605788
AssariAsari,1.2350766771567012
Supvelikos,1.065360965611478
IsobeAgent,1.0577625739274474
Group3,1.226939596775822
Ysi,1.2046368065820343
LatticeOneShotAgent,1.0946370847375766
OneshotOmegaNegotiator,1.0814057514650404
Agent03Agent,1.0976450984167423
SBDOneShot,1.0553523993549414
BayesianAgent,1.1016747301823595
Group3,0.8536707168866488
Group3,1.1814584657516085
YamashitaAgent,1.2292260396973342
Agent03Agent,1.0823524000969231
IsobeAgent,1.0670233013079324
SteadySyncAgent,0.988646778562314
LatticeOneShotAgent,1.0991582497651302
EFRDistOneShotAgent,0.94439120469348
SBDOneShot,1.0198243612495363
AssariAsari,1.0919829294314891
SBDOneShot,1.1810150519492957
Supvelikos,1.2187695878105085
Group3,1.1978592544128288
SBDOneShot,1.0772919581437603
PenaltyAvoidAgent,1.1165065245243826
SteadySyncAgent,0.8879576467120558
Supvelikos,1.2160411727917009
EFRDistOneShotAgent,0.8335155901577165
TimeWeightedAgent,0.9514663380637144
MyAgent,1.0338142262410317
Oneshot,1.2032507305016673
EFRDistOneShotAgent,0.9819810474246876
Agent03Agent,1.0746027021376023
YamashitaAgent,1.0644080179237163
Agent03Agent,1.0775341399170768
IsobeAgent,1.083571461610609
LatticeOneShotAgent,1.2132763911196265
Ysi,1.0781453338474385
LatticeOneShotAgent,1.11754212142677
Agent03Agent,1.0795894662626864
Ysi,1.1095341975622317
Oneshot,0.8943632371485325
IsobeAgent,0.962877487978818
OneshotOmegaNegotiator,1.220277576894886
Oneshot,1.2132500595670968
Agent03Agent,1.0626014709890317
BayesianAgent,1.0529738047088864
AssariAsari,1.2235102181006354
MyAgent,1.0490338216645652
SBDOneShot,1.131111060144488
PenaltyAvoidAgent,1.1279866264372502
MyAgent,1.1555915020137564
LatticeOneShotAgent,1.2319296668165245
SBDOneShot,1.062883115908718
EFRDistOneShotAgent,1.0387426628240188
IsobeAgent,1.0805803277831525
Oneshot,1.0737452359547703
AssariAsari,1.065892355575799
MyAgent,1.0046178600131657
OneshotOmegaNegotiator,0.9526584483663284
Oneshot,0.9255965872285769
Group3,1.07339175763871
IsobeAgent,0.9760544712053332
OneshotOmegaNegotiator,1.0744754364510865
SBDOneShot,1.0259868420429197
SteadySyncAgent,0.679466540505464
EFRDistOneShotAgent,0.955786918172192
Agent03Agent,1.0913170018434082
Supvelikos,1.2326349877734453
TimeWeightedAgent,1.0915824034902746
PenaltyAvoidAgent,1.2234551077581597
MyAgent,0.9489685587931684
PenaltyAvoidAgent,1.0933828021727527
Supvelikos,1.2148170272571643
MyAgent,1.0897456007352504
EFRDistOneShotAgent,1.0725519890365034
Supvelikos,1.0990535132875805
TimeWeightedAgent,1.222094530428476
Oneshot,1.2011934116615075
SBDOneShot,1.0918305136412132
Oneshot,1.1491763791973133
LatticeOneShotAgent,1.0593910964697484
IsobeAgent,1.0452112525140933
Ysi,1.1002427851532337
TimeWeightedAgent,1.0766500886868235
AssariAsari,1.0919067215363512
SteadySyncAgent,1.215084448674748
SBDOneShot,1.0714653123026536
SteadySyncAgent,1.09592985230371
SBDOneShot,0.9175117153892705
PenaltyAvoidAgent,0.9718684007359693
IsobeAgent,1.057780434322588
EFRDistOneShotAgent,0.8666946002597059
Agent03Agent,1.0915702154769842
SBDOneShot,1.1774798795857018
Oneshot,1.0891519132800145
SteadySyncAgent,0.875953770449484
YamashitaAgent,1.2213885361127768
Supvelikos,1.2363754433288376
MyAgent,0.9077807770677434
EFRDistOneShotAgent,1.0397016053057977
LatticeOneShotAgent,1.0634566001754069
Group3,0.981262426223614
LatticeOneShotAgent,1.0918305136412132
YamashitaAgent,1.2236170517916896
OneshotOmegaNegotiator,1.045161193334294
EFRDistOneShotAgent,1.018925586215789
SBDOneShot,1.104407225495966
Ysi,1.0603432588146653
LatticeOneShotAgent,1.0593913281189906
Group3,0.5965434887071762
Oneshot,1.093372627947096
EFRDistOneShotAgent,1.0573551474043077
Supvelikos,1.227803537695346
TimeWeightedAgent,1.219160934938584
SteadySyncAgent,0.8997329284775737
LatticeOneShotAgent,1.232129476996853
AssariAsari,1.0656646170196615
EFRDistOneShotAgent,1.0198208444287244
SBDOneShot,1.0650433740014449
BayesianAgent,1.0550477449382365
OneshotOmegaNegotiator,1.078923689358905
Group3,1.1277084241611268
PenaltyAvoidAgent,1.075583971640185
YamashitaAgent,1.0544990793067286
PenaltyAvoidAgent,1.0927450083828685
Supvelikos,1.2267885990005298
EFRDistOneShotAgent,1.082236411691511
Agent03Agent,1.0704931085898013
SteadySyncAgent,0.9747304880338856
TimeWeightedAgent,1.0773930045702858
EFRDistOneShotAgent,1.0249097907051894
OneshotOmegaNegotiator,1.052268071673982
PenaltyAvoidAgent,1.0950977573318
IsobeAgent,1.0199393980597888
PenaltyAvoidAgent,1.224197149235789
BayesianAgent,1.2263366677201148
TimeWeightedAgent,1.0750820590292005
Supvelikos,1.1179362756213953
SBDOneShot,1.0990072660978008
AssariAsari,1.1255402430074206
TimeWeightedAgent,1.0781160979932898
Ysi,1.056967454911307
EFRDistOneShotAgent,1.0660013950293912
LatticeOneShotAgent,1.0844149558824814
SBDOneShot,1.0918305136412132
MyAgent,1.061286632057987
MyAgent,0.8602398019675299
Ysi,0.9605294346899642
YamashitaAgent,1.0673224824172187
BayesianAgent,1.069717949643972
Supvelikos,1.073154101420637
Oneshot,1.0952419120190664
OneshotOmegaNegotiator,0.9163733098916526
PenaltyAvoidAgent,0.965574091231853
PenaltyAvoidAgent,1.2208974410632707
SBDOneShot,1.2120924579010222
LatticeOneShotAgent,1.0848465625131365
BayesianAgent,1.0933799116236709
PenaltyAvoidAgent,1.0856377878175154
Agent03Agent,1.0929709630407063
TimeWeightedAgent,1.089130944487273
LatticeOneShotAgent,1.1028393111692962
YamashitaAgent,1.0494842950995946
SBDOneShot,1.03223827012905
Oneshot,1.0539488448462435
Supvelikos,1.053689218602167
TimeWeightedAgent,1.0563389720564027
OneshotOmegaNegotiator,1.0687538231829268
Ysi,1.1190084256152084
TimeWeightedAgent,1.096579626477693
LatticeOneShotAgent,1.0751408495283914
SteadySyncAgent,1.0353151011227524
BayesianAgent,1.0792954616545107
Supvelikos,1.1128130792942437
YamashitaAgent,1.0815358181786072
SteadySyncAgent,0.6925366452830297
PenaltyAvoidAgent,1.2208077138994486
YamashitaAgent,1.2210575492239073
Ysi,1.08081201272382
EFRDistOneShotAgent,1.1051142225876631
Supvelikos,1.0881234472733927
LatticeOneShotAgent,1.093079781435223
SteadySyncAgent,0.7612595362159885
Oneshot,1.11234333559413
SteadySyncAgent,0.7625851002427964
YamashitaAgent,1.112205058563911
IsobeAgent,1.0918654616223236
OneshotOmegaNegotiator,1.0914775947503554
AssariAsari,0.9903200366863524
SBDOneShot,1.051582891472676
TimeWeightedAgent,1.063705454412632
Agent03Agent,1.0772453475514687
Supvelikos,1.087833530619086
Ysi,1.0835942759119737
Group3,0.8971007069863999
SteadySyncAgent,1.124986961435148
OneshotOmegaNegotiator,1.0876641976892625
YamashitaAgent,1.092754303026149
EFRDistOneShotAgent,1.019590032766229
PenaltyAvoidAgent,1.0487135349963164
IsobeAgent,1.188855153407693
Agent03Agent,1.2007685454209522
BayesianAgent,1.0841961919636056
Oneshot,1.0943730123039104
PenaltyAvoidAgent,1.0752674558460469
Supvelikos,1.0756915841053776
MyAgent,0.9257552568086233
TimeWeightedAgent,1.0671918915815777
YamashitaAgent,1.2213529446320233
Ysi,1.1940328787663783
Supvelikos,1.0687011311014956
TimeWeightedAgent,1.0502492775369592
LatticeOneShotAgent,0.9315274671138876
AssariAsari,0.8843310573608771
BayesianAgent,1.0655887041676155
Supvelikos,1.0950612115380292
Supvelikos,0.9581006377907618
MyAgent,0.8103193081683878
Agent03Agent,1.1200551124924023
PenaltyAvoidAgent,1.1260295196933867
Oneshot,1.0918305136412132
PenaltyAvoidAgent,1.24023527856718
YamashitaAgent,1.0635307968328156
IsobeAgent,1.0565138521548014
Ysi,1.0887461511297083
SBDOneShot,1.0864400474306308
EFRDistOneShotAgent,1.0951836610272825
TimeWeightedAgent,1.1564758341686605
YamashitaAgent,1.0918305136412132
SBDOneShot,1.191463293665379
OneshotOmegaNegotiator,1.0620253680123448
Supvelikos,1.0768462292637582
OneshotOmegaNegotiator,1.092459341602526
Oneshot,1.081329777673114
MyAgent,0.8255315905254577
EFRDistOneShotAgent,0.9659154683771344
SteadySyncAgent,0.818999315004797
EFRDistOneShotAgent,1.0359802777129168
YamashitaAgent,1.0912605751992404
OneshotOmegaNegotiator,1.0773645654892536
BayesianAgent,1.1153468072532242
PenaltyAvoidAgent,1.125175440705282
YamashitaAgent,0.8968370127101302
Oneshot,0.9595053994021248
PenaltyAvoidAgent,1.049605713069597
SBDOneShot,1.0561399894670858
LatticeOneShotAgent,1.0869486451197157
OneshotOmegaNegotiator,1.0778450561162904
BayesianAgent,1.223338485316847
IsobeAgent,1.121822632736888
PenaltyAvoidAgent,1.0587674135970924
OneshotOmegaNegotiator,1.1069845058537084
SBDOneShot,1.0744287122524194
EFRDistOneShotAgent,0.879913456858294
Group3,1.1048933341773757
LatticeOneShotAgent,1.1156566513891246
SBDOneShot,1.0915786369429317
OneshotOmegaNegotiator,1.2002515744377389
EFRDistOneShotAgent,1.0012911761954124
OneshotOmegaNegotiator,1.1127815008402568
Group3,0.7281148592914687
EFRDistOneShotAgent,0.9373886127562284
EFRDistOneShotAgent,0.9566398995841342
SteadySyncAgent,0.7370634128914756
TimeWeightedAgent,1.079684069925999
SBDOneShot,1.1095822635637096
MyAgent,0.8722740718045121
AssariAsari,1.1230938595775912
MyAgent,0.982673893139225
Ysi,1.084496634860057
Agent03Agent,1.0628892110813952
Group3,0.8916352057679974
SBDOneShot,1.0612049750965753
IsobeAgent,1.042849800273528
BayesianAgent,1.081332260624594
IsobeAgent,1.0660656474476804
SBDOneShot,1.0871784086523626
OneshotOmegaNegotiator,1.0810372958392749
Ysi,1.0965202202858175
SteadySyncAgent,1.0924115896687956
EFRDistOneShotAgent,1.064404038864951
OneshotOmegaNegotiator,1.084300404128212
MyAgent,0.8483584968615345
Agent03Agent,0.9761250964190956
Group3,0.8234411621837219
OneshotOmegaNegotiator,1.0403441121582797
YamashitaAgent,1.0594652500688493
Supvelikos,1.0543690916913258
IsobeAgent,1.0787052827626906
MyAgent,1.0036468180841238
MyAgent,0.9942197679765008
OneshotOmegaNegotiator,1.1054591738814878
SBDOneShot,0.952508447528876
Ysi,0.9585400988466364
MyAgent,0.9767750579915336
SBDOneShot,1.0438228669296152
MyAgent,0.908550646418074
EFRDistOneShotAgent,1.0754748308268254
OneshotOmegaNegotiator,1.0919067215363512
Oneshot,1.1850151937995277
Supvelikos,1.0879723316182237
IsobeAgent,0.9708817448616084
MyAgent,0.996431908933974
IsobeAgent,1.0669798465027882
Group3,1.0182674652538868
YamashitaAgent,1.1010997674548075
LatticeOneShotAgent,1.0751408495283914
Oneshot,1.0586648066390116
PenaltyAvoidAgent,1.0950258769407706
Ysi,1.0799401119759382
IsobeAgent,1.0781174644818987
Oneshot,1.1883272894433206
BayesianAgent,1.0595324695133013
IsobeAgent,1.0564104656378583
Ysi,1.137583969318571
Group3,0.9808965780730672
Group3,1.250936891437681
MyAgent,1.1324920521438513
SteadySyncAgent,0.9047476882443252
LatticeOneShotAgent,1.083187305540991
BayesianAgent,1.0809411512066491
EFRDistOneShotAgent,1.1054772786077
EFRDistOneShotAgent,1.0888373839952723
Group3,1.0730358958463695
YamashitaAgent,1.0742410832055536
Agent03Agent,1.0729526068928368
PenaltyAvoidAgent,1.0558389530220371
Group3,0.5823336824183963
Ysi,1.0745516750952435
OneshotOmegaNegotiator,1.0631822700772635
Oneshot,1.1236370837434713
TimeWeightedAgent,1.1002056781966807
Agent03Agent,0.8759715118111923
YamashitaAgent,0.9665497581412242
AssariAsari,1.2243688820195775
PenaltyAvoidAgent,1.217336140830041
Group3,0.872919107028848
MyAgent,0.9802201940289398
MyAgent,0.9799215157035224
IsobeAgent,1.0695465609209336
EFRDistOneShotAgent,1.062579052203804
Agent03Agent,1.075495938979446
SBDOneShot,1.0778199016824723
Ysi,1.0588400399302391
SBDOneShot,1.0806690379762696
OneshotOmegaNegotiator,1.105010989170396
SBDOneShot,1.0889537863128538
Group3,1.1114354707346326
BayesianAgent,1.0817888469342265
OneshotOmegaNegotiator,1.10901237495274
PenaltyAvoidAgent,1.092059137326627
Oneshot,1.193478566347139
MyAgent,0.9959219978827852
YamashitaAgent,1.1134579521963783
PenaltyAvoidAgent,0.9528954990363367
AssariAsari,0.9675077793631638
BayesianAgent,1.0689085351067504
LatticeOneShotAgent,1.1069947178976758
Oneshot,1.0912602957245443
Supvelikos,1.092449340530138
Agent03Agent,1.0961020687714509
YamashitaAgent,1.0861196442612928
Ysi,1.0913271036298633
Group3,1.1273733919781084
Oneshot,1.0471016342258126
LatticeOneShotAgent,1.120117426404632
AssariAsari,1.0562811816963735
YamashitaAgent,1.0954533350477562
PenaltyAvoidAgent,1.0962136695022873
EFRDistOneShotAgent,1.0480880169320594
YamashitaAgent,1.076964851030486
LatticeOneShotAgent,1.095216986966956
Ysi,0.936369135153396
PenaltyAvoidAgent,0.8178607654063391
Oneshot,1.056670785557296
IsobeAgent,1.0460447740011505
Oneshot,1.0870359914333951
BayesianAgent,1.0921526735807383
Oneshot,1.2251653704306238
Ysi,1.2046377848096992
PenaltyAvoidAgent,1.0838331160365058
SBDOneShot,1.11512945541417
SBDOneShot,1.0915769994746578
Group3,1.087728699072204
YamashitaAgent,1.093588269120184
Ysi,1.0877449212859385
Oneshot,1.2213879190775536
OneshotOmegaNegotiator,1.2211717122442014
MyAgent,1.0391373413146725
Oneshot,1.0857779471565547
Agent03Agent,1.0605569797441237
Supvelikos,1.0852705644144678
MyAgent,0.7813313767628215
BayesianAgent,1.0867562767230825
PenaltyAvoidAgent,1.0758932137654376
Ysi,1.0659128509830214
IsobeAgent,1.1906486505882037
OneshotOmegaNegotiator,1.217036607080522
Supvelikos,1.2178625379883323
EFRDistOneShotAgent,1.112059087199951
SteadySyncAgent,0.947760066501918
LatticeOneShotAgent,1.09817189160556
IsobeAgent,0.9134669868962868
Agent03Agent,0.9828241291493748
IsobeAgent,1.0986132774523472
Supvelikos,1.1255810160645845
Group3,0.9625142414250492
LatticeOneShotAgent,1.1094619469859324
AssariAsari,1.2232526189249529
SteadySyncAgent,1.2492187695890316
Oneshot,1.0780503927344174
OneshotOmegaNegotiator,1.1128669934379558
Ysi,1.092530197150053
MyAgent,0.9601566371693668
EFRDistOneShotAgent,0.932511181970308
Oneshot,0.972504789027545
MyAgent,0.8809082353089114
Group3,0.8106054555167638
OneshotOmegaNegotiator,0.9537757427717974
AssariAsari,0.8806065005467146
TimeWeightedAgent,1.069209882892847
BayesianAgent,1.0805514891634866
Group3,1.1057127426778606
IsobeAgent,1.1513059407837023
SBDOneShot,1.0553661581709597
YamashitaAgent,1.0374092575659914
Oneshot,1.0927450083828685
SBDOneShot,1.0919023573968123
Oneshot,1.0975364028097052
SBDOneShot,1.0660933246220703
AssariAsari,1.0866602592995545
SBDOneShot,1.0748418157547448
BayesianAgent,1.0995711203431249
TimeWeightedAgent,1.079066030603784
TimeWeightedAgent,1.0913005263036353
Group3,1.07785409251512
Group3,1.1893844679470824
Supvelikos,1.2311304260952096
OneshotOmegaNegotiator,0.9432302871381036
TimeWeightedAgent,0.9595024896418898
EFRDistOneShotAgent,1.033444886680814
Agent03Agent,1.098336074605354
EFRDistOneShotAgent,1.0724250380163372
PenaltyAvoidAgent,1.123295422395745
LatticeOneShotAgent,1.065360965611478
Agent03Agent,1.0666282558903526
LatticeOneShotAgent,1.0924401768023166
BayesianAgent,1.202112825689264
Oneshot,0.927514364914759
OneshotOmegaNegotiator,0.975871643049702
Oneshot,0.9165552752799172
AssariAsari,0.9639018507841512
EFRDistOneShotAgent,1.0643704282385695
BayesianAgent,1.0676780430552353
Group3,1.1242811960897068
BayesianAgent,1.0859202914764017
TimeWeightedAgent,1.0920818784639914
IsobeAgent,0.97463285641941
YamashitaAgent,1.053949304350125
OneshotOmegaNegotiator,1.0587248771401685
MyAgent,1.010657417936898
AssariAsari,1.0916679979345287
SBDOneShot,1.2215380775221527
MyAgent,1.1324568390821836
LatticeOneShotAgent,1.0421588552261944
SteadySyncAgent,1.046446841966146
OneshotOmegaNegotiator,1.0584451634182783
Oneshot,1.06829562943165
Oneshot,1.1406243593396794
Group3,0.986504052525938
PenaltyAvoidAgent,1.092059137326627
IsobeAgent,1.128695579315519
Ysi,1.0751408495283914
AssariAsari,1.0998038923601203
Agent03Agent,1.0867958412557155
IsobeAgent,1.0108386861179433
SBDOneShot,1.102046892445106
Oneshot,1.07020177529394
IsobeAgent,1.0572608680081996
MyAgent,0.9378744909850768
TimeWeightedAgent,1.0924534547320988
EFRDistOneShotAgent,0.9770354520384066
Oneshot,1.0918305136412132
YamashitaAgent,1.1971616669257308
SBDOneShot,1.091565814206471
Supvelikos,1.219674024939988
Agent03Agent,0.9431864950507894
Supvelikos,0.8929357363968148
SBDOneShot,1.22089438164353
Group3,1.2328764823836007
YamashitaAgent,1.121735305083945
IsobeAgent,1.0374668924726274
Agent03Agent,1.0971017573992377
MyAgent,1.0284153547694077
EFRDistOneShotAgent,1.0104776801265694
Supvelikos,1.0629736850443925
BayesianAgent,1.0957979704139982
YamashitaAgent,1.1053354879517197
EFRDistOneShotAgent,1.0858861993725224
BayesianAgent,1.0882698842610357
Ysi,1.0887630508611843
EFRDistOneShotAgent,1.03243410848065
PenaltyAvoidAgent,0.9417905093079426
LatticeOneShotAgent,0.956492081223263
YamashitaAgent,0.9239845727354372
OneshotOmegaNegotiator,0.9663629656588192
IsobeAgent,1.0330718460484216
Ysi,1.0612507820538624
Ysi,0.9314201196010004
BayesianAgent,0.9573706845592538
EFRDistOneShotAgent,1.0798771114281107
SBDOneShot,1.0725760191011393
Ysi,0.93264362958536
IsobeAgent,0.9799808862624678
Ysi,1.091564870438983
OneshotOmegaNegotiator,1.2195635475733893
IsobeAgent,1.0420033542933351
Ysi,1.1144219453187327
EFRDistOneShotAgent,1.0530914756517311
LatticeOneShotAgent,1.1207301173402868
LatticeOneShotAgent,1.1016002977298105
Group3,0.9370301172846772
Ysi,1.0975343430908415
Oneshot,1.080137557370729
IsobeAgent,1.080079791345037
OneshotOmegaNegotiator,1.098059918699784
Oneshot,1.0806158194370417
SBDOneShot,1.108809554765482
SteadySyncAgent,0.778001777991533
Ysi,1.0619468972323438
SBDOneShot,1.0530080732779297
Ysi,1.0671152882209731
BayesianAgent,0.9773450643307912
OneshotOmegaNegotiator,0.9191261236559648
IsobeAgent,1.0913355729175207
PenaltyAvoidAgent,1.058657719905013
Supvelikos,1.0752041526872191
EFRDistOneShotAgent,0.8777152415229204
Supvelikos,0.9376465420864544
EFRDistOneShotAgent,0.8662678396325909
AssariAsari,0.9361356607116992
SBDOneShot,0.964880590516874
YamashitaAgent,1.08847104178592
Group3,1.1075892779974683
IsobeAgent,1.037668703171727
SteadySyncAgent,0.730027418819882
Group3,1.0443428280216231
Supvelikos,1.1000362786147528
TimeWeightedAgent,1.0620632247442927
SteadySyncAgent,1.0839380332315025
Ysi,1.0750017671720882
TimeWeightedAgent,1.1105090644967135
EFRDistOneShotAgent,0.9030587505176176
Ysi,0.9680119367528964
YamashitaAgent,1.143868995147548
MyAgent,1.0180825072111688
LatticeOneShotAgent,1.0376243791126278
Oneshot,1.058774131320552
Supvelikos,1.0449184820667714
Ysi,1.0508801857489245
MyAgent,1.0290605442983438
Supvelikos,1.2089581212978524
EFRDistOneShotAgent,1.023491432176665
Group3,0.6149024507589386
MyAgent,0.914260023693493
SteadySyncAgent,1.0297747162462587
AssariAsari,0.9351297657330706
SteadySyncAgent,0.7822038809582377
PenaltyAvoidAgent,1.065892355575799
MyAgent,1.004282960417706
EFRDistOneShotAgent,1.0918305136412132
Supvelikos,1.1912217182606264
BayesianAgent,1.1075262285680156
EFRDistOneShotAgent,1.050793535349787
LatticeOneShotAgent,1.2228232869654818
PenaltyAvoidAgent,1.234177531345222
SteadySyncAgent,0.661882606498699
TimeWeightedAgent,1.0794135029004803
Supvelikos,1.032094447383958
YamashitaAgent,1.0539042242514025
Agent03Agent,1.065014357038956
Ysi,1.0584689267536802
EFRDistOneShotAgent,1.0515897809038357
Ysi,1.0979659182186283
MyAgent,0.8833550962200085
OneshotOmegaNegotiator,0.9609127714014448
YamashitaAgent,1.2214735887178705
SteadySyncAgent,1.2049878784649888
MyAgent,0.924959604437059
TimeWeightedAgent,1.1127383012240315
AssariAsari,1.074425434658308
Group3,0.9405234139019696
AssariAsari,1.0909997239468026
IsobeAgent,1.0102152992708562
Ysi,1.0588291012764204
Agent03Agent,1.075467136317338
LatticeOneShotAgent,1.065360965611478
AssariAsari,1.0966277855943358
TimeWeightedAgent,1.0824408913148735
SBDOneShot,1.079635617416875
MyAgent,1.042063983859456
LatticeOneShotAgent,1.101617576568594
SteadySyncAgent,0.9296542444723308
AssariAsari,1.1202805186332871
PenaltyAvoidAgent,1.0706748652546876
Ysi,1.071110050490358
YamashitaAgent,1.091338073157437
Agent03Agent,1.0853531097831228
EFRDistOneShotAgent,1.0226701611255993
IsobeAgent,1.078296839686742
Ysi,1.086328528122091
IsobeAgent,1.0158609837383197
Group3,0.8722301017819645
PenaltyAvoidAgent,1.0806909900321364
EFRDistOneShotAgent,1.0327194394350054
LatticeOneShotAgent,1.1064719656749762
PenaltyAvoidAgent,1.094320634474661
SteadySyncAgent,1.0991890058838014
BayesianAgent,1.0997917404956707
Supvelikos,1.1095656757654644
OneshotOmegaNegotiator,1.0806123514455654
SBDOneShot,1.0842179705640749
YamashitaAgent,1.0918305136412132
EFRDistOneShotAgent,1.011964208874806
AssariAsari,1.0659682684278449
Agent03Agent,1.0806236858440637
Oneshot,1.0751408495283914
OneshotOmegaNegotiator,1.0589309307717056
Oneshot,1.078049645793293
Group3,0.9127627029487488
Agent03Agent,1.12997066580039
Group3,0.973877785766257
SteadySyncAgent,0.7084010296025115
AssariAsari,1.09380551703135
TimeWeightedAgent,1.0943590815863011
LatticeOneShotAgent,1.2214905510199097
LatticeOneShotAgent,1.0815354612727588
BayesianAgent,1.114046557659763
BayesianAgent,1.0752041526872191
Agent03Agent,1.0713431669807592
Oneshot,1.0918305136412132
Group3,1.0979033363971349
IsobeAgent,1.1886564920235383
SBDOneShot,1.219105200813568
TimeWeightedAgent,1.0751408495283914
YamashitaAgent,1.0500867541457215
YamashitaAgent,1.2213875096434612
MyAgent,1.0919314223043746
Agent03Agent,1.098179334795609
TimeWeightedAgent,1.063041032435958
Agent03Agent,1.0862174425239883
Group3,1.104051043868036
OneshotOmegaNegotiator,1.097859049533832
SteadySyncAgent,1.1100056218923324
EFRDistOneShotAgent,1.0738502303513489
Supvelikos,1.10754050270018
EFRDistOneShotAgent,1.069004782509679
TimeWeightedAgent,1.0671035978829309
OneshotOmegaNegotiator,1.0729668126060132
Oneshot,1.0433815992928972
MyAgent,1.1240512577569164
YamashitaAgent,1.2276964214835029
SBDOneShot,1.0946227167586051
Ysi,1.182873437965423
SteadySyncAgent,0.7663153354658011
LatticeOneShotAgent,1.1185888197928044
Group3,1.245742781246836
SteadySyncAgent,1.1753470000284945
SteadySyncAgent,1.001503727686075
SBDOneShot,1.0821932498587643
AssariAsari,1.1043542984741348
Oneshot,1.069609010373843
MyAgent,0.8324437446414928
SBDOneShot,1.07673501089398
Group3,0.7651169533963638
PenaltyAvoidAgent,1.0066980900657891
OneshotOmegaNegotiator,1.079128948534532
TimeWeightedAgent,1.029867854381634
Supvelikos,1.0819267073325782
YamashitaAgent,1.1186542913567812
Agent03Agent,1.0915842019168596
MyAgent,1.08985168164707
TimeWeightedAgent,1.0957876765689658
SBDOneShot,1.0816221555560286
AssariAsari,1.0922758465576206
EFRDistOneShotAgent,1.0639488137990791
Oneshot,0.9083778765768902
TimeWeightedAgent,0.9661376213442282
SBDOneShot,1.0496557622277969
TimeWeightedAgent,1.0481664282064038
Supvelikos,0.9674494233552609
Oneshot,0.958552192505708
EFRDistOneShotAgent,1.0833042396790509
LatticeOneShotAgent,1.2285995767247095
PenaltyAvoidAgent,1.0930498399634203
BayesianAgent,1.2026868574711282
TimeWeightedAgent,1.0578609945341644
SBDOneShot,1.0585722152630848
AssariAsari,1.078242704310945
Ysi,1.0442492818189089
TimeWeightedAgent,1.0751408495283914
OneshotOmegaNegotiator,1.0680003825185824
BayesianAgent,1.0860577914092449
PenaltyAvoidAgent,1.0895748875888844
MyAgent,1.1136586377470623
AssariAsari,1.2365752535091663
EFRDistOneShotAgent,1.057033929853696
LatticeOneShotAgent,1.0869111661037854
Ysi,1.1142651539123398
SteadySyncAgent,1.1259405209076896
OneshotOmegaNegotiator,1.06517981116173
BayesianAgent,1.0689572315032725
BayesianAgent,1.0751408495283914
IsobeAgent,1.0038824034594245
Supvelikos,0.8435284926001484
BayesianAgent,1.0026056401759689
Ysi,1.0923242691338588
AssariAsari,1.0882759805382975
EFRDistOneShotAgent,1.0275577764412156
YamashitaAgent,1.0891610520987294
TimeWeightedAgent,1.1215793209591407
Ysi,1.0869410571468836
OneshotOmegaNegotiator,1.083767153168555
Group3,1.106761710037758
TimeWeightedAgent,1.2246186311868406
Ysi,1.1902159073627678
EFRDistOneShotAgent,1.0867144352096456
SBDOneShot,1.179605997867204
TimeWeightedAgent,1.09512417879684
AssariAsari,1.1031011072520596
Agent03Agent,1.0751408495283914
OneshotOmegaNegotiator,1.0791076787050278
Supvelikos,1.0825786942704343
SBDOneShot,1.1124925462673856
PenaltyAvoidAgent,1.0618602902565673
Supvelikos,1.0610746977704604
PenaltyAvoidAgent,1.092135345221765
AssariAsari,1.232833256228934
Ysi,1.0503213293389857
MyAgent,1.0116859269842056
Supvelikos,1.2164168262823505
SBDOneShot,1.2234731835122348
BayesianAgent,1.065360965611478
PenaltyAvoidAgent,1.1023464802795806
Supvelikos,1.0907870200500205
Group3,0.920095854957655
OneshotOmegaNegotiator,1.0952035960380977
TimeWeightedAgent,1.171049345840544
PenaltyAvoidAgent,1.0833035708265832
EFRDistOneShotAgent,1.1087512769372108
IsobeAgent,1.0441609527918434
LatticeOneShotAgent,1.0653836602716766
SBDOneShot,0.9338558232846386
TimeWeightedAgent,0.9599844194797076
Ysi,1.0860765744013243
BayesianAgent,1.0854087998517763
Oneshot,1.0746291344024177
AssariAsari,1.1215775749674055
BayesianAgent,1.1262322935089577
Ysi,1.077304996405421
SBDOneShot,1.1012648024633949
Group3,0.9995323300548182
Oneshot,1.1131132571189215
IsobeAgent,1.0752522286574822
BayesianAgent,1.0846832223346363
LatticeOneShotAgent,1.0920682101084422
Group3,1.120251346108914
OneshotOmegaNegotiator,1.1689712655846218
AssariAsari,1.0847457627118644
TimeWeightedAgent,1.1104250102002329
Group3,1.0991060756566884
TimeWeightedAgent,1.1100492762799152
PenaltyAvoidAgent,1.2225033682978186
EFRDistOneShotAgent,1.117409572505546
Group3,1.000557164948681
Agent03Agent,1.062984543272882
Agent03Agent,1.078213625165442
AssariAsari,1.1221642764015645
Supvelikos,0.929013959754641
Ysi,0.9364942417336292
YamashitaAgent,1.0806147158754325
OneshotOmegaNegotiator,1.1093697158816094
Ysi,1.089249714476594
PenaltyAvoidAgent,1.0989074180563545
IsobeAgent,1.0586509248990852
Group3,0.8957821640332778
Ysi,1.056033510678052
TimeWeightedAgent,1.0537208704573893
YamashitaAgent,0.9198666656463834
SBDOneShot,1.0027419531360422
BayesianAgent,1.1292275096569715
Supvelikos,1.123274831391108
SBDOneShot,1.0620605607792486
AssariAsari,1.097081650251895
Agent03Agent,1.0774241691015003
OneshotOmegaNegotiator,1.110773851287976
LatticeOneShotAgent,1.0922480251250672
EFRDistOneShotAgent,1.068396322286639
Group3,1.0847887241394136
SteadySyncAgent,0.6815702527686939
OneshotOmegaNegotiator,1.225828610681779
TimeWeightedAgent,1.2079180577350457
EFRDistOneShotAgent,1.0476426361050664
AssariAsari,1.124031639892359
Supvelikos,1.0897833060962323
IsobeAgent,1.1909213236399732
OneshotOmegaNegotiator,1.0776738855078376
SBDOneShot,1.1139532724480865
SBDOneShot,1.0730655253973775
Oneshot,1.0124146816700537
AssariAsari,1.0527266104763615
Group3,0.5981008697852288
YamashitaAgent,1.0878135254673449
Oneshot,1.1065943962470597
SBDOneShot,0.9371285249698932
Group3,0.7229627812901336
Group3,0.767909907482435
Agent03Agent,1.0001397282336573
YamashitaAgent,1.0688271213807372
BayesianAgent,1.0805521146217876
OneshotOmegaNegotiator,1.094963298199374
SteadySyncAgent,1.132172992778801
PenaltyAvoidAgent,1.227053437190663
TimeWeightedAgent,1.210771792584997
BayesianAgent,1.0752674558460469
Oneshot,1.0540906566380055
PenaltyAvoidAgent,1.0911122976269767
SteadySyncAgent,1.1647924733384138
MyAgent,0.9851649142162924
AssariAsari,1.1226205997392438
TimeWeightedAgent,1.2169883745861865
MyAgent,1.1004283608798633
Group3,1.120924281533202
MyAgent,0.9843976203683809
PenaltyAvoidAgent,1.0669551355044409
BayesianAgent,1.0538664436766296
Supvelikos,1.0813323006506668
Agent03Agent,1.111876942496561
OneshotOmegaNegotiator,1.0913185727151828
PenaltyAvoidAgent,1.24023527856718
Supvelikos,1.0757105779578402
SBDOneShot,1.02648332286807
MyAgent,0.9696523835137172
SBDOneShot,1.106908498664121
OneshotOmegaNegotiator,1.081485961467783
Ysi,1.0848217555115531
Ysi,1.2200364099365817
SteadySyncAgent,1.2513318871219512
YamashitaAgent,0.9191035073332255
EFRDistOneShotAgent,0.9394693534624786
TimeWeightedAgent,1.0948025576227247
Agent03Agent,1.0615167707374151
TimeWeightedAgent,1.100835990345276
Group3,0.8578003387009321
BayesianAgent,1.052434551838487
PenaltyAvoidAgent,1.0879879203585925
SteadySyncAgent,0.6867911191803739
YamashitaAgent,0.9555621681735404
Group3,0.95955513513334
EFRDistOneShotAgent,1.0635291832789926
Oneshot,1.0919067215363512
Supvelikos,1.2148691918690904
SteadySyncAgent,0.9266084859970236
MyAgent,0.9791515535884008
Supvelikos,1.2230808861411644
PenaltyAvoidAgent,1.2102477265916944
YamashitaAgent,1.0634568226866388
OneshotOmegaNegotiator,1.0656232486941082
LatticeOneShotAgent,0.9324310736867965
MyAgent,0.920385833082847
OneshotOmegaNegotiator,1.0727899427427203
SteadySyncAgent,1.0705539912224633
Ysi,1.0615484238479125
MyAgent,1.0199624600158976
Agent03Agent,1.11195549571156
SteadySyncAgent,1.0555345218634686
Group3,1.002862220581782
SteadySyncAgent,1.1141409427295152
MyAgent,1.042326269087057
Group3,1.0164995210773875
EFRDistOneShotAgent,1.0866751209563728
PenaltyAvoidAgent,1.1150743382892192
Oneshot,1.0890764473301018
PenaltyAvoidAgent,1.09085445777903
MyAgent,0.965992675169577
Supvelikos,1.0693299193956396
IsobeAgent,1.0334790651189594
BayesianAgent,1.1196979266263136
LatticeOneShotAgent,1.0648218892958154
SBDOneShot,1.058817190602611
EFRDistOneShotAgent,0.9629348531797176
LatticeOneShotAgent,1.1149217553020023
OneshotOmegaNegotiator,1.1129130690698097
Supvelikos,1.1243858213977125
SBDOneShot,1.0799273442695392
Group3,1.1398547457699872
EFRDistOneShotAgent,1.0274079645659049
Oneshot,1.0420448787602887
PenaltyAvoidAgent,1.0789612259367425
Oneshot,1.1175488605687345
Oneshot,1.08232583203698
SteadySyncAgent,1.04832020525354
PenaltyAvoidAgent,1.0936521941358457
Agent03Agent,1.077234217204844
SteadySyncAgent,0.933131506886499
Agent03Agent,1.1024906771027554
LatticeOneShotAgent,1.0869584005687165
IsobeAgent,1.012479820232468
Ysi,0.917052729029722
Group3,0.6846840178265847
YamashitaAgent,1.096595366791841
Agent03Agent,1.0714022487392214
IsobeAgent,1.0558155781113678
PenaltyAvoidAgent,1.1237480903072483
IsobeAgent,1.0794562233666474
YamashitaAgent,1.0945444111791225
Group3,0.9093703240676224
Agent03Agent,1.0981326284887512
OneshotOmegaNegotiator,1.0924607189874778
Supvelikos,1.1108458350910568
LatticeOneShotAgent,1.2227374205735877
EFRDistOneShotAgent,1.0753444581466152
TimeWeightedAgent,1.0822400550277191
Oneshot,1.106974137126861
EFRDistOneShotAgent,1.0872463414622784
SteadySyncAgent,0.869663115260624
LatticeOneShotAgent,1.2227374205735877
AssariAsari,1.2378740196813027
OneshotOmegaNegotiator,1.1215526026203717
IsobeAgent,1.082752118809485
AssariAsari,1.0848109517601043
Supvelikos,1.1183326355985763
SteadySyncAgent,0.6765611023148952
PenaltyAvoidAgent,1.0937330716603078
BayesianAgent,1.097189337100052
EFRDistOneShotAgent,0.9905648134850444
IsobeAgent,1.0763837801103306
SBDOneShot,1.1153634786425015
LatticeOneShotAgent,1.065360965611478
Oneshot,1.0524799556721127
PenaltyAvoidAgent,1.134269626915398
Group3,1.0145171175985397
PenaltyAvoidAgent,1.0245906007618146
MyAgent,1.032918718495732
IsobeAgent,1.010814225987532
BayesianAgent,1.0518442715323004
Supvelikos,0.8732342742743552
TimeWeightedAgent,0.963071100288898
MyAgent,0.9848745891899452
Ysi,1.0589091545587623
TimeWeightedAgent,1.0130481797578736
BayesianAgent,1.114898475087662
LatticeOneShotAgent,0.9486218535865684
SBDOneShot,0.9868402838931064
Group3,1.1084425506886568
SBDOneShot,1.107051078873681
LatticeOneShotAgent,1.083181225554107
Ysi,1.1134126582009118
PenaltyAvoidAgent,1.0842242503259452
Agent03Agent,1.1040157456367548
SBDOneShot,1.0964646311947808
LatticeOneShotAgent,1.2245071944168104
Group3,0.9407849508189547
Agent03Agent,1.1137523321700595
IsobeAgent,1.079708928762764
MyAgent,1.02274891805874
Agent03Agent,1.0918305136412132
EFRDistOneShotAgent,0.9587703867065062
SteadySyncAgent,0.7313986457788706
Supvelikos,0.9052390209282076
Supvelikos,1.0621574343505418
SBDOneShot,1.0776338494888424
AssariAsari,1.0853976531942633
IsobeAgent,1.0536066527519377
AssariAsari,1.0847457627118644
PenaltyAvoidAgent,1.1211212516297262
PenaltyAvoidAgent,1.083760065782941
OneshotOmegaNegotiator,1.1111251053860007
LatticeOneShotAgent,1.0549308898552736
AssariAsari,1.0662498299679035
SteadySyncAgent,0.9931135497160084
IsobeAgent,0.9924846160308526
Oneshot,0.9066539696560832
YamashitaAgent,0.9545930310895197
IsobeAgent,1.054464314226256
MyAgent,0.9618953923745072
Group3,0.9607146479340029
Oneshot,1.0525081598367445
SteadySyncAgent,1.162206926778814
Supvelikos,1.2326290024476747
Agent03Agent,1.0794040355535344
SteadySyncAgent,1.0087435466658723
TimeWeightedAgent,1.0915781501847923
OneshotOmegaNegotiator,1.196813089531383
IsobeAgent,1.0570227630721645
Agent03Agent,1.0660890175328752
MyAgent,1.0408236119278964
PenaltyAvoidAgent,1.0926893812086431
SBDOneShot,1.2227374205735877
Oneshot,1.2274717538608209
Agent03Agent,1.061205165816188
SBDOneShot,1.044356727121671
Oneshot,1.07044712669855
Ysi,1.0437472900854736
LatticeOneShotAgent,1.0918305136412132
AssariAsari,1.2331637036547485
SBDOneShot,1.1292751568156476
OneshotOmegaNegotiator,1.1007164259930122
EFRDistOneShotAgent,0.9880702762386936
Ysi,1.0462176483380117
Supvelikos,1.086494542958757
PenaltyAvoidAgent,1.0926605374181018
PenaltyAvoidAgent,1.0756472747990125
Oneshot,1.0593325297287282
SteadySyncAgent,0.7086167771126465
Agent03Agent,0.9828988112507948
YamashitaAgent,1.2228232869654818
PenaltyAvoidAgent,1.2322103948991845
Group3,1.1231418215064062
BayesianAgent,1.0878889534039464
Ysi,1.0744294924552864
SteadySyncAgent,1.0684845189974417
SteadySyncAgent,0.9752697765911668
IsobeAgent,1.0642428422107952
TimeWeightedAgent,1.0748179047745972
Oneshot,1.046496845548779
Agent03Agent,1.093571867857836
BayesianAgent,1.0803475362341168
SteadySyncAgent,0.712410761061506
EFRDistOneShotAgent,1.0661362174344442
Supvelikos,1.0860949540318126
PenaltyAvoidAgent,1.1160077338489232
TimeWeightedAgent,0.9429705041715296
AssariAsari,0.9742887176204464
Supvelikos,1.2234243517087413
AssariAsari,1.2395224536690144
Ysi,1.218186180203432
PenaltyAvoidAgent,1.2073494905138962
Agent03Agent,0.9526737359949448
AssariAsari,1.0215876687218588
OneshotOmegaNegotiator,1.0912981331048577
Agent03Agent,1.17346930642
Supvelikos,1.0919829294314891
EFRDistOneShotAgent,1.0294682783619775
IsobeAgent,1.0610722469670832
SteadySyncAgent,0.9350079046552726
SteadySyncAgent,1.0856255959311694
Ysi,1.0519897378015268
TimeWeightedAgent,1.0752105702926076
LatticeOneShotAgent,1.1186573274020402
MyAgent,1.1384184919221378
IsobeAgent,1.2058612964546225
Oneshot,1.0918305136412132
EFRDistOneShotAgent,1.0757838116339526
BayesianAgent,0.9237734871015664
TimeWeightedAgent,0.9695081945598252
MyAgent,0.8501922729034637
Oneshot,1.0814243249753115
OneshotOmegaNegotiator,1.0521350668501792
Supvelikos,1.0729596671848038
Ysi,1.0918305136412132
Agent03Agent,1.1829823675149231
BayesianAgent,0.927104896528942
LatticeOneShotAgent,1.0126124399103789
Oneshot,1.0751408495283914
AssariAsari,1.0929778571691562
Agent03Agent,1.077470363931806
Supvelikos,1.1189814509013585
Oneshot,1.0789390390580489
TimeWeightedAgent,1.0298231360311136
LatticeOneShotAgent,1.074240845925461
Agent03Agent,1.0602623116802965
EFRDistOneShotAgent,1.0606031642827238
Supvelikos,1.109946456158046
MyAgent,0.8890111719980307
SteadySyncAgent,0.7616464797750894
LatticeOneShotAgent,1.0751408495283914
OneshotOmegaNegotiator,1.070144919267937
PenaltyAvoidAgent,1.055036776281509
Group3,0.923782718652564
LatticeOneShotAgent,1.090571985664143
SteadySyncAgent,1.086697237154043
MyAgent,0.93370723711596
OneshotOmegaNegotiator,1.081570990161527
Supvelikos,1.0536750531530492
OneshotOmegaNegotiator,1.109894459140731
YamashitaAgent,1.1227953674682174
Agent03Agent,1.0928133094824188
Oneshot,1.1174326439743467
PenaltyAvoidAgent,1.0856857362035466
SteadySyncAgent,0.7460597042538845
SBDOneShot,1.1124570687041917
PenaltyAvoidAgent,1.0964791952446271
Ysi,1.182457505001726
Group3,1.0101644553014868
TimeWeightedAgent,1.0846452850754194
SBDOneShot,1.084406701805225
LatticeOneShotAgent,1.0955259181877643
Group3,1.120015154096912
SBDOneShot,1.1820512883836356
Oneshot,1.0918305136412132
IsobeAgent,1.1967911622536678
Agent03Agent,1.075687116902295
Oneshot,1.1123530325608189
SBDOneShot,1.2209127390900651
Supvelikos,1.2318123383331558
IsobeAgent,1.0214994996458295
Supvelikos,1.0865898776269445
IsobeAgent,0.9432458667992362
Oneshot,0.9434308585829856
YamashitaAgent,1.2213862071788946
IsobeAgent,1.1498917000692566
Group3,0.984481982746148
AssariAsari,1.1217079530638854
EFRDistOneShotAgent,1.0631746121941543
TimeWeightedAgent,1.084828882450624
Supvelikos,1.013270954188078
OneshotOmegaNegotiator,1.0588563054248148
Group3,1.2025081527729595
Agent03Agent,1.220046333694699
SBDOneShot,1.077972279323998
Oneshot,1.116508466301855
TimeWeightedAgent,1.2195458936793688
IsobeAgent,1.230048226294486
TimeWeightedAgent,1.0863657511171088
YamashitaAgent,1.0963916043703277
Supvelikos,1.0798901191685526
SteadySyncAgent,1.0706554690824623
TimeWeightedAgent,1.0409050480942177
YamashitaAgent,1.0589704197727825
TimeWeightedAgent,1.1198072095129672
OneshotOmegaNegotiator,1.0925581476004536
SteadySyncAgent,0.9056701318822016
OneshotOmegaNegotiator,1.112643364597369
IsobeAgent,1.0568491313094108
OneshotOmegaNegotiator,1.0788962375829043
YamashitaAgent,1.0825214243464818
Supvelikos,1.118135189515286
TimeWeightedAgent,1.0655088707498814
BayesianAgent,1.0702573611213906
MyAgent,1.13251966933977
Supvelikos,1.2314859203244364
BayesianAgent,1.0854551869193785
LatticeOneShotAgent,1.117943750314436
Ysi,1.120528780577322
EFRDistOneShotAgent,1.0390261471175235
TimeWeightedAgent,1.0748033782821471
Supvelikos,1.1038338770652376
Agent03Agent,1.1016002977298105
Group3,0.8561969993686598
SBDOneShot,1.0854020294392663
SteadySyncAgent,1.099782682699591
BayesianAgent,1.2204677302258211
PenaltyAvoidAgent,1.2378740196813027
AssariAsari,1.0696879981780916
SBDOneShot,1.0198043915515524
SteadySyncAgent,1.0761575097712144
MyAgent,0.9851665051545706
PenaltyAvoidAgent,1.094091431857389
EFRDistOneShotAgent,1.0673029065501811
OneshotOmegaNegotiator,0.92248431999336
SteadySyncAgent,0.7384386264260755
AssariAsari,1.0962505715592137
TimeWeightedAgent,1.160106441375292
YamashitaAgent,1.0935485061662766
PenaltyAvoidAgent,1.11660777385159
OneshotOmegaNegotiator,0.9383114009131156
Group3,0.6942051190118569
Supvelikos,1.045199245926665
SteadySyncAgent,1.1269418489362597
OneshotOmegaNegotiator,1.073782159996801
Group3,0.9989883297003236
AssariAsari,1.1032703815450209
TimeWeightedAgent,1.070095983535676
TimeWeightedAgent,1.113459626280633
PenaltyAvoidAgent,1.127375030579793
IsobeAgent,1.017117223375061
SteadySyncAgent,1.0533867951647402
MyAgent,0.9838687008769512
SteadySyncAgent,1.0887850163305173
TimeWeightedAgent,1.07243735943496
EFRDistOneShotAgent,0.9415557307136756
YamashitaAgent,1.0908073654307686
MyAgent,1.0503835812595377
TimeWeightedAgent,1.089410658869255
SteadySyncAgent,1.0860247752139949
YamashitaAgent,1.0789045724056603
Group3,0.8871461764163564
PenaltyAvoidAgent,1.0893013035075108
Supvelikos,1.1219755662154876
IsobeAgent,1.0611742790231742
EFRDistOneShotAgent,1.0610005246332503
IsobeAgent,1.0561423017097908
LatticeOneShotAgent,1.1201581994617955
Oneshot,1.0799556594499984
YamashitaAgent,1.1113843932752552
BayesianAgent,1.141414307487967
TimeWeightedAgent,1.1052633903261977
Agent03Agent,0.9610371782737832
Oneshot,0.9275012431136248
Supvelikos,1.0840286831812256
LatticeOneShotAgent,1.1185840142948724
Agent03Agent,1.1034500283986142
Ysi,1.0825589390039234
Ysi,1.2180591948499513
BayesianAgent,1.2283009779399874
Oneshot,1.065360965611478
SteadySyncAgent,1.0734287303219368
Agent03Agent,1.0915666477310866
PenaltyAvoidAgent,1.2220980618149218
Agent03Agent,1.0630168208397317
SteadySyncAgent,1.0897567109417086
Ysi,0.932821143614402
Agent03Agent,0.894245663474835
Oneshot,1.0908087375867843
AssariAsari,1.1993068728307212
MyAgent,0.987766137761622
BayesianAgent,1.121316818774446
PenaltyAvoidAgent,1.0732451203472573
LatticeOneShotAgent,1.106007651608742
SteadySyncAgent,0.8646637933397913
Agent03Agent,1.165494332484843
YamashitaAgent,1.0475997185214705
Oneshot,1.06603400485552
Group3,1.101040006073028
TimeWeightedAgent,1.0697962169546469
TimeWeightedAgent,1.0524360310464795
Ysi,1.054620065055361
Group3,1.1098746770101466
SBDOneShot,1.2208335958992274
AssariAsari,1.075583971640185
YamashitaAgent,1.086522846187448
EFRDistOneShotAgent,1.0898599840050824
IsobeAgent,1.1176360791610072
Agent03Agent,0.9438626895027948
Ysi,0.9414968665626612
EFRDistOneShotAgent,0.9435342228404028
Supvelikos,0.9629588819690216
SBDOneShot,1.0918305136412132
SteadySyncAgent,1.2199242568344848
Ysi,1.0513039707174596
AssariAsari,1.042851685180597
EFRDistOneShotAgent,1.037520825952788
BayesianAgent,1.0614840526998623
SteadySyncAgent,0.8269947598419672
OneshotOmegaNegotiator,1.1529062741163991
MyAgent,0.8092948467044421
PenaltyAvoidAgent,0.974535387252498
SBDOneShot,1.066136591016141
TimeWeightedAgent,1.0534332399022923
BayesianAgent,1.08914113616762
Oneshot,1.0639136935677145
BayesianAgent,1.0577068614175011
SBDOneShot,1.0319778463631883
BayesianAgent,1.222909153357376
MyAgent,1.1042133954238915
IsobeAgent,1.07836767160892
AssariAsari,1.1993098611125996
YamashitaAgent,1.0918305136412132
OneshotOmegaNegotiator,1.1901145653810796
BayesianAgent,1.082717168081197
SteadySyncAgent,0.7398248921979709
AssariAsari,1.1368932529733802
MyAgent,1.0168361443685183
AssariAsari,1.081421089040448
BayesianAgent,1.0865291426682646
OneshotOmegaNegotiator,1.0666107272399847
Group3,0.5494937320042937
Agent03Agent,1.0844408285985994
AssariAsari,1.1251732854929462
TimeWeightedAgent,1.056053432729975
Agent03Agent,1.07005164162081
Ysi,1.0751408495283914
Oneshot,1.0706295308544886
AssariAsari,1.0948102357676823
TimeWeightedAgent,1.0859303590476894
BayesianAgent,1.220468911103145
OneshotOmegaNegotiator,1.2207063234556623
BayesianAgent,1.2202951232122132
Agent03Agent,1.1971097713445231
YamashitaAgent,0.9297677819364714
AssariAsari,0.892225284372886
Ysi,1.0944886861491026
Supvelikos,1.1056479657476963
PenaltyAvoidAgent,1.0213200878302502
LatticeOneShotAgent,1.0775659069220638
MyAgent,0.9499026698742128
Supvelikos,1.1213820078226855
BayesianAgent,1.0752041526872191
Supvelikos,1.1152039834776213
LatticeOneShotAgent,1.1218032495585446
Supvelikos,1.1250509663214547
EFRDistOneShotAgent,1.0710685290542254
Group3,1.1393176470437285
SteadySyncAgent,0.9371036841513232
SBDOneShot,1.0506992228102845
LatticeOneShotAgent,1.091439573692522
SBDOneShot,1.0690400265664302
SBDOneShot,1.057868859341892
Supvelikos,1.0528793719266676
LatticeOneShotAgent,1.0757105779578402
BayesianAgent,1.0780657274718204
Oneshot,1.0951836610272825
TimeWeightedAgent,1.159341090533936
MyAgent,0.9268398876169662
Agent03Agent,1.1007668871606249
IsobeAgent,1.05878334953815
Agent03Agent,1.0869533861304386
SBDOneShot,1.074380612792521
PenaltyAvoidAgent,1.0905997690177776
SteadySyncAgent,0.8110605018020987
Group3,1.096564596010291
OneshotOmegaNegotiator,0.9171172889841732
LatticeOneShotAgent,0.9828376724617134
Ysi,1.0919272523048027
BayesianAgent,1.2020190638003048
SteadySyncAgent,0.7387063121410649
Supvelikos,1.0796364582170954
Agent03Agent,1.0775930102620408
TimeWeightedAgent,1.0090133641816958
SBDOneShot,1.2187954107341967
Agent03Agent,1.200274118044893
YamashitaAgent,1.059465651662597
Group3,0.5615623134873005
Ysi,1.0889056147597866
Group3,1.0936439492589678
SteadySyncAgent,0.8630521090207107
Ysi,1.0727527691717995
PenaltyAvoidAgent,0.9014581479488288
Agent03Agent,1.005729087956314
SteadySyncAgent,0.816736767385356
Supvelikos,1.0797564879800756
BayesianAgent,0.971948514285062
SteadySyncAgent,0.6973832136347302
EFRDistOneShotAgent,1.0562650010385142
TimeWeightedAgent,1.1013056115897912
AssariAsari,1.0918305136412132
Oneshot,1.1917469732724577
IsobeAgent,0.8926284797924322
Supvelikos,0.8765862162576076
LatticeOneShotAgent,1.091195910512336
Agent03Agent,1.084502961872559
AssariAsari,1.078749129581566
LatticeOneShotAgent,1.099059140033381
PenaltyAvoidAgent,1.067819608115448
BayesianAgent,1.0896594751034314
AssariAsari,1.101605469651151
MyAgent,1.0178403376534435
SBDOneShot,1.0749843548151945
BayesianAgent,1.077466242865501
EFRDistOneShotAgent,0.904246128714423
PenaltyAvoidAgent,0.9865427508295964
Ysi,1.0621872198684277
Group3,0.589198118794356
YamashitaAgent,1.0924571112378352
EFRDistOneShotAgent,0.9774833589135395
SteadySyncAgent,1.0899977044892384
YamashitaAgent,1.221664133236402
BayesianAgent,1.221818206450176
AssariAsari,1.23901050028179
EFRDistOneShotAgent,1.115233702665359
MyAgent,1.0209026758762905
Ysi,1.091576528078827
PenaltyAvoidAgent,1.24023527856718
Agent03Agent,1.091377954446692
AssariAsari,1.0924606186229664
Supvelikos,1.0253880190027056
Agent03Agent,1.1005912559464
LatticeOneShotAgent,1.1176476353799154
EFRDistOneShotAgent,1.0564096498599802
PenaltyAvoidAgent,0.8258252133207774
Group3,0.6897922949120205
TimeWeightedAgent,1.0478666727723174
Supvelikos,1.0676057017328773
SBDOneShot,1.0574662634153504
LatticeOneShotAgent,1.0841631456437548
AssariAsari,1.075394062163702
Supvelikos,1.1136564164890936
Group3,1.101040006073028
SBDOneShot,1.0768528655990897
AssariAsari,1.092211553116903
Agent03Agent,1.2130526391037075
SBDOneShot,1.0957903459903406
PenaltyAvoidAgent,1.1143409560637376
TimeWeightedAgent,1.0918305136412132
Agent03Agent,1.1953660798701071
AssariAsari,1.0540249786570512
SteadySyncAgent,1.1221510339218268
SBDOneShot,1.2208631250338038
OneshotOmegaNegotiator,1.2268923616064498
YamashitaAgent,1.0919067215363512
Oneshot,1.1929946606012694
TimeWeightedAgent,1.0918305136412132
Supvelikos,1.1970018853373026
Supvelikos,1.0274756415660231
SteadySyncAgent,1.0689440627526114
BayesianAgent,1.0930498399634203
SBDOneShot,1.0506962375725255
Supvelikos,1.0995960221540373
MyAgent,1.0073404013476075
MyAgent,0.9966067009497248
Agent03Agent,1.082435875723336
LatticeOneShotAgent,1.0806154966968804
OneshotOmegaNegotiator,1.11165715759484
BayesianAgent,1.0918457819449054
Group3,1.1061986077723287
BayesianAgent,1.0835071707953063
PenaltyAvoidAgent,1.1211922305979296
LatticeOneShotAgent,1.1363985778509456
Ysi,1.080950862410108
Agent03Agent,1.092560607947709
OneshotOmegaNegotiator,1.1001215764829284
Group3,0.8288925974062346
EFRDistOneShotAgent,1.0340793912447936
YamashitaAgent,1.220039152923983
Agent03Agent,1.1997392585215194
SteadySyncAgent,1.053916355716162
AssariAsari,1.2282069922675305
AssariAsari,1.0919829294314891
OneshotOmegaNegotiator,1.1949385850114718
AssariAsari,1.053538851646846
PenaltyAvoidAgent,1.057564733413085
EFRDistOneShotAgent,1.1985471934586782
Agent03Agent,1.2096508243484023
PenaltyAvoidAgent,1.077009268584275
TimeWeightedAgent,1.0983679486725453
IsobeAgent,1.0157348193535762
MyAgent,1.0113022357058266
BayesianAgent,1.09892221980407
IsobeAgent,0.9582334266501524
PenaltyAvoidAgent,1.0911885614552383
Agent03Agent,1.1830399183355864
MyAgent,0.8710427034076246
SteadySyncAgent,0.858594222010125
TimeWeightedAgent,1.08418362403938
EFRDistOneShotAgent,1.0492897317754044
LatticeOneShotAgent,1.0913399594250104
PenaltyAvoidAgent,1.0935194538692596
Supvelikos,1.092059137326627
AssariAsari,1.2152713014453818
OneshotOmegaNegotiator,1.221526469975484
EFRDistOneShotAgent,1.1124261084799605
LatticeOneShotAgent,1.0944863406992724
EFRDistOneShotAgent,0.9726826705758186
Group3,1.0801339246595711
Supvelikos,1.1123748090307248
Supvelikos,1.062504650993673
SteadySyncAgent,1.0919638332611974
IsobeAgent,1.041054752108494
SBDOneShot,1.1151932808884968
Supvelikos,1.06280655093813
Group3,0.9680989420529104
LatticeOneShotAgent,1.0918305136412132
SBDOneShot,1.165748951281662
Group3,1.1048933341773757
SBDOneShot,1.081988212903267
EFRDistOneShotAgent,1.0918305136412132
SteadySyncAgent,1.1582880221486598
AssariAsari,1.095488492607834
LatticeOneShotAgent,1.2186076147104894
YamashitaAgent,1.0442541358845263
LatticeOneShotAgent,1.0775448216679997
AssariAsari,1.092059137326627
EFRDistOneShotAgent,1.0255960114017135
Group3,0.7112949242076791
Supvelikos,0.9422496824785568
SBDOneShot,1.062887146188073
Group3,0.9939379884013811
Group3,1.086580903365617
PenaltyAvoidAgent,1.056698847914619
PenaltyAvoidAgent,1.0758371842754952
MyAgent,0.9939849819839932
Supvelikos,1.0826444544027765
TimeWeightedAgent,1.1050795401614626
Ysi,1.079996566691359
PenaltyAvoidAgent,1.1177482221015576
Agent03Agent,1.063704611984704
YamashitaAgent,1.0764215857580264
MyAgent,0.9617178090994694
Agent03Agent,1.1097735857246698
AssariAsari,1.0563538353172743
IsobeAgent,1.0394679074386752
BayesianAgent,1.0636833704554416
YamashitaAgent,1.0741558840040188
SBDOneShot,1.0865146755623178
Agent03Agent,1.0893371231598117
TimeWeightedAgent,1.082321161080148
Group3,1.1037461749516166
OneshotOmegaNegotiator,1.0759934251982064
IsobeAgent,1.065638208098391
Supvelikos,1.0651684484828472
BayesianAgent,1.0541656765544964
EFRDistOneShotAgent,1.0639868603854032
SteadySyncAgent,1.098892744885347
PenaltyAvoidAgent,1.095379314284775
TimeWeightedAgent,1.1413065186726457
MyAgent,0.8629553995848751
Group3,1.1307685894820858
YamashitaAgent,1.0644083654896883
PenaltyAvoidAgent,1.0904564349273522
TimeWeightedAgent,1.0887708774984215
Supvelikos,1.079132058257552
Oneshot,0.9264708146465844
SBDOneShot,0.9858278600236624
MyAgent,1.055556501416275
Group3,1.1282452678246684
SteadySyncAgent,1.2168337512065228
Ysi,1.202423732463394
Oneshot,1.0752041526872191
Supvelikos,1.1140157302099247
MyAgent,1.0504063264953536
PenaltyAvoidAgent,1.114407627175145
Ysi,1.0885449257857385
OneshotOmegaNegotiator,1.0993575818009098
MyAgent,0.9249737764643252
Ysi,1.0621796322364228
Agent03Agent,1.0950081721865008
Ysi,1.1632254711503185
TimeWeightedAgent,1.0941394295582976
MyAgent,0.991423643222986
Group3,0.9877416262811458
BayesianAgent,1.063071073185654
OneshotOmegaNegotiator,1.2214858044054806
Group3,1.209479415736909
AssariAsari,1.0752674558460469
MyAgent,0.9917436234871072
BayesianAgent,1.0918305136412132
MyAgent,1.0632921162828504
OneshotOmegaNegotiator,1.0771473670092049
MyAgent,0.9863204145660064
BayesianAgent,1.0938757906843013
MyAgent,0.9755687847220555
IsobeAgent,1.055670909245259
Supvelikos,1.0930200230888405
Agent03Agent,1.2202101141645447
YamashitaAgent,1.2273340673146895
SteadySyncAgent,0.9907728838322696
Agent03Agent,1.216092726377967
MyAgent,0.9963412135905644
LatticeOneShotAgent,1.0872673804031276
EFRDistOneShotAgent,1.072804375399619
MyAgent,0.9712710212742895
TimeWeightedAgent,1.0915758858334346
EFRDistOneShotAgent,1.0082511378248806
Oneshot,1.2227374205735877
SteadySyncAgent,1.2419203452543215
Group3,0.6884195089647553
SteadySyncAgent,0.8029067223069056
BayesianAgent,1.0724337722173194
YamashitaAgent,1.064878073111633
MyAgent,1.1256992203189349
SBDOneShot,1.2246086434033632
SteadySyncAgent,1.0065740201549012
Oneshot,1.09538887230383
SteadySyncAgent,0.9871991511764008
SBDOneShot,1.092446075935582
Ysi,1.1289890215477756
SBDOneShot,1.1145245287225083
SteadySyncAgent,0.7449909685838748
EFRDistOneShotAgent,1.0873085683259764
Group3,1.0560170061370877
Ysi,1.0742690238988903
EFRDistOneShotAgent,1.0694211391227408
SBDOneShot,1.109737186379022
OneshotOmegaNegotiator,1.063907798440613
LatticeOneShotAgent,1.1206882492049255
LatticeOneShotAgent,1.050317154140865
SBDOneShot,1.0419791270145764
SteadySyncAgent,1.2608334199815372
TimeWeightedAgent,1.2122747009372752
Agent03Agent,1.0979754171495424
PenaltyAvoidAgent,1.1124205115831804
SBDOneShot,1.0888889093009049
Oneshot,1.0919025866138756
Oneshot,1.2227374205735877
YamashitaAgent,1.2327788600829213
IsobeAgent,1.0561397683094085
LatticeOneShotAgent,1.086531519563505
IsobeAgent,1.0377434586091203
Group3,0.5316764695740424
Supvelikos,1.0895584031056813
LatticeOneShotAgent,1.1016768131059904
Agent03Agent,1.074473161898594
Supvelikos,1.1175804900130142
LatticeOneShotAgent,1.1165126483931052
OneshotOmegaNegotiator,1.1084167042947586
Group3,1.262025497921856
IsobeAgent,1.1049979876766545
MyAgent,0.9507713060681716
Group3,1.043381792640795
EFRDistOneShotAgent,1.0636848142585704
MyAgent,0.975366665007768
MyAgent,0.9322042070061164
Ysi,1.0527858604728446
Group3,1.107505903967908
MyAgent,0.8523480066691875
IsobeAgent,1.0773534471227604
YamashitaAgent,1.212714090770514
BayesianAgent,1.077389445686974
AssariAsari,1.1227509778357236
EFRDistOneShotAgent,1.2166021296349236
OneshotOmegaNegotiator,1.222074037328127
Oneshot,1.059391659038054
Group3,0.582625506475992
LatticeOneShotAgent,1.0869612280836043
MyAgent,0.956852758163542
EFRDistOneShotAgent,1.2046173620630043
IsobeAgent,1.1992940602798303
TimeWeightedAgent,1.0761510096298106
EFRDistOneShotAgent,1.1037429518503703
LatticeOneShotAgent,0.9615052520313182
Group3,0.7058335018006533
LatticeOneShotAgent,1.0901368983598043
Oneshot,1.094237841872149
Group3,1.246480022134281
BayesianAgent,1.2269683093678
MyAgent,0.8421064821976366
Group3,0.7368380334110033
Oneshot,0.9289433225607748
SteadySyncAgent,0.7093065829135534
OneshotOmegaNegotiator,1.0926248939010936
LatticeOneShotAgent,1.0955086711334798
PenaltyAvoidAgent,1.0911008313379809
OneshotOmegaNegotiator,1.093888912509417
IsobeAgent,1.011015156977718
SBDOneShot,1.0614655000612725
OneshotOmegaNegotiator,1.0503219881824712
YamashitaAgent,1.0714017062374774
AssariAsari,1.0958318040592052
SteadySyncAgent,1.103125354143757
MyAgent,0.8871684836510719
Agent03Agent,1.0932448795552487
EFRDistOneShotAgent,1.0633006397028908
SBDOneShot,1.034848977294605
Ysi,1.09002074087789
SteadySyncAgent,1.2145680083064436
BayesianAgent,1.088741860894341
IsobeAgent,1.007371837405583
TimeWeightedAgent,1.0751408495283914
MyAgent,0.9624464238859012
IsobeAgent,1.0314972921228476
Agent03Agent,1.0642360744040404
Group3,1.165547405014492
PenaltyAvoidAgent,1.1975926082143105
AssariAsari,1.0848109517601043
Oneshot,1.117557086558131
AssariAsari,1.0756472747990125
Oneshot,1.062575452438978
AssariAsari,1.092204488785133
Ysi,1.0855225647270632
Supvelikos,1.0751408495283914
AssariAsari,1.1167883211678833
MyAgent,0.9551273379153462
IsobeAgent,0.9847914625979234
BayesianAgent,1.0816586329915834
SBDOneShot,1.1113156969391955
PenaltyAvoidAgent,1.0785050491399448
YamashitaAgent,1.11754729766272
Ysi,1.085944915259567
BayesianAgent,1.0828857031807664
AssariAsari,1.0016234702814517
Agent03Agent,1.068717304752927
Agent03Agent,1.0876140129247247
Ysi,1.0910837829502191
Oneshot,0.9272929447428064
PenaltyAvoidAgent,0.8898243278582437
Ysi,1.0666667780232026
LatticeOneShotAgent,1.082583056402699
SteadySyncAgent,0.7381375026357583
LatticeOneShotAgent,1.092505162664265
TimeWeightedAgent,0.9329442573038896
Agent03Agent,1.0080311545039042
TimeWeightedAgent,0.9139386862258896
IsobeAgent,0.9882634309306364
Group3,1.0981615941204088
BayesianAgent,1.1001109327690546
Ysi,1.2209721502154491
Oneshot,1.2171345747352846
BayesianAgent,1.081136680953119
TimeWeightedAgent,1.1122190997091257
Agent03Agent,1.062888975292173
OneshotOmegaNegotiator,1.0741529302172088
MyAgent,1.0750176138560308
BayesianAgent,1.09170046952851
Oneshot,1.1311095635260593
Supvelikos,1.1221564617460136
Group3,1.1203920913178629
Agent03Agent,1.1762484508180344
LatticeOneShotAgent,1.22370607424739
TimeWeightedAgent,1.2118285969461298
AssariAsari,1.0952628358419831
EFRDistOneShotAgent,0.9827339731255726
IsobeAgent,1.0770403691196555
SteadySyncAgent,1.2198076873384949
SteadySyncAgent,0.9472412301370868
EFRDistOneShotAgent,1.081637452685983
LatticeOneShotAgent,1.0918305136412132
PenaltyAvoidAgent,1.240896173418809
OneshotOmegaNegotiator,1.1108981794263988
PenaltyAvoidAgent,1.1277012150371035
EFRDistOneShotAgent,1.0896249273262306
Group3,0.9685069888387556
Agent03Agent,1.0868691391313203
BayesianAgent,1.0861267688043073
OneshotOmegaNegotiator,1.2184359016001178
MyAgent,1.0896541524503671
Group3,1.0976632482023887
OneshotOmegaNegotiator,1.059525055745523
BayesianAgent,1.09339800623288
SBDOneShot,1.0872387001538035
EFRDistOneShotAgent,1.218246177744789
Ysi,1.1781740210437293
Group3,1.0297888662393822
EFRDistOneShotAgent,0.9804212242907304
IsobeAgent,1.0408939286975702
YamashitaAgent,1.1123452898291568
Group3,0.8470942122338626
AssariAsari,1.0742738133052356
EFRDistOneShotAgent,1.0751408495283914
OneshotOmegaNegotiator,1.0623863102695414
SteadySyncAgent,0.8559553769598396
Oneshot,1.0711241324593834
BayesianAgent,1.0934679780131793
Oneshot,1.107100721205834
AssariAsari,0.8794044461924455
EFRDistOneShotAgent,0.915637451935733
Supvelikos,1.0919067215363512
OneshotOmegaNegotiator,1.1892150193180882
EFRDistOneShotAgent,0.9385359349691588
OneshotOmegaNegotiator,0.9482456845424616
TimeWeightedAgent,1.0755883490324922
AssariAsari,1.1257441082932398
Oneshot,1.220040938646183
PenaltyAvoidAgent,1.2357760127878514
Agent03Agent,1.0952075684335116
IsobeAgent,0.981599247808276
MyAgent,1.0777233401925663
SteadySyncAgent,1.0940240414554865
EFRDistOneShotAgent,1.0729746306487007
Agent03Agent,1.11372351448735
Agent03Agent,1.2195205130885975
MyAgent,1.0949956560378302
Supvelikos,0.9303486739282552
LatticeOneShotAgent,0.9663926797170846
Agent03Agent,1.225746052973949
Ysi,1.200201496587162
EFRDistOneShotAgent,1.190200869216616
LatticeOneShotAgent,1.2313626682731882
YamashitaAgent,1.0648640951360766
BayesianAgent,1.0592858664405207
SBDOneShot,1.0614543274706223
LatticeOneShotAgent,1.0695176014547132
YamashitaAgent,1.098853330760075
TimeWeightedAgent,1.0397684053733485
Group3,1.096578020857229
MyAgent,0.6641888939872155
Agent03Agent,1.0783992945034853
PenaltyAvoidAgent,1.1220990873533243
YamashitaAgent,1.1197597364301692
PenaltyAvoidAgent,1.068175317362421
BayesianAgent,0.9719202054638524
IsobeAgent,0.9769726518959052
AssariAsari,0.8397199586977927
LatticeOneShotAgent,1.0109065781247073
YamashitaAgent,1.0816583040690086
Ysi,1.069220570313656
Agent03Agent,1.0707252912438934
BayesianAgent,1.0697749070216231
LatticeOneShotAgent,1.058985038041264
TimeWeightedAgent,1.0693313725431088
TimeWeightedAgent,1.0750402465395104
YamashitaAgent,1.1104186708704014
EFRDistOneShotAgent,1.014082497259159
TimeWeightedAgent,1.0515688674150387
BayesianAgent,1.222909153357376
SBDOneShot,1.229683043197446
LatticeOneShotAgent,1.065360965611478
Supvelikos,1.0939271505943382
YamashitaAgent,1.082651934193073
PenaltyAvoidAgent,1.1204736310834296
YamashitaAgent,1.2238397330925888
LatticeOneShotAgent,1.2305122002785216
EFRDistOneShotAgent,1.0459948443580385
Supvelikos,1.1194796355047931
AssariAsari,1.092287761012041
MyAgent,1.0338299569290914
TimeWeightedAgent,1.1233063563791696
SBDOneShot,1.1187838177867775
Group3,1.0891669083477888
TimeWeightedAgent,1.213132811004053
Group3,0.8986291262291554
AssariAsari,1.1194242844328468
AssariAsari,1.085006518904824
OneshotOmegaNegotiator,1.1089284052313688
Group3,0.9017260947101235
EFRDistOneShotAgent,1.080765094487132
Agent03Agent,1.2216203707609734
AssariAsari,1.2373323161048724
EFRDistOneShotAgent,1.2235960844925295
AssariAsari,1.2371746840501523
Oneshot,1.0880761400805024
TimeWeightedAgent,1.0870146200845012
MyAgent,0.9487713565365552
Group3,0.912475697568894
LatticeOneShotAgent,1.065816442723753
BayesianAgent,1.0523114284874466
Ysi,0.9107840025789185
OneshotOmegaNegotiator,0.9714336561560156
MyAgent,1.0402412074117848
Ysi,1.081530031731118
PenaltyAvoidAgent,1.091417228034619
OneshotOmegaNegotiator,1.1911147772829196
IsobeAgent,1.0585849606905
Ysi,1.0284620576914658
BayesianAgent,1.0307199839353276
LatticeOneShotAgent,1.0681049536627734
TimeWeightedAgent,1.060032216887386
MyAgent,1.0034463860731844
MyAgent,0.9279282595216726
Oneshot,1.0613779866978272
IsobeAgent,1.179376922073186
BayesianAgent,1.2269681767824858
PenaltyAvoidAgent,1.0661960069839824
YamashitaAgent,1.0727714213284445
PenaltyAvoidAgent,1.065816442723753
Agent03Agent,1.0739804328922828
IsobeAgent,1.0251401418756438
TimeWeightedAgent,1.047339043526213
BayesianAgent,1.0918305136412132
AssariAsari,1.2323045403476307
BayesianAgent,1.084525526868919
SteadySyncAgent,0.9558025705570328
OneshotOmegaNegotiator,1.0676505450260108
Ysi,1.065094878170816
Oneshot,1.0853435990260298
YamashitaAgent,1.094163499573086
TimeWeightedAgent,1.0852777126052278
SteadySyncAgent,1.1133474342099274
Group3,0.9669197045525328
PenaltyAvoidAgent,1.0679023359155964
OneshotOmegaNegotiator,1.049368643856016
Agent03Agent,1.0747255864262464
LatticeOneShotAgent,1.0908072254769994
OneshotOmegaNegotiator,1.2078032379404129
Ysi,1.0934727999340037
SBDOneShot,1.089102189832235
SBDOneShot,1.2240094691491934
Ysi,1.1941076265373036
OneshotOmegaNegotiator,1.1012746956067418
Group3,0.924379046696653
IsobeAgent,1.0589801135014094
TimeWeightedAgent,1.0451982882537796
BayesianAgent,1.061628478290669
Group3,0.9460363671082398
IsobeAgent,1.0833914408677088
Group3,0.890410813869416
TimeWeightedAgent,1.074103777705772
Agent03Agent,1.111422495680995
YamashitaAgent,1.098626593264865
SBDOneShot,1.061743354990738
EFRDistOneShotAgent,1.0939920321617356
Oneshot,1.0822351101329108
Ysi,0.9297755400910184
TimeWeightedAgent,0.9673483315286432
MyAgent,0.8772928749179081
BayesianAgent,1.1136261846189728
OneshotOmegaNegotiator,1.0676499975147435
TimeWeightedAgent,1.0549393688952302
OneshotOmegaNegotiator,1.0636999520463806
AssariAsari,1.0942263097247968
YamashitaAgent,1.0751408495283914
Group3,1.032422759257279
Supvelikos,1.2204700249624754
IsobeAgent,1.1544305413844504
TimeWeightedAgent,1.1138685086410778
Supvelikos,1.1169384592896332
OneshotOmegaNegotiator,0.9497170911317326
EFRDistOneShotAgent,0.9550755022928812
MyAgent,1.056981661492801
SBDOneShot,1.0226900438842246
Ysi,1.091821572885354
LatticeOneShotAgent,1.0929344108370214
SteadySyncAgent,0.8157412543454313
Supvelikos,1.1188645316589492
OneshotOmegaNegotiator,1.0719080646795656
BayesianAgent,1.085831294864689
Ysi,1.06870484660346
TimeWeightedAgent,1.0641596768273731
Agent03Agent,1.1213325366486262
Oneshot,1.113614537609127
TimeWeightedAgent,1.0824105471999734
Agent03Agent,1.0862944432653
Supvelikos,1.0412370852525163
Agent03Agent,1.0673635801763584
Supvelikos,1.0918305136412132
PenaltyAvoidAgent,1.2389134888639215
Oneshot,1.0823258261443678
Agent03Agent,1.1098949183250115
TimeWeightedAgent,1.1059572445797246
IsobeAgent,1.0710422944917484
IsobeAgent,1.0881614116227252
Ysi,1.0461796666524354
SteadySyncAgent,0.6558480856290222
MyAgent,0.968990669164974
IsobeAgent,1.0420331637878089
MyAgent,0.9337243471423278
SBDOneShot,1.0663829762406931
Group3,0.6157579333491383
TimeWeightedAgent,1.0905592001771622
MyAgent,1.0447081689921804
Supvelikos,1.0898614572574323
Agent03Agent,1.0819749086059094
SBDOneShot,1.1005730738102744
SteadySyncAgent,1.1181869798037551
LatticeOneShotAgent,0.9471279605300084
TimeWeightedAgent,0.9528694084627992
BayesianAgent,1.095717116293248
TimeWeightedAgent,1.1835258922763428
PenaltyAvoidAgent,1.093396188603346
Group3,0.9106866469226428
IsobeAgent,1.0414837587806152
YamashitaAgent,1.0414094761512105
Ysi,1.0329796576008434
BayesianAgent,1.1148577020304982
Supvelikos,0.9868038257976234
Oneshot,1.1055694603073951
PenaltyAvoidAgent,1.095936259075066
YamashitaAgent,1.0942722336088238
Agent03Agent,1.07379846115485
EFRDistOneShotAgent,0.9096133319696152
IsobeAgent,1.1878298400254437
SteadySyncAgent,1.249068953742592
IsobeAgent,1.04028556390913
TimeWeightedAgent,1.1144491007550508
YamashitaAgent,1.070067562438321
LatticeOneShotAgent,1.091462249175684
EFRDistOneShotAgent,1.0661200941319366
PenaltyAvoidAgent,1.0741532723258242
OneshotOmegaNegotiator,0.9417071578897986
IsobeAgent,0.9833672667923276
MyAgent,0.9335941857517166
TimeWeightedAgent,1.0809676675721522
Supvelikos,1.0703968227007843
IsobeAgent,1.033152360248199
SBDOneShot,1.1258772003215558
Agent03Agent,1.0947294606005498
Oneshot,1.2187788149697492
SBDOneShot,1.2159502552257082
IsobeAgent,1.0813770501827449
TimeWeightedAgent,1.1010479659968384
Oneshot,1.1184088744639331
Agent03Agent,1.0879848647989063
SteadySyncAgent,1.079448917615393
EFRDistOneShotAgent,1.0324278779579703
Ysi,0.9313694523399668
Oneshot,0.919599902054702
Group3,0.7548806855831899
LatticeOneShotAgent,1.011550974781162
TimeWeightedAgent,1.0855453998158604
LatticeOneShotAgent,1.095386848323086
Agent03Agent,1.096436165329884
Ysi,1.0752110388865224
SBDOneShot,0.9661235873658152
SteadySyncAgent,0.7014419150641146
OneshotOmegaNegotiator,1.0913008327245726
Group3,1.0941074602039562
Supvelikos,0.9875647963916232
PenaltyAvoidAgent,0.9367917301171722
PenaltyAvoidAgent,1.082586740265249
IsobeAgent,1.0580843426493691
Supvelikos,1.064063440976824
Agent03Agent,1.08071277028199
TimeWeightedAgent,0.9356231260955292
OneshotOmegaNegotiator,0.9542896022096174
Ysi,1.0592715376644015
EFRDistOneShotAgent,1.03659903398145
OneshotOmegaNegotiator,1.0881456100039677
AssariAsari,1.0923644469153828
EFRDistOneShotAgent,1.2123787901341765
Group3,1.225155577880241
AssariAsari,1.066103850890141
EFRDistOneShotAgent,1.0600093387633656
LatticeOneShotAgent,1.0751408495283914
YamashitaAgent,1.092647269822894
YamashitaAgent,1.090188443644444
Oneshot,1.0940944326762574
SBDOneShot,1.2183010844229218
BayesianAgent,1.2271194236328875
Ysi,1.0540241031574726
IsobeAgent,1.040424822040514
Agent03Agent,1.2195458834921438
SteadySyncAgent,1.1950937327870106
SteadySyncAgent,1.0598974695004033
TimeWeightedAgent,1.1889004232358111
OneshotOmegaNegotiator,1.0630961715325469
LatticeOneShotAgent,1.0721179073955869
LatticeOneShotAgent,0.946377151143874
Supvelikos,0.8592819002880162
BayesianAgent,1.0654085695720787
TimeWeightedAgent,1.070182686041007
SteadySyncAgent,1.259227389214723
BayesianAgent,1.227748267033177
PenaltyAvoidAgent,1.071393834666288
Group3,1.001493849763232
PenaltyAvoidAgent,1.084419817470665
Supvelikos,1.114237877969185
Oneshot,1.0719653837394671
BayesianAgent,1.0606421779579722
LatticeOneShotAgent,1.140843759869396
MyAgent,1.0355517057078618
SBDOneShot,0.937421828640196
IsobeAgent,0.9599954816110358
OneshotOmegaNegotiator,1.074486507914722
EFRDistOneShotAgent,0.8890761007469525
AssariAsari,1.0855774144851786
SBDOneShot,1.107741622015107
Ysi,1.052135588513181
Supvelikos,1.0665675345848633
LatticeOneShotAgent,1.0797598271402409
Agent03Agent,1.1132876678286878
AssariAsari,1.048412492580484
EFRDistOneShotAgent,1.06151018113549
Ysi,1.077398177306607
Supvelikos,1.1176784363121677
MyAgent,0.871071695623319
IsobeAgent,0.956772948067712
EFRDistOneShotAgent,1.0047290453333064
SBDOneShot,1.0399262646444596
Group3,1.1048933341773757
EFRDistOneShotAgent,0.9483329594429756
YamashitaAgent,1.065360965611478
Supvelikos,1.074005256483118
LatticeOneShotAgent,1.0937695069683828
Oneshot,1.068138757388047
AssariAsari,1.1024443695064774
Group3,1.0076790775888331
PenaltyAvoidAgent,1.0665612105915618
TimeWeightedAgent,1.051420516500256
AssariAsari,1.0978593708402462
Ysi,1.0772586443301106
TimeWeightedAgent,1.0635095109822437
LatticeOneShotAgent,1.0896547015122142
Oneshot,1.0798258540530652
EFRDistOneShotAgent,1.1078098139374948
Ysi,1.0787246916581217
AssariAsari,1.1226857887874837
TimeWeightedAgent,1.0660710097896982
Ysi,1.0624309184327956
Oneshot,1.0985518476951943
Agent03Agent,1.070969367931158
SteadySyncAgent,1.0537402362427766
Supvelikos,1.0911112101637106
LatticeOneShotAgent,1.2227374205735877
Group3,1.2162074919220236
OneshotOmegaNegotiator,1.112074924278884
Oneshot,1.1055938975175776
Agent03Agent,1.0853873116390538
TimeWeightedAgent,1.0774755677214067
BayesianAgent,1.0753307590048744
EFRDistOneShotAgent,0.932418029696138
SteadySyncAgent,0.9679832316952482
BayesianAgent,1.100892406473028
PenaltyAvoidAgent,0.8612256728483012
IsobeAgent,0.9946970564567458
YamashitaAgent,1.0775463695638412
Ysi,1.0156917825665348
OneshotOmegaNegotiator,1.0890126310950183
PenaltyAvoidAgent,1.1156077071804786
Oneshot,1.0644078065203006
Supvelikos,1.0636890801985557
SBDOneShot,0.9562469293508056
EFRDistOneShotAgent,0.93890171757803
PenaltyAvoidAgent,1.0784598213725405
LatticeOneShotAgent,1.0941921159056849
Ysi,1.0745011880914248
PenaltyAvoidAgent,1.1230690884399932
OneshotOmegaNegotiator,1.0766821924855492
LatticeOneShotAgent,1.1185932878913971
OneshotOmegaNegotiator,1.0841187608550835
SteadySyncAgent,1.0884776593612362
MyAgent,0.917887858764516
Oneshot,1.105359890000963
Supvelikos,1.085520617476467
MyAgent,0.8582345814836564
SteadySyncAgent,1.0942931037847818
Agent03Agent,1.0588220452982935
LatticeOneShotAgent,1.088467868437418
MyAgent,0.9740425196607768
Ysi,0.9272981614432476
YamashitaAgent,0.950454948372822
SBDOneShot,1.0784802864440064
IsobeAgent,1.0548995733961577
Agent03Agent,1.2182688342726626
IsobeAgent,1.179949051601567
Ysi,1.0644088219223853
AssariAsari,1.094129925078835
Group3,1.0033638578601105
AssariAsari,1.0937398548417867
AssariAsari,1.0972652846172708
IsobeAgent,0.9465825368824844
YamashitaAgent,1.092529779434285
SteadySyncAgent,1.0868593979063923
Agent03Agent,1.0508705326887138
Ysi,1.0594195025386357
AssariAsari,1.0751408495283914
SBDOneShot,1.0762007954765642
IsobeAgent,1.0315466299019664
SBDOneShot,1.051872078447239
TimeWeightedAgent,1.0751297649447118
SBDOneShot,1.0257366633377811
PenaltyAvoidAgent,0.9400276000446504
Ysi,0.9631748263115338
IsobeAgent,1.191272333385327
Supvelikos,1.2366252060542484
AssariAsari,1.068473392545358
Ysi,1.0773336677532068
AssariAsari,1.2272024729520865
TimeWeightedAgent,1.2196889311742825
SBDOneShot,1.0744446763861308
Supvelikos,1.1140157302099247
LatticeOneShotAgent,1.0771945523004591
SteadySyncAgent,1.0747803620393854
Oneshot,1.0430673714495686
AssariAsari,1.0391816317097595
Ysi,1.096516958639548
YamashitaAgent,1.095821219058855
Group3,0.9056781937822688
Oneshot,1.1133879800717077
OneshotOmegaNegotiator,1.0863775080661109
SBDOneShot,1.0749756106399704
MyAgent,0.8786071896281952
PenaltyAvoidAgent,1.1171792524884578
LatticeOneShotAgent,1.0521363694751515
Supvelikos,1.0596326107715832
TimeWeightedAgent,1.0385304011780712
AssariAsari,1.0830942650135575
LatticeOneShotAgent,1.055506708329028
Ysi,1.0578456233536186
YamashitaAgent,1.1236434560535014
TimeWeightedAgent,1.1013456455309671
Group3,1.101040006073028
Ysi,1.063191560094176
OneshotOmegaNegotiator,1.052305418959388
Ysi,1.0606577417047245
EFRDistOneShotAgent,1.0718360486231429
YamashitaAgent,1.0446926120839646
BayesianAgent,1.0752674558460469
SteadySyncAgent,1.0494156199278124
MyAgent,1.042542251455962
BayesianAgent,1.0986398885332582
IsobeAgent,1.042439114900871
PenaltyAvoidAgent,1.1215123859191656
SteadySyncAgent,0.9898198345009696
Oneshot,1.046409598057226
LatticeOneShotAgent,1.0816662377668995
Supvelikos,1.1200798741017235
Oneshot,1.2176020121830684
BayesianAgent,1.2291323242919228
PenaltyAvoidAgent,1.0890655825287432
MyAgent,1.0020486318917514
SBDOneShot,1.0529411460293003
AssariAsari,1.025148445764395
Oneshot,1.0681292842462533
LatticeOneShotAgent,1.0896104372646491
SBDOneShot,1.0847423904280211
EFRDistOneShotAgent,1.0647191416641526
Oneshot,1.2213846030327573
EFRDistOneShotAgent,1.10280087948391
Oneshot,1.091970107856281
LatticeOneShotAgent,1.0912871251822414
Ysi,1.078492486620823
Group3,1.1351819145226183
Oneshot,1.065360965611478
OneshotOmegaNegotiator,1.0735967431843587
SteadySyncAgent,1.0570117443196043
IsobeAgent,1.0613578968161483
IsobeAgent,1.1886816183694953
YamashitaAgent,1.234727009341126
Supvelikos,1.1200520612558045
Group3,1.008193102119907
Supvelikos,1.0097293589717662
EFRDistOneShotAgent,0.9984192090525464
AssariAsari,1.0656646170196615
IsobeAgent,1.0593571413187794
Oneshot,1.2244794560541112
TimeWeightedAgent,1.2155818644430372
PenaltyAvoidAgent,1.073168400666922
IsobeAgent,0.9920393793186484
LatticeOneShotAgent,1.0884663385106008
PenaltyAvoidAgent,1.1145409693979598
LatticeOneShotAgent,1.091522599517711
Ysi,1.0627786814363025
EFRDistOneShotAgent,1.0752041526872191
AssariAsari,1.117806823968766
EFRDistOneShotAgent,1.0644838320321657
Group3,0.962807318686314
BayesianAgent,1.0752041526872191
OneshotOmegaNegotiator,1.076696667548294
IsobeAgent,1.0890919356035569
Agent03Agent,1.0856044447391766
YamashitaAgent,1.0772591921645738
IsobeAgent,1.0544123655517192
SBDOneShot,1.0759185950353751
BayesianAgent,1.1181342779955454
MyAgent,1.0433138887758555
BayesianAgent,1.198385195368978
Ysi,1.0776743234550727
YamashitaAgent,1.110480180593126
YamashitaAgent,1.2227374205735877
SBDOneShot,1.2116565268618855
AssariAsari,1.018696879386506
YamashitaAgent,1.0745964759279392
EFRDistOneShotAgent,1.0897850670182243
YamashitaAgent,1.168404116151628
SteadySyncAgent,0.9992580628456886
OneshotOmegaNegotiator,1.0647048978453015
AssariAsari,1.095313398504888
MyAgent,0.9606320017101332
Agent03Agent,1.0590189519458095
YamashitaAgent,1.1146629710208888
MyAgent,0.8809910839936432
TimeWeightedAgent,0.969983353774918
Ysi,1.0995681906626682
PenaltyAvoidAgent,1.1116888740332564
BayesianAgent,1.0919092595689128
OneshotOmegaNegotiator,1.0808638801523998
Group3,0.8735045574163658
Supvelikos,1.0720957356983876
PenaltyAvoidAgent,1.082865522347784
SteadySyncAgent,1.12538283068454
PenaltyAvoidAgent,1.2243688820195775
AssariAsari,1.239972026574754
IsobeAgent,1.064516691126394
OneshotOmegaNegotiator,1.077411772194387
BayesianAgent,1.1347741054456524
Group3,1.0005211178268765
IsobeAgent,1.031640706740398
AssariAsari,1.122490221642764
YamashitaAgent,1.13320707734797
Group3,0.9949455115159452
Agent03Agent,1.1231350960098267
SBDOneShot,1.109947575773672
TimeWeightedAgent,1.0782363139840152
Oneshot,1.1144279787274016
BayesianAgent,1.1139260709726175
OneshotOmegaNegotiator,1.1087572654203308
Oneshot,1.065436878463524
EFRDistOneShotAgent,1.0117755713985586
LatticeOneShotAgent,1.08432903610512
AssariAsari,1.108473898259884
SBDOneShot,1.220861714700486
YamashitaAgent,1.231270579743037
Group3,0.8209049294426527
Oneshot,1.1033884073495277
Group3,1.104421567126786
OneshotOmegaNegotiator,1.1109615792172929
Group3,0.7315307861100917
SBDOneShot,0.985799054483403
BayesianAgent,1.2276572156303025
Ysi,1.1749005939495247
OneshotOmegaNegotiator,1.219900596384516
LatticeOneShotAgent,1.2313801888206204
BayesianAgent,1.0918169756912426
Agent03Agent,1.0876747228417292
AssariAsari,1.0466671409051371
OneshotOmegaNegotiator,1.0544655814009216
Agent03Agent,1.118479563421046
IsobeAgent,1.1240847647072636
MyAgent,0.9850373257085046
EFRDistOneShotAgent,0.9944968675965956
BayesianAgent,1.0752041526872191
PenaltyAvoidAgent,1.1028924751247562
PenaltyAvoidAgent,1.11660586636953
IsobeAgent,1.0907851478303503
AssariAsari,1.2295208655332304
LatticeOneShotAgent,1.23041339454758
Group3,1.0805294847772793
PenaltyAvoidAgent,1.1967399945662995
MyAgent,1.0101978391499815
SBDOneShot,1.1984692354026465
AssariAsari,1.223681950884424
OneshotOmegaNegotiator,1.2299518182308744
AssariAsari,1.093329330019017
LatticeOneShotAgent,1.0965353651523864
SteadySyncAgent,0.8873672094091895
Group3,0.7844278420108862
AssariAsari,0.9006902225426369
Supvelikos,0.9922958972772046
YamashitaAgent,0.9140802580223
Ysi,0.9528660589349855
YamashitaAgent,1.0806147804536208
AssariAsari,1.121316818774446
BayesianAgent,1.0908079566399915
Supvelikos,1.229647909096505
IsobeAgent,1.0221667175251463
Ysi,1.0585306984491545
TimeWeightedAgent,1.0739298874822718
SteadySyncAgent,1.0385638287153771
Ysi,1.0811331000344837
SteadySyncAgent,0.7331513747295562
Agent03Agent,1.0918305136412132
YamashitaAgent,1.2029670849953598
Oneshot,1.0891496216532772
Agent03Agent,1.0848534848401965
BayesianAgent,1.0995209362472766
AssariAsari,1.0904557832780997
EFRDistOneShotAgent,1.0867606010255126
SBDOneShot,1.117776254490608
PenaltyAvoidAgent,1.0754573653225297
AssariAsari,1.0833039104539524
TimeWeightedAgent,1.096586960991233
BayesianAgent,1.2138802603445058
SBDOneShot,1.0774979678480747
Ysi,1.1180089515763172
OneshotOmegaNegotiator,1.1006422048937718
TimeWeightedAgent,1.0414191768085392
EFRDistOneShotAgent,1.0919067215363512
OneshotOmegaNegotiator,1.180483513626977
Agent03Agent,1.0786491299150038
MyAgent,0.9212122243038604
AssariAsari,1.065360965611478
SteadySyncAgent,1.0806562468717102
Supvelikos,1.0734398363577664
AssariAsari,1.123794002607562
IsobeAgent,1.0652159720600975
BayesianAgent,1.086522804629486
OneshotOmegaNegotiator,1.0337712145674234
BayesianAgent,1.1150207942591537
TimeWeightedAgent,1.0951425110605362
OneshotOmegaNegotiator,1.094202846391395
LatticeOneShotAgent,1.065360965611478
OneshotOmegaNegotiator,1.06650345258896
EFRDistOneShotAgent,0.9502684348451456
BayesianAgent,1.005301745586938
YamashitaAgent,1.2232526189249529
BayesianAgent,1.227119631912013
TimeWeightedAgent,0.9441599985699396
MyAgent,0.9689714274986132
IsobeAgent,0.921178335075656
Ysi,0.9204168176698964
Agent03Agent,1.095488492607834
TimeWeightedAgent,1.1597681989573785
MyAgent,1.1169117977421097
OneshotOmegaNegotiator,1.232415840676251
Ysi,1.0892737958249024
IsobeAgent,1.0952942504281402
LatticeOneShotAgent,0.9648762795998832
OneshotOmegaNegotiator,0.9394323452559796
EFRDistOneShotAgent,1.084018398765295
TimeWeightedAgent,1.06810846926629
IsobeAgent,1.0770547049899837
SteadySyncAgent,1.0988788749698732
BayesianAgent,1.0910822752371254
SteadySyncAgent,1.091127140699035
EFRDistOneShotAgent,1.0874755933864195
BayesianAgent,1.2000075752357413
TimeWeightedAgent,1.067946221268539
LatticeOneShotAgent,1.119913561118813
OneshotOmegaNegotiator,1.075078600496537
Agent03Agent,1.113284756354341
SBDOneShot,1.0580032165515054
OneshotOmegaNegotiator,1.0849007764934593
Ysi,1.0813432840784818
SteadySyncAgent,0.8559791001873618
BayesianAgent,1.090807370077791
OneshotOmegaNegotiator,1.190528689225152
AssariAsari,1.0751408495283914
Agent03Agent,1.079160837739001
TimeWeightedAgent,1.0894053088105902
Oneshot,1.0865980659819097
Agent03Agent,1.0578592043076476
TimeWeightedAgent,1.063370211761751
SteadySyncAgent,0.8952281704882659
PenaltyAvoidAgent,1.078954911352768
YamashitaAgent,1.0943453741807652
Ysi,1.1261732505284865
SBDOneShot,1.054209514800852
PenaltyAvoidAgent,1.0626876692518148
PenaltyAvoidAgent,1.051954166927308
OneshotOmegaNegotiator,1.0654445884234254
Oneshot,1.092460430527045
Supvelikos,1.102742993073048
SteadySyncAgent,0.7234848754164788
LatticeOneShotAgent,0.9702650170704924
BayesianAgent,1.078242704310945
Ysi,1.0477027936249377
MyAgent,0.9803649271268864
Oneshot,1.1176144196768396
Oneshot,1.0745540156862068
BayesianAgent,1.0785236228214834
Ysi,1.0592244411259004
Group3,0.9553393585313296
AssariAsari,1.058810525457732
Ysi,1.0627317924648587
Oneshot,1.0614107173653573
TimeWeightedAgent,1.0543248698041474
Oneshot,1.0751408495283914
Agent03Agent,1.0482382923800606
YamashitaAgent,1.0918305136412132
SteadySyncAgent,1.200153938669657
OneshotOmegaNegotiator,1.0745259519670798
IsobeAgent,1.0089641369545708
Group3,1.0691498204958785
IsobeAgent,1.053781551981792
EFRDistOneShotAgent,1.0136510484578531
TimeWeightedAgent,1.1011991399317642
AssariAsari,0.9812731758440602
PenaltyAvoidAgent,1.1061000612951204
Agent03Agent,1.0663405509176895
IsobeAgent,1.0412647560836787
Group3,1.0592869152402054
LatticeOneShotAgent,1.0841068322589569
PenaltyAvoidAgent,1.0883062256531375
Supvelikos,1.1048142783007648
IsobeAgent,1.0629782600425506
Ysi,1.0847284781594246
AssariAsari,1.0968602347203171
Ysi,1.154199966698333
SBDOneShot,1.0707141276645198
TimeWeightedAgent,1.1145018718078947
Ysi,1.2227374205735877
Group3,1.189590830218765
MyAgent,0.9660693517450668
IsobeAgent,1.0201916592285445
SBDOneShot,1.0752402030630188
LatticeOneShotAgent,1.1187180604215137
BayesianAgent,1.08124045620562
LatticeOneShotAgent,1.1032481648799064
EFRDistOneShotAgent,1.0628125419204355
OneshotOmegaNegotiator,1.0856385041884034
MyAgent,0.9284500917001506
AssariAsari,1.1076447364082345
PenaltyAvoidAgent,1.0661200941319366
Oneshot,1.0467737239993378
OneshotOmegaNegotiator,1.0918305136412132
IsobeAgent,1.1101207834276932
PenaltyAvoidAgent,1.0157992119631951
YamashitaAgent,1.0457807214162291
IsobeAgent,1.0565166540945123
PenaltyAvoidAgent,1.0933690785230488
PenaltyAvoidAgent,1.0150804370850888
SteadySyncAgent,1.0420513561803255
SteadySyncAgent,1.010109490653708
Supvelikos,1.1023376941952252
PenaltyAvoidAgent,1.227486474196516
Ysi,1.2005984059318755
SteadySyncAgent,1.0743830987314775
Group3,1.2333762786443354
Supvelikos,0.999162875267705
YamashitaAgent,1.1159539749165197
LatticeOneShotAgent,0.9309176116962716
PenaltyAvoidAgent,0.8581627624609316
OneshotOmegaNegotiator,1.0913020916542646
SteadySyncAgent,1.1959413114833946
LatticeOneShotAgent,1.065360965611478
PenaltyAvoidAgent,1.102709572005628
Agent03Agent,1.0996551245409392
OneshotOmegaNegotiator,1.093690107502632
MyAgent,0.9492843343406075
YamashitaAgent,1.112673889699623
MyAgent,0.9135761168889738
PenaltyAvoidAgent,1.024176582294483
Group3,1.15243175191853
LatticeOneShotAgent,1.220461746691454
EFRDistOneShotAgent,1.0756964745283286
SteadySyncAgent,1.07218376459417
MyAgent,1.096170116360535
Group3,1.2473201962068574
Group3,0.8721806404421794
Ysi,1.072249153948554
PenaltyAvoidAgent,1.220552894528569
Oneshot,1.2276498161674871
Oneshot,1.1297626641458298
Ysi,1.0890411277607004
YamashitaAgent,1.0385322098009917
SteadySyncAgent,1.05166151985511
IsobeAgent,1.006629393846231
EFRDistOneShotAgent,1.0084023034715697
SteadySyncAgent,0.6652707230250458
OneshotOmegaNegotiator,1.076085025536938
TimeWeightedAgent,1.0620528040833808
YamashitaAgent,1.0779148584646248
Ysi,1.087915445440293
MyAgent,0.9458708153250271
TimeWeightedAgent,1.0763259467032409
SteadySyncAgent,1.0195863499851852
OneshotOmegaNegotiator,1.1134529175535866
Ysi,1.080641961426086
OneshotOmegaNegotiator,1.2197173912933983
IsobeAgent,1.208095421132066
PenaltyAvoidAgent,0.9197493494721912
OneshotOmegaNegotiator,0.974378231319042
EFRDistOneShotAgent,0.9536670105591551
Agent03Agent,0.9783881047489352
PenaltyAvoidAgent,1.0797619801228082
TimeWeightedAgent,1.0238853278307112
SBDOneShot,1.0637146964215791
Supvelikos,1.0782042877439753
SteadySyncAgent,0.8623413494193957
AssariAsari,1.0702745906294755
Agent03Agent,1.0770865025458962
Group3,0.9131700845950408
SteadySyncAgent,0.7019368467617235
Oneshot,0.949552895788327
IsobeAgent,1.062356799865085
AssariAsari,1.0864813476215434
Ysi,1.0530418911543946
OneshotOmegaNegotiator,1.0782330205265345
MyAgent,0.9006123487605706
EFRDistOneShotAgent,0.99319003933642
Oneshot,1.1206728389737075
OneshotOmegaNegotiator,1.1067992267376725
MyAgent,1.1169729461679796
Agent03Agent,1.2161327191581666
MyAgent,0.9459585191697468
OneshotOmegaNegotiator,1.0527144397135832
YamashitaAgent,1.065360965611478
SteadySyncAgent,1.073231873480305
IsobeAgent,0.9481157589385224
Group3,0.6991131771456285
AssariAsari,1.0930405084978063
SteadySyncAgent,0.8448762948142601
PenaltyAvoidAgent,1.0815925107201536
LatticeOneShotAgent,1.1196905708165863
AssariAsari,0.8769893026027538
IsobeAgent,1.010281199069215
OneshotOmegaNegotiator,1.220886491303512
AssariAsari,1.2412707927468905
Ysi,1.2189722978018618
AssariAsari,1.2381237824067135
Supvelikos,1.075394062163702
MyAgent,0.962778487121955
BayesianAgent,1.0574218910294102
OneshotOmegaNegotiator,1.068703790926557
IsobeAgent,1.0252949955682993
Oneshot,1.0602708419223656
MyAgent,0.8926539701709424
LatticeOneShotAgent,1.088049492232159
Supvelikos,1.1379498845057174
IsobeAgent,1.092538280170473
Ysi,1.0732283606500004
MyAgent,0.9685452019902324
LatticeOneShotAgent,1.065360965611478
EFRDistOneShotAgent,1.0291510157237425
EFRDistOneShotAgent,0.9037335876833108
YamashitaAgent,0.970602716867502
YamashitaAgent,1.052211105425422
Agent03Agent,1.0561536834668344
SteadySyncAgent,0.9945899138201956
MyAgent,0.8927303999826763
BayesianAgent,0.994007515962815
PenaltyAvoidAgent,0.8800673551678269
Supvelikos,1.1018235950874582
YamashitaAgent,1.1016156311995289
YamashitaAgent,1.093372627947096
SBDOneShot,1.0767265660373249
Ysi,1.0914375024153946
Agent03Agent,1.0672459420981222
SteadySyncAgent,0.9375805892006076
AssariAsari,1.0926791630735715
SBDOneShot,1.0992467550424485
Supvelikos,1.1036376787643956
SteadySyncAgent,0.9731569308002216
EFRDistOneShotAgent,1.0047978729636242
Supvelikos,1.065360965611478
MyAgent,0.9868228075809038
SBDOneShot,1.2196718273320557
SteadySyncAgent,1.1950642681944
Agent03Agent,1.0915893487683876
IsobeAgent,1.183151853413435
YamashitaAgent,1.1026734331503558
SteadySyncAgent,1.119628588440982
Group3,0.7058555536315597
AssariAsari,0.8909792498754623
OneshotOmegaNegotiator,1.0645330405075342
Group3,0.946472894488434
PenaltyAvoidAgent,1.2204670650922258
SteadySyncAgent,1.253059593386283
Supvelikos,1.0791973354327808
OneshotOmegaNegotiator,1.0797261866300931
Ysi,1.1184270837004393
YamashitaAgent,1.1202484404140785
PenaltyAvoidAgent,1.0744297342004383
EFRDistOneShotAgent,0.9012452075323488
IsobeAgent,0.9337692266308406
EFRDistOneShotAgent,0.9317975182131614
Ysi,1.0618696181846248
OneshotOmegaNegotiator,1.0764749319641558
PenaltyAvoidAgent,1.0849259858399398
Ysi,1.0917370727894156
LatticeOneShotAgent,1.1283703598846897
TimeWeightedAgent,1.0984978132314398
AssariAsari,1.0751408495283914
OneshotOmegaNegotiator,1.0819288910858746
LatticeOneShotAgent,1.065360965611478
MyAgent,0.9941831795162532
AssariAsari,1.0857887874837029
BayesianAgent,1.1158082432878809
SBDOneShot,1.07290644742106
IsobeAgent,1.0187796080868918
SBDOneShot,1.0744874344765487
Agent03Agent,1.069074760466393
AssariAsari,1.048552176080833
Agent03Agent,1.1033756395800092
Ysi,1.0772025050584535
TimeWeightedAgent,1.0014808735842105
Oneshot,1.2227374205735877
Group3,1.2381891167035075
AssariAsari,1.1016747301823595
Group3,0.9728693424463196
YamashitaAgent,1.086041261740244
MyAgent,0.9082885140492843
YamashitaAgent,1.089780689537185
LatticeOneShotAgent,1.1052663368002704
IsobeAgent,1.0480782495178806
TimeWeightedAgent,1.055770199848309
Oneshot,1.0516540762194937
LatticeOneShotAgent,1.074337645729232
OneshotOmegaNegotiator,1.060601716629541
Oneshot,1.0752646694135055
SBDOneShot,1.0524879854272997
SteadySyncAgent,1.0441932376442788
LatticeOneShotAgent,1.093372627947096
TimeWeightedAgent,1.0805713407099071
AssariAsari,0.8727626172023648
Oneshot,0.9554963939493224
PenaltyAvoidAgent,1.223767817276318
MyAgent,1.0786960665019256
Oneshot,1.0772587272509635
PenaltyAvoidAgent,1.1214471968709256
IsobeAgent,1.0398155403611724
Agent03Agent,1.1084175973433372
SBDOneShot,1.091569876337756
Agent03Agent,1.1840643356256575
Oneshot,1.2184416105171367
LatticeOneShotAgent,1.2324791448124282
SteadySyncAgent,0.7137109117363768
Ysi,1.0892069849938557
TimeWeightedAgent,1.060427952019643
Group3,0.9147673406783936
LatticeOneShotAgent,1.0781150721801307
MyAgent,0.9693456128817446
OneshotOmegaNegotiator,1.0884663519842963
Oneshot,1.0907769978746773
MyAgent,0.9855417185946934
Group3,1.0654518549314862
IsobeAgent,1.0273637123374475
BayesianAgent,1.1147761559161706
SteadySyncAgent,0.6927111836946525
IsobeAgent,0.983100667135388
SteadySyncAgent,0.6892151678972528
AssariAsari,0.98439457786374
EFRDistOneShotAgent,1.0939110271661718
OneshotOmegaNegotiator,1.091062417512215
EFRDistOneShotAgent,1.0716630234483129
OneshotOmegaNegotiator,1.1047731372122611
IsobeAgent,1.1884192213100733
MyAgent,1.1097214711884649
Group3,1.125646923519264
YamashitaAgent,1.0917763145907629
YamashitaAgent,1.0751408495283914
IsobeAgent,1.01723366504827
SBDOneShot,1.0421597791437922
Agent03Agent,1.074144523808553
OneshotOmegaNegotiator,1.073848409914805
MyAgent,0.9909554592638278
LatticeOneShotAgent,1.0780497457649734
TimeWeightedAgent,1.1107823245336457
SteadySyncAgent,0.780283089384748
MyAgent,1.09999834686706
MyAgent,0.9874945149209982
TimeWeightedAgent,1.1081717131856144
Group3,0.994928148874192
YamashitaAgent,1.109941719006394
Supvelikos,1.028551908723486
Group3,0.6316695264602373
Group3,0.7009256421586574
OneshotOmegaNegotiator,0.9696194170407462
Ysi,1.1280775674256165
Oneshot,1.1133091859198496
SteadySyncAgent,1.0639111150792526
AssariAsari,1.1225554106910038
Supvelikos,1.0751408495283914
IsobeAgent,1.013151405096999
YamashitaAgent,1.052210437683175
PenaltyAvoidAgent,1.0585391830648423
EFRDistOneShotAgent,1.074362064918719
Agent03Agent,1.0602394817069851
SBDOneShot,1.0751408495283914
MyAgent,0.9844226037985502
TimeWeightedAgent,1.0620390730860427
Supvelikos,1.0871705114362586
Oneshot,1.0763765117619504
LatticeOneShotAgent,1.0793871555428465
EFRDistOneShotAgent,1.0881981574680426
PenaltyAvoidAgent,1.2397726521710395
IsobeAgent,1.0593230192675105
TimeWeightedAgent,1.0819514170872386
YamashitaAgent,1.0658650861668886
TimeWeightedAgent,1.0709326022348638
Agent03Agent,0.959596761136056
EFRDistOneShotAgent,0.8982551445867208
BayesianAgent,1.0961743636640755
Ysi,1.1503275082416995
MyAgent,0.9631095220262856
Agent03Agent,1.0800217912031438
YamashitaAgent,1.2200376239562043
Group3,1.2091022163610974
BayesianAgent,1.1367748707991332
SBDOneShot,1.1028143270709123
PenaltyAvoidAgent,0.946413526066711
Oneshot,0.9554902277022904
YamashitaAgent,1.0485081779734824
EFRDistOneShotAgent,1.0530365874895675
BayesianAgent,1.0918305136412132
IsobeAgent,1.141495224128333
MyAgent,1.006680197126263
EFRDistOneShotAgent,1.1206947768640303
EFRDistOneShotAgent,1.0751408495283914
IsobeAgent,1.009673780076858
YamashitaAgent,1.0754832888295545
BayesianAgent,1.1181332786986315
SteadySyncAgent,0.6970390197089922
Agent03Agent,1.0878768333724889
SteadySyncAgent,0.9376000902302696
PenaltyAvoidAgent,1.21335015176191
Oneshot,1.0966271704192136
TimeWeightedAgent,1.0627026856850097
Group3,0.8673646852952087
SBDOneShot,1.058183012138759
OneshotOmegaNegotiator,1.061374402511264
MyAgent,0.9884403952712184
BayesianAgent,1.0886583670982612
Supvelikos,1.0882187716743594
EFRDistOneShotAgent,1.211195483422378
YamashitaAgent,1.2328288126280034
Group3,0.6758855308673962
Oneshot,0.9364388212390892
BayesianAgent,1.2250674067858385
LatticeOneShotAgent,1.2313952527736622
AssariAsari,1.0755206684813572
IsobeAgent,1.0037857268656163
LatticeOneShotAgent,1.0797595353280065
SBDOneShot,1.109614924671262
IsobeAgent,1.0779677303913535
Group3,1.0761450400948362
EFRDistOneShotAgent,1.0631116680689996
AssariAsari,1.0975809013752098
Supvelikos,1.0889598427843912
EFRDistOneShotAgent,1.0612694589216545
LatticeOneShotAgent,1.0832464146023468
PenaltyAvoidAgent,1.1216427640156454
TimeWeightedAgent,0.9071138958467186
LatticeOneShotAgent,0.9667423039759072
PenaltyAvoidAgent,1.0951696377228293
AssariAsari,1.0939474417123909
LatticeOneShotAgent,1.065360965611478
SteadySyncAgent,1.071831925373656
SteadySyncAgent,0.7592416951787457
PenaltyAvoidAgent,1.1161134645416788
IsobeAgent,0.9454094217047648
SBDOneShot,0.9755824432391798
BayesianAgent,1.0767300898552488
LatticeOneShotAgent,1.1207301173402868
YamashitaAgent,1.0918305136412132
Group3,1.1152393217796517
IsobeAgent,1.078506046854326
EFRDistOneShotAgent,0.9816804736599272
LatticeOneShotAgent,0.9586097648193636
BayesianAgent,0.9551661179345512
Supvelikos,1.07816422569632
AssariAsari,1.093447464756785
BayesianAgent,1.0600575320073702
AssariAsari,1.0708597895646317
PenaltyAvoidAgent,0.9294542159125754
SteadySyncAgent,0.7006378640870004
Ysi,1.0637096558687336
Oneshot,1.0790131654697206
SBDOneShot,1.1367873081130258
Supvelikos,1.120070862162554
BayesianAgent,0.9683250006157708
MyAgent,0.9207872650438798
PenaltyAvoidAgent,1.092135345221765
EFRDistOneShotAgent,1.0090950997924768
EFRDistOneShotAgent,1.0918305136412132
Oneshot,1.1895939096833728
OneshotOmegaNegotiator,1.063762396347628
Agent03Agent,1.0763033304521417
TimeWeightedAgent,1.0628896743070233
PenaltyAvoidAgent,1.096452083604588
IsobeAgent,1.0766032268873185
SBDOneShot,1.0427985853438309
BayesianAgent,1.0733980085494137
Group3,1.035724568060767
IsobeAgent,1.0575597970442605
SBDOneShot,0.9533128098510552
OneshotOmegaNegotiator,1.0506137464702934
MyAgent,1.0271964524165584
Group3,1.0745538004045645
IsobeAgent,1.025562660075152
TimeWeightedAgent,1.0766768120564194
Ysi,1.117539691183429
EFRDistOneShotAgent,1.0718999721430762
Oneshot,1.0083542013772242
OneshotOmegaNegotiator,0.934268017361457
Agent03Agent,0.984519396510218
AssariAsari,1.0853976531942633
MyAgent,0.930919506823584
IsobeAgent,0.9447918898450888
OneshotOmegaNegotiator,0.9718610313747272
Supvelikos,1.07929582965118
Group3,0.941420055963687
Agent03Agent,1.0659947743993698
Group3,0.5704566838919863
AssariAsari,1.0849413298565842
Group3,1.1373972578775906
Ysi,1.092287761012041
SBDOneShot,1.1555811564658622
Oneshot,1.0995680317884209
Group3,0.9217449985342294
Agent03Agent,1.084783388664344
SteadySyncAgent,0.8309837360309481
PenaltyAvoidAgent,1.094450833812536
TimeWeightedAgent,1.0818743414051952
PenaltyAvoidAgent,1.220639023294829
Agent03Agent,1.205977833219844
Agent03Agent,0.9182827588170174
PenaltyAvoidAgent,0.9290173639243238
SteadySyncAgent,1.1823736039458332
SBDOneShot,1.214559265850958
PenaltyAvoidAgent,1.093767496758672
SBDOneShot,1.0786520551312488
EFRDistOneShotAgent,1.065360965611478
IsobeAgent,1.0430713922735568
SteadySyncAgent,0.7466493602636188
MyAgent,0.9744697280022344
EFRDistOneShotAgent,0.9092586398816964
IsobeAgent,1.0072840117402886
Supvelikos,1.0758371842754952
BayesianAgent,1.062475149110582
MyAgent,0.9574886257376276
PenaltyAvoidAgent,1.1214471968709256
PenaltyAvoidAgent,1.0632625316408395
SteadySyncAgent,1.0789058145241397
LatticeOneShotAgent,1.0859008785295134
YamashitaAgent,1.0953849752499747
SteadySyncAgent,0.9463085842302404
EFRDistOneShotAgent,1.1782605713972745
Supvelikos,1.0751408495283914
YamashitaAgent,1.0588504475238516
Supvelikos,1.004572692216921
Oneshot,1.0633823811524097
Oneshot,1.0918305136412132
OneshotOmegaNegotiator,1.1982044422582014
Agent03Agent,1.2227374205735877
Oneshot,1.2209925931736116
LatticeOneShotAgent,1.2213893382113463
OneshotOmegaNegotiator,1.2002235508113388
SteadySyncAgent,0.7808810149150738
Supvelikos,1.1038932206991583
Agent03Agent,1.0918305136412132
SteadySyncAgent,1.193816022065971
IsobeAgent,1.0586662293138829
SBDOneShot,1.0740724319615669
IsobeAgent,1.1946188286691202
Ysi,1.1933629708939588
Oneshot,1.0993725222605248
YamashitaAgent,1.1198916224164217
OneshotOmegaNegotiator,1.089001553830457
LatticeOneShotAgent,1.0941593121126052
Supvelikos,1.0775945527742112
OneshotOmegaNegotiator,1.1003913728597172
BayesianAgent,0.9652293471455654
EFRDistOneShotAgent,0.8644173263404127
SteadySyncAgent,1.0700789412949263
Agent03Agent,1.1139661815851916
Supvelikos,1.081723504245177
Oneshot,1.1186545228746223
SBDOneShot,0.9824017176626568
AssariAsari,0.899835738597599
EFRDistOneShotAgent,1.0808424358593736
Oneshot,1.1134035259508936
MyAgent,0.9470578688912332
TimeWeightedAgent,1.0567300011459084
PenaltyAvoidAgent,0.8576836789159846
Supvelikos,1.0181963450531988
Oneshot,1.0908077729093304
Agent03Agent,1.1846942353742465
EFRDistOneShotAgent,1.0938881268099374
Ysi,1.1116088028878348
SteadySyncAgent,0.990009273679937
BayesianAgent,1.0811030676475537
PenaltyAvoidAgent,1.0901665187773018
Group3,1.0876642215872934
LatticeOneShotAgent,1.131330354832631
SBDOneShot,1.105843292555034
LatticeOneShotAgent,1.0751408495283914
PenaltyAvoidAgent,1.0988241619375003
YamashitaAgent,1.0628430089080303
Ysi,1.0462287431199702
Group3,0.899364181591064
OneshotOmegaNegotiator,1.0988389588517904
MyAgent,1.0538688150522582
TimeWeightedAgent,1.178289249384134
BayesianAgent,1.092059137326627
PenaltyAvoidAgent,1.24023527856718
LatticeOneShotAgent,1.0901275739642855
AssariAsari,1.0925136281944785
SBDOneShot,1.09464995975976
Agent03Agent,1.0832846857638954
LatticeOneShotAgent,1.125050689143817
PenaltyAvoidAgent,1.1264372502650248
EFRDistOneShotAgent,1.0419124617265143
MyAgent,1.0260394203614425
Supvelikos,1.0138562880053184
LatticeOneShotAgent,1.0670883682883885
BayesianAgent,1.0752041526872191
MyAgent,0.9706857498008056
IsobeAgent,1.0801614791411138
LatticeOneShotAgent,1.0953168284689667
IsobeAgent,1.0781496181439454
PenaltyAvoidAgent,1.234086576565876
TimeWeightedAgent,1.0636928773591214
Oneshot,1.0729414070791696
Supvelikos,1.0423536715382429
MyAgent,1.0277487640975156
BayesianAgent,0.9429759766633384
YamashitaAgent,0.960546198726138
YamashitaAgent,1.22003960758176
Oneshot,1.2125356093710578
SBDOneShot,1.0476492972336109
OneshotOmegaNegotiator,1.0602223867802032
SteadySyncAgent,0.7970568812422898
Group3,0.6860714085876582
EFRDistOneShotAgent,1.068060604207976
YamashitaAgent,1.1113664595967416
MyAgent,0.8486343369059471
YamashitaAgent,0.9546191063544822
LatticeOneShotAgent,1.1040830098829597
TimeWeightedAgent,1.066158940685435
Ysi,1.0640355593734914
BayesianAgent,1.0528225955428627
BayesianAgent,1.0918305136412132
YamashitaAgent,1.2141316670707365
TimeWeightedAgent,0.9364945107502076
Oneshot,0.9535380663292172
MyAgent,0.9594490176284666
LatticeOneShotAgent,1.1196190680684743
SBDOneShot,1.1146768147809043
YamashitaAgent,1.118149934657641
OneshotOmegaNegotiator,1.0883874805822549
EFRDistOneShotAgent,1.0140388068049992
AssariAsari,1.0655887041676155
Oneshot,1.0592494432177908
Oneshot,1.0674455881571907
TimeWeightedAgent,1.057559515066932
YamashitaAgent,1.0934762523562245
Supvelikos,1.1093537221084453
AssariAsari,1.223767817276318
Oneshot,1.224852575205547
TimeWeightedAgent,0.9332639168155976
Ysi,0.9575695529648992
MyAgent,0.895951687904103
LatticeOneShotAgent,1.0344361561281308
Ysi,1.0795357187000512
IsobeAgent,1.0645888197114703
SteadySyncAgent,0.7934405613957236
PenaltyAvoidAgent,1.1543405802746045
AssariAsari,1.084289439374185
Agent03Agent,1.112098484443079
LatticeOneShotAgent,1.0751408495283914
Supvelikos,1.066223551310347
OneshotOmegaNegotiator,1.0814921841913714
MyAgent,0.9716198403281796
Group3,1.101040006073028
YamashitaAgent,1.091272182635138
Supvelikos,1.0716928866063038
BayesianAgent,1.0839461047380785
EFRDistOneShotAgent,0.9162836917365182
BayesianAgent,1.1133691744717715
TimeWeightedAgent,0.929509016476991
YamashitaAgent,0.9384896103387912
PenaltyAvoidAgent,1.0652028675205545
BayesianAgent,1.0603436142322054
BayesianAgent,1.1054707852623744
Ysi,1.0795963321540338
OneshotOmegaNegotiator,1.091561523599177
EFRDistOneShotAgent,1.0562045702281997
Agent03Agent,1.2208511860489015
EFRDistOneShotAgent,1.1333111788828047
YamashitaAgent,1.0733361149425786
MyAgent,0.9680004526100374
TimeWeightedAgent,1.046692695564333
MyAgent,1.0172561270813991
Agent03Agent,0.8690640204481465
SBDOneShot,0.9925808331103444
Oneshot,1.0951358532073767
Ysi,1.0587738241950064
PenaltyAvoidAgent,0.9097619805551588
TimeWeightedAgent,0.9440061258301068
OneshotOmegaNegotiator,1.0913039125304431
SBDOneShot,1.1914625430798826
IsobeAgent,1.0369627158397503
BayesianAgent,1.0569941390934423
AssariAsari,1.103237811685895
Supvelikos,1.107462945073633
Supvelikos,1.0690335945571023
LatticeOneShotAgent,1.0911017972406956
AssariAsari,1.0398009410109006
LatticeOneShotAgent,1.115142103738172
EFRDistOneShotAgent,1.2228232869654818
SBDOneShot,1.2196863461014984
Agent03Agent,1.0746737505842958
BayesianAgent,1.06135212270605
IsobeAgent,1.042597709449609
LatticeOneShotAgent,1.1165107596426636
EFRDistOneShotAgent,1.0813323315543624
Ysi,1.117846232074902
SBDOneShot,1.062875815609989
YamashitaAgent,1.0814072381366109
Ysi,1.0774464548694276
Agent03Agent,1.1103669295875145
PenaltyAvoidAgent,1.0941737332611297
AssariAsari,1.1086072404826988
EFRDistOneShotAgent,1.0171869122284871
BayesianAgent,1.0758036659367136
LatticeOneShotAgent,1.2200398687819
YamashitaAgent,1.2245375134588046
Group3,1.0887339479248088
BayesianAgent,1.0802478065591368
YamashitaAgent,1.0679420025810369
Ysi,1.0442269742235235
Agent03Agent,1.0918305136412132
AssariAsari,1.2334280615954
Group3,1.075575718579426
Supvelikos,1.0847633549611808
SBDOneShot,1.089050196508985
EFRDistOneShotAgent,0.9989036706066328
EFRDistOneShotAgent,1.0628004891009624
MyAgent,0.9278121519130452
Agent03Agent,1.091568237623479
EFRDistOneShotAgent,0.9985328824344144
Oneshot,1.094558346494999
EFRDistOneShotAgent,0.9904301725741296
Supvelikos,1.0918305136412132
Agent03Agent,1.198462663927289
SBDOneShot,0.9424831748486188
Agent03Agent,0.9571529637126286
Ysi,1.2241394145786215
TimeWeightedAgent,1.203700444531401
PenaltyAvoidAgent,1.003507119048045
Ysi,1.0683734483714231
Group3,1.101040006073028
AssariAsari,1.0915445014296736
YamashitaAgent,1.0927899319721746
TimeWeightedAgent,1.1169977585333977
AssariAsari,0.9063957742368532
BayesianAgent,1.1125092879141467
MyAgent,1.018725356816487
YamashitaAgent,1.0895582971003173
Group3,0.7006655022923821
MyAgent,0.8438931670509024
EFRDistOneShotAgent,0.9508572384880636
Oneshot,1.1027796606819094
SBDOneShot,1.0888926375049686
AssariAsari,1.088354302507403
SteadySyncAgent,0.6854551702170186
PenaltyAvoidAgent,1.057939938685883
IsobeAgent,1.0571417878742717
SteadySyncAgent,1.0611957095574298
Oneshot,0.8983939929749938
Ysi,0.9415101488772633
LatticeOneShotAgent,1.0828178371613335
SteadySyncAgent,1.1018696599741815
YamashitaAgent,1.109959054870319
EFRDistOneShotAgent,1.0254713949254006
TimeWeightedAgent,1.092109268865587
Supvelikos,1.110540702713514
Ysi,1.071884433756605
EFRDistOneShotAgent,0.9407718724245232
IsobeAgent,1.1889930757359757
AssariAsari,1.2401718367550827
Agent03Agent,1.055874813735639
Oneshot,1.0627029624599964
LatticeOneShotAgent,1.219210961595334
BayesianAgent,1.2271208224327044
SteadySyncAgent,0.7013416407699128
SBDOneShot,0.9976916057436016
OneshotOmegaNegotiator,1.0913226324158698
AssariAsari,1.2334280615954
PenaltyAvoidAgent,1.2239395500601065
OneshotOmegaNegotiator,1.225141958493472
Agent03Agent,1.0945889936900954
Oneshot,1.0725436470737568
LatticeOneShotAgent,1.0751408495283914
Group3,0.9937443670329134
EFRDistOneShotAgent,1.074805316013827
BayesianAgent,1.0654810578404312
EFRDistOneShotAgent,1.0594327267044068
Supvelikos,1.08993680597903
OneshotOmegaNegotiator,1.0748663033605208
AssariAsari,1.0929401205201985
BayesianAgent,1.0833116036505868
Ysi,1.117735062464656
PenaltyAvoidAgent,0.988977034240062
LatticeOneShotAgent,1.1155337463965924
AssariAsari,1.0661200941319366
BayesianAgent,1.0550904919766366
Oneshot,0.928340054032938
LatticeOneShotAgent,0.9718537726962064
SBDOneShot,1.130109861216562
IsobeAgent,1.1197004389684049
AssariAsari,1.094450833812536
OneshotOmegaNegotiator,1.0833394579750772
MyAgent,0.9383899792430548
PenaltyAvoidAgent,1.0919219531491149
Ysi,1.073596912774566
SBDOneShot,1.0349748325841994
BayesianAgent,1.0919067215363512
EFRDistOneShotAgent,1.0373429216921273
IsobeAgent,1.0559440251099592
AssariAsari,1.0923112451547807
SBDOneShot,1.060818630116563
EFRDistOneShotAgent,1.0093217386006186
Group3,0.7034914600892076
PenaltyAvoidAgent,0.903963547780906
Group3,0.8840519487189092
Agent03Agent,1.0624188563349195
SteadySyncAgent,1.1036293409175308
YamashitaAgent,1.0953118250191487
OneshotOmegaNegotiator,1.095564700502972
Ysi,1.1772450674173305
Group3,1.1057945314458912
MyAgent,0.9967184746216826
MyAgent,0.8614342332770486
AssariAsari,0.990369013767926
IsobeAgent,1.0355725231234985
Supvelikos,1.053015261622977
MyAgent,1.0495935831536722
TimeWeightedAgent,1.036077355494197
TimeWeightedAgent,1.0801402638060402
PenaltyAvoidAgent,1.121773142112125
AssariAsari,1.0489428663932283
Oneshot,1.0681018356446152
Ysi,0.9304143020849416
EFRDistOneShotAgent,0.9434778273778118
Group3,1.2108676677735233
AssariAsari,1.233578100804236
Agent03Agent,1.217625256398598
SBDOneShot,1.2226030038170606
AssariAsari,1.0185055002920358
Ysi,1.0984907034020115
SBDOneShot,1.0914025334864592
BayesianAgent,1.2033206285478353
Supvelikos,1.0972412741960067
LatticeOneShotAgent,1.2183844853050387
LatticeOneShotAgent,1.2213898261843426
IsobeAgent,1.1946110799814096
Supvelikos,1.074368826687942
Oneshot,1.0063393798087426
AssariAsari,1.0937316025098107
OneshotOmegaNegotiator,1.0801223459344875
Supvelikos,1.0964029873494894
TimeWeightedAgent,1.1682288746260494
Group3,1.1212880085875416
Supvelikos,1.2227786667528402
SBDOneShot,0.9334082081690102
YamashitaAgent,0.9535488121558374
TimeWeightedAgent,1.0652947222650182
SBDOneShot,1.0505415581530029
Ysi,1.064533017767646
SBDOneShot,1.0857793424730262
MyAgent,0.8727680147156903
Supvelikos,0.9943878575452774
PenaltyAvoidAgent,1.0539913215209264
AssariAsari,1.04140552488464
SteadySyncAgent,1.0839498879918774
BayesianAgent,1.0906437337308108
LatticeOneShotAgent,0.927718172166722
YamashitaAgent,0.9366508784754812
BayesianAgent,1.2214742781010313
Oneshot,1.2230142236355963
Group3,0.9029396519975732
MyAgent,0.9942048644485008
YamashitaAgent,1.0919067215363512
AssariAsari,1.2323045403476307
SteadySyncAgent,0.6548535943753786
IsobeAgent,1.0465385128925273
BayesianAgent,1.1444443019521389
MyAgent,1.0297956292065011
AssariAsari,0.9303741391843594
TimeWeightedAgent,0.9909099604752514
EFRDistOneShotAgent,1.092059137326627
AssariAsari,1.2317097349811643
AssariAsari,1.2235102181006354
Group3,1.236202351207326
BayesianAgent,1.0835723598435465
MyAgent,1.0266223978735862
Agent03Agent,1.0595923864514745
IsobeAgent,1.0632281871341012
Oneshot,1.0466939097423953
EFRDistOneShotAgent,1.0414455228439874
IsobeAgent,1.0268904025226495
AssariAsari,1.0674228441411266
EFRDistOneShotAgent,1.063698648379457
Agent03Agent,1.0829217417651955
SteadySyncAgent,0.7485474783449422
YamashitaAgent,1.1156000385908005
Group3,1.211176952439904
OneshotOmegaNegotiator,1.2180668961850434
PenaltyAvoidAgent,1.0661200941319366
AssariAsari,1.087593948554928
Agent03Agent,1.056226350939635
PenaltyAvoidAgent,1.060285679287163
MyAgent,1.1448315018231294
BayesianAgent,1.2277516695577626
TimeWeightedAgent,0.9394777541066952
SteadySyncAgent,0.7298873460865932
Ysi,1.0770819623038832
SBDOneShot,1.107024504263792
EFRDistOneShotAgent,1.05412338920889
Ysi,1.0676467158887022
LatticeOneShotAgent,0.980696774141197
Agent03Agent,0.9596357782990036
OneshotOmegaNegotiator,1.1367840624225083
MyAgent,1.03794920677153
Supvelikos,1.2163290809966394
YamashitaAgent,1.2327788600829213
SBDOneShot,1.0559484505589494
MyAgent,1.033785860444142
IsobeAgent,1.0338918690909336
OneshotOmegaNegotiator,1.0769352328967463
OneshotOmegaNegotiator,1.06438215482664
BayesianAgent,1.0527655867738137
BayesianAgent,1.074300696435617
SBDOneShot,1.0724385069343982
LatticeOneShotAgent,1.0883955242143024
Agent03Agent,1.0858961238667906
OneshotOmegaNegotiator,1.0819430244680308
EFRDistOneShotAgent,1.0519584494254832
YamashitaAgent,1.074430857500036
BayesianAgent,1.0818247493296436
YamashitaAgent,1.122726147364855
OneshotOmegaNegotiator,1.111682197188196
Supvelikos,0.9503904616603782
Agent03Agent,0.9678558087874805
LatticeOneShotAgent,1.0965245621754542
IsobeAgent,0.9919439034288116
AssariAsari,1.0962714864475824
PenaltyAvoidAgent,1.115807720514701
SBDOneShot,1.0266442567203686
BayesianAgent,1.1148577020304982
PenaltyAvoidAgent,1.0810913464581882
Ysi,1.0542701756132022
YamashitaAgent,1.0825210762706567
MyAgent,0.9895467834884194
SteadySyncAgent,0.9085011654282554
TimeWeightedAgent,1.0737221080053014
SBDOneShot,0.913662178175931
Supvelikos,0.9173970082252596
Ysi,1.083563530651222
Agent03Agent,1.087041651943903
OneshotOmegaNegotiator,1.058397473738588
LatticeOneShotAgent,1.0772609070858663
SBDOneShot,1.079752272415123
Agent03Agent,1.1125756166870473
SteadySyncAgent,0.8926065898221318
Group3,1.0029445079609742
Ysi,1.077823731798789
LatticeOneShotAgent,1.103178171801176
Supvelikos,1.0792555548521872
LatticeOneShotAgent,1.0707588355788151
Supvelikos,1.2121044477669245
Agent03Agent,1.2058385352747083
SteadySyncAgent,1.0364772873812156
Group3,0.9490769177948308
SteadySyncAgent,0.93589648294566
MyAgent,1.004516525150939
OneshotOmegaNegotiator,1.1202073353042767
TimeWeightedAgent,1.0987546956877423
Agent03Agent,1.0989248214174392
AssariAsari,1.1046747283733502
IsobeAgent,1.081297220871298
Agent03Agent,1.070666398728128
TimeWeightedAgent,1.0742375828309234
LatticeOneShotAgent,1.1077635675634026
SteadySyncAgent,1.053047989554012
TimeWeightedAgent,1.0787958291452873
OneshotOmegaNegotiator,0.9313558157497082
Ysi,0.945700980355393
YamashitaAgent,0.9198629356258337
Group3,0.6925247570880794
TimeWeightedAgent,1.0918305136412132
SteadySyncAgent,1.1594560394705222
MyAgent,0.9770309904489608
OneshotOmegaNegotiator,1.0820040600937135
Ysi,1.065360965611478
PenaltyAvoidAgent,1.10157491036173
SteadySyncAgent,1.1019069498596834
BayesianAgent,1.11444997145886
SBDOneShot,1.0950418725467432
BayesianAgent,1.0818999413273378
IsobeAgent,1.044918777618827
EFRDistOneShotAgent,1.0983953806690674
Ysi,1.0539489381130267
PenaltyAvoidAgent,1.0765846811891857
Agent03Agent,1.0885864303990989
SBDOneShot,1.0805004817044042
Oneshot,1.118423828609947
EFRDistOneShotAgent,1.0461415099043188
BayesianAgent,1.0648838132890612
LatticeOneShotAgent,1.0779462780109816
TimeWeightedAgent,1.0847326793787582
Oneshot,1.0966072455434157
LatticeOneShotAgent,1.0880091353760235
Supvelikos,1.0834138159289883
Supvelikos,1.0655127913155698
PenaltyAvoidAgent,1.088332962015571
Supvelikos,1.0779894916756343
Ysi,1.0350860555695929
SBDOneShot,1.1026940987387286
Oneshot,1.1078729921953243
SteadySyncAgent,0.9265482113144284
EFRDistOneShotAgent,0.9404074191648716
BayesianAgent,1.101057615983108
OneshotOmegaNegotiator,1.0846714415854222
TimeWeightedAgent,1.2208421533017453
Group3,1.1449777525699922
MyAgent,1.0504426511377314
Agent03Agent,1.2108136649887509
EFRDistOneShotAgent,1.065360965611478
Supvelikos,1.0947061288558475
Supvelikos,1.2188611640609146
Oneshot,1.2257646013575834
PenaltyAvoidAgent,1.093246985562
YamashitaAgent,1.0953851149074323
Supvelikos,0.9478631364688508
IsobeAgent,1.0250582868123983
TimeWeightedAgent,1.2194681694944434
PenaltyAvoidAgent,1.223547143747272
IsobeAgent,1.0076189710631582
Group3,0.9444557179134382
Ysi,1.1194694689428866
Agent03Agent,1.1010839492173383
Oneshot,1.0806152884076374
LatticeOneShotAgent,1.117551624082144
Ysi,1.0686892880382368
LatticeOneShotAgent,1.0753583762851806
TimeWeightedAgent,1.0924507358434072
PenaltyAvoidAgent,1.115341022734849
Supvelikos,1.0784412108227877
IsobeAgent,1.0673046533029218
YamashitaAgent,1.0965221971511694
IsobeAgent,1.0885627814921948
EFRDistOneShotAgent,1.080065024846628
Ysi,1.0527982243803635
TimeWeightedAgent,1.073712581249636
BayesianAgent,1.064000624110705
AssariAsari,1.0519118827717064
Supvelikos,1.1198870305991424
EFRDistOneShotAgent,1.2162561298660326
MyAgent,1.1068420391226446
MyAgent,1.1053762336057982
PenaltyAvoidAgent,1.2400719316649182
OneshotOmegaNegotiator,1.0895147689388347
TimeWeightedAgent,1.0775478656467528
TimeWeightedAgent,1.0879460972323916
PenaltyAvoidAgent,1.0958075932610012
YamashitaAgent,0.933149245178067
PenaltyAvoidAgent,0.918864446406356
Oneshot,1.0780503272014608
Supvelikos,1.1144245116950395
TimeWeightedAgent,1.0918305136412132
IsobeAgent,1.112455290899557
Ysi,1.2190413309236772
LatticeOneShotAgent,1.2302800416632396
IsobeAgent,1.1882554941214722
EFRDistOneShotAgent,1.1189255033164007
AssariAsari,1.065892355575799
YamashitaAgent,1.084873634184162
AssariAsari,1.0906990611412897
BayesianAgent,1.197052335779984
LatticeOneShotAgent,1.0831185017374954
BayesianAgent,1.0892371262113794
Supvelikos,0.8938671845365382
Group3,0.6671565599334415
AssariAsari,0.8551614299607063
Group3,0.6955211526185459
Agent03Agent,1.146060258563554
MyAgent,1.0362299605665488
TimeWeightedAgent,1.0595934815829025
EFRDistOneShotAgent,1.0223234578308402
Oneshot,1.121586901691313
AssariAsari,1.123514043813902
TimeWeightedAgent,1.0918305136412132
Oneshot,1.1895915436420157
OneshotOmegaNegotiator,1.0635894489141533
SBDOneShot,1.037075384835239
SBDOneShot,1.0320848349776193
LatticeOneShotAgent,1.120558632892955
OneshotOmegaNegotiator,1.2145941675200589
BayesianAgent,1.227902282080676
SBDOneShot,1.137012978360627
Ysi,1.079130622485004
MyAgent,0.9640644324239857
SBDOneShot,1.105090000680269
Group3,1.041090904214498
AssariAsari,1.1002937231433882
OneshotOmegaNegotiator,1.0616074121354693
TimeWeightedAgent,1.0629073380085492
AssariAsari,1.0754573653225297
PenaltyAvoidAgent,1.1048240877690794
IsobeAgent,1.0611734510517106
BayesianAgent,1.0956037073491072
Agent03Agent,0.8906161996429519
TimeWeightedAgent,0.9580418392402305
Supvelikos,0.9512485822161072
LatticeOneShotAgent,1.1110257717743677
PenaltyAvoidAgent,0.8881672138657583
SBDOneShot,0.9475486121165532
EFRDistOneShotAgent,0.9843411211264872
PenaltyAvoidAgent,1.1016223246517771
EFRDistOneShotAgent,1.001708906047284
AssariAsari,1.0401507005373098
Supvelikos,1.0861189241796694
AssariAsari,1.1050139104941616
SteadySyncAgent,1.0061058591603478
Oneshot,1.2140929032182726
Group3,1.014109721997422
Oneshot,1.0718763167349277
YamashitaAgent,1.0751408495283914
EFRDistOneShotAgent,0.8512858263442576
Agent03Agent,1.0440918893588438
EFRDistOneShotAgent,1.0596532333705484
LatticeOneShotAgent,1.0918305136412132
IsobeAgent,1.1218847763094466
Oneshot,1.0644095255270365
PenaltyAvoidAgent,1.1001994659011474
Agent03Agent,1.0885242698239643
PenaltyAvoidAgent,1.0942377373438674
SteadySyncAgent,0.8616046696377102
Oneshot,1.1773591893491222
MyAgent,0.9805366235687576
Oneshot,1.0766328906808378
OneshotOmegaNegotiator,1.0734496125342647
TimeWeightedAgent,1.1094032766029038
SteadySyncAgent,1.03852950018643
LatticeOneShotAgent,1.2230360835622196
LatticeOneShotAgent,1.0688529568055871
Ysi,1.053454354092082
YamashitaAgent,1.0503204391671332
MyAgent,1.0270609745573895
BayesianAgent,1.2235543180285604
TimeWeightedAgent,1.2089154429460696
AssariAsari,1.0918305136412132
IsobeAgent,1.1087140847260004
Supvelikos,0.9379875946813884
SBDOneShot,0.9939805479970156
OneshotOmegaNegotiator,1.0783986080657473
AssariAsari,1.1222294654498044
YamashitaAgent,0.917384269399806
MyAgent,0.9476262689240472
SteadySyncAgent,0.7375959449962073
Oneshot,1.0726472899122403
PenaltyAvoidAgent,1.0601278907950713
YamashitaAgent,1.1148127577199365
SBDOneShot,1.0805752862847402
LatticeOneShotAgent,1.0670295456357248
Ysi,1.126933474064526
AssariAsari,1.124666250299425
EFRDistOneShotAgent,1.0071990921897165
LatticeOneShotAgent,1.0772003733079245
IsobeAgent,1.0802655358286004
Supvelikos,1.108379152939106
Ysi,1.0988416399939034
LatticeOneShotAgent,1.214376142667018
TimeWeightedAgent,1.2221387760145688
EFRDistOneShotAgent,1.1585465755503843
EFRDistOneShotAgent,1.010076385544868
YamashitaAgent,1.109154389637507
LatticeOneShotAgent,1.1248240912000709
IsobeAgent,1.093173875291577
Supvelikos,1.0351247586211192
PenaltyAvoidAgent,1.0772767299336907
LatticeOneShotAgent,1.2227374205735877
MyAgent,1.0941834003265525
Oneshot,0.9239826193934284
MyAgent,0.9285990001817868
TimeWeightedAgent,1.0739554649104657
MyAgent,0.94082184804304
Oneshot,1.0644091535059477
AssariAsari,1.0867683267268406
Ysi,1.0741347792843003
Supvelikos,1.0907154543786242
OneshotOmegaNegotiator,1.0751408495283914
YamashitaAgent,1.0668846586727452
PenaltyAvoidAgent,1.0764702158637716
BayesianAgent,1.080605362018232
Agent03Agent,1.0751408495283914
AssariAsari,1.116901488145759
TimeWeightedAgent,1.2164087562515702
LatticeOneShotAgent,1.233278385533743
Supvelikos,1.0075742581752951
TimeWeightedAgent,1.0960617305708076
YamashitaAgent,1.0798251662180032
EFRDistOneShotAgent,1.1052708250023024
BayesianAgent,1.0528765156523543
YamashitaAgent,1.0732250056892905
MyAgent,1.0474416495826893
LatticeOneShotAgent,1.2175777676788202
Supvelikos,1.0449482061902522
AssariAsari,1.124480143521161
Agent03Agent,1.089715811356971
LatticeOneShotAgent,1.102377958348134
Oneshot,1.0849265285905318
MyAgent,0.9687237876631548
MyAgent,1.0349138298021685
IsobeAgent,1.0952648985211555
BayesianAgent,1.0634496032943055
SBDOneShot,1.0388810594499542
BayesianAgent,1.2203842785524428
YamashitaAgent,1.2286823238241291
Oneshot,1.065436878463524
Group3,0.9936962868496446
Group3,1.036669353023988
Agent03Agent,1.072187114063794
Agent03Agent,1.0918305136412132
Oneshot,1.1914741348349756
SBDOneShot,1.0742084727008416
SteadySyncAgent,1.051137981564772
LatticeOneShotAgent,1.0438159752711909
YamashitaAgent,1.0633880437607317
PenaltyAvoidAgent,1.066803309800349
OneshotOmegaNegotiator,1.0744029669077917
BayesianAgent,1.0919067215363512
Group3,1.0686144497240238
YamashitaAgent,1.0625046287391091
AssariAsari,1.0746005596881465
OneshotOmegaNegotiator,1.2168937317681792
Agent03Agent,1.2128794147419928
Oneshot,1.0751408495283914
MyAgent,0.9854906644817084
IsobeAgent,1.194060742638419
LatticeOneShotAgent,1.2259002113435105
BayesianAgent,1.0689288696576331
TimeWeightedAgent,1.0557882893363713
BayesianAgent,1.065816442723753
Agent03Agent,1.0762950168540446
IsobeAgent,1.0782126351902463
MyAgent,0.992632378979588
YamashitaAgent,1.0806748637306665
Supvelikos,1.088009296155768
EFRDistOneShotAgent,1.097450020995575
Group3,1.0130896016880164
Agent03Agent,1.0836563252428066
YamashitaAgent,1.0907016460843757
PenaltyAvoidAgent,1.0947383553766532
SBDOneShot,1.0773764838326836
OneshotOmegaNegotiator,1.0920897879258091
IsobeAgent,0.9753814648368084
EFRDistOneShotAgent,0.9244587867478832
MyAgent,0.9414803371590597
PenaltyAvoidAgent,1.0620855588560374
SBDOneShot,1.0434121862975727
MyAgent,0.9289972835234932
Supvelikos,1.062583473039515
IsobeAgent,1.0190136254665283
Agent03Agent,1.0745683775102712
YamashitaAgent,1.0918305136412132
Supvelikos,1.22621032395467
IsobeAgent,1.0644773964576582
Oneshot,1.0908398544286677
OneshotOmegaNegotiator,1.0608522785466203
YamashitaAgent,1.0794479542955926
Supvelikos,1.057282055221206
PenaltyAvoidAgent,1.12612532339313
Oneshot,1.0859250391727224
Group3,1.117752157747677
Ysi,1.0521342580389932
SteadySyncAgent,1.0711944827291493
OneshotOmegaNegotiator,1.2182045799714734
PenaltyAvoidAgent,1.2360257755132624
YamashitaAgent,1.1304141513849149
Supvelikos,1.12403503000614
LatticeOneShotAgent,1.028843700735885
BayesianAgent,1.1140344846551986
Supvelikos,1.0846805736636245
BayesianAgent,1.115782432628061
BayesianAgent,1.0560595945579256
Agent03Agent,1.0599491178432754
Oneshot,1.2227374205735877
IsobeAgent,1.2049463327599323
Group3,0.9721526291177336
YamashitaAgent,1.1175416204580635
LatticeOneShotAgent,1.0814705682171912
Oneshot,1.1175433026954027
MyAgent,0.878967261420638
LatticeOneShotAgent,1.009576494772317
Group3,0.7185613127355934
TimeWeightedAgent,0.9696149724852198
LatticeOneShotAgent,1.065360965611478
YamashitaAgent,1.080019538857085
Oneshot,1.0919067215363512
SteadySyncAgent,1.2068500298827995
Oneshot,1.0751408495283914
EFRDistOneShotAgent,0.9170615713488248
SBDOneShot,1.0918305136412132
IsobeAgent,1.0910048021887382
Group3,1.0996775904410605
AssariAsari,1.2301896768224176
OneshotOmegaNegotiator,1.0958490212971883
LatticeOneShotAgent,1.2100546453001266
Agent03Agent,1.0637381760093076
LatticeOneShotAgent,1.077355372315124
YamashitaAgent,0.92482222641375
Supvelikos,0.8088760720813453
PenaltyAvoidAgent,1.0932477058749197
Supvelikos,1.0907232619512337
TimeWeightedAgent,1.0888165354399597
IsobeAgent,1.0148412447524844
TimeWeightedAgent,0.9108891655799018
EFRDistOneShotAgent,0.9501101682603588
SteadySyncAgent,0.9371562289061688
OneshotOmegaNegotiator,1.0483682979100222
SteadySyncAgent,1.0868386605939349
Group3,1.142983853834169
IsobeAgent,1.0562030523868255
Group3,0.9931609469423828
SBDOneShot,1.078337357734335
YamashitaAgent,1.1187094576820205
Supvelikos,1.0918305136412132
YamashitaAgent,1.210081379242845
Agent03Agent,1.0854039419479655
Oneshot,1.0953851797844814
Group3,1.1040905953369982
LatticeOneShotAgent,1.1185831055796482
Oneshot,1.0751408495283914
YamashitaAgent,1.0670549244963143
Agent03Agent,1.0622031361529023
MyAgent,0.998842730618792
PenaltyAvoidAgent,1.092287761012041
SBDOneShot,1.2092552824784624
Oneshot,1.043972456678948
YamashitaAgent,1.0477097760411729
Supvelikos,1.061171343506876
TimeWeightedAgent,1.0625995482694084
TimeWeightedAgent,1.2196396348530467
OneshotOmegaNegotiator,1.2165788006989189
Oneshot,1.0924401768023166
BayesianAgent,1.187476886001975
IsobeAgent,1.078669645129224
Supvelikos,1.2369308043090343
Supvelikos,1.2202348970131407
BayesianAgent,1.227516107577098
Oneshot,1.0837970461402162
LatticeOneShotAgent,1.0953874325667257
YamashitaAgent,1.0797604855536105
TimeWeightedAgent,1.1094893098954728
Group3,1.1222743971224014
Agent03Agent,1.082033077549881
OneshotOmegaNegotiator,0.923907622520087
SBDOneShot,1.0004504381202406
PenaltyAvoidAgent,1.0381285288353137
IsobeAgent,1.0449428803309164
Agent03Agent,1.065436878463524
AssariAsari,1.091959324313779
MyAgent,0.8474654558610066
IsobeAgent,1.045613879038659
EFRDistOneShotAgent,1.075394062163702
SBDOneShot,1.060308718803925
EFRDistOneShotAgent,1.0623231893612866
IsobeAgent,1.019387591298643
AssariAsari,1.0943789534215067
PenaltyAvoidAgent,1.0887227432210986
AssariAsari,1.0462835873442258
MyAgent,1.0204009733720547
BayesianAgent,1.0545497430362594
Oneshot,1.064626492861239
LatticeOneShotAgent,1.0908077477941225
Group3,1.106074645664315
PenaltyAvoidAgent,1.0754573653225297
OneshotOmegaNegotiator,1.0679855864040555
EFRDistOneShotAgent,1.0823284471255683
Oneshot,1.0955278653198202
LatticeOneShotAgent,1.103766859761285
AssariAsari,1.1230663655250526
IsobeAgent,1.1910976234873731
Oneshot,1.2237546802095665
EFRDistOneShotAgent,0.8546713695156564
LatticeOneShotAgent,0.9953955225700318
Ysi,1.081114232662066
Oneshot,1.1175519718905182
OneshotOmegaNegotiator,1.0808648659829223
Supvelikos,1.1070514309027095
YamashitaAgent,1.066347832688074
TimeWeightedAgent,1.0632952613666515
Oneshot,1.0548560366063326
SteadySyncAgent,1.0633146243036518
PenaltyAvoidAgent,1.0833688911640438
Ysi,1.1144273923116894
AssariAsari,1.065436878463524
Group3,0.9971738793840258
EFRDistOneShotAgent,1.0644730817200103
SteadySyncAgent,1.131288185688459
AssariAsari,1.0834419817470664
YamashitaAgent,1.11553426188927
AssariAsari,1.0446962437304137
TimeWeightedAgent,1.1074348246599128
SBDOneShot,1.0850316895529355
BayesianAgent,1.0902202387635498
EFRDistOneShotAgent,1.0856151854225091
YamashitaAgent,1.0929321181440952
YamashitaAgent,1.091484209988415
TimeWeightedAgent,1.083830057230276
PenaltyAvoidAgent,1.094235192639448
Agent03Agent,1.0854771715420024
OneshotOmegaNegotiator,1.074215715211285
BayesianAgent,1.0697574073537317
LatticeOneShotAgent,1.065360965611478
IsobeAgent,1.0437960728313629
IsobeAgent,1.0314236776411612
Group3,1.138446370677521
SteadySyncAgent,0.992190662949318
MyAgent,0.7421984169334422
OneshotOmegaNegotiator,1.2215270861847822
SteadySyncAgent,1.2091814865611008
SteadySyncAgent,0.7299666211266101
OneshotOmegaNegotiator,0.9445952995403047
Supvelikos,1.0277043613476329
AssariAsari,1.0539325838046265
SteadySyncAgent,1.0287448036738427
SBDOneShot,1.1804848034458322
YamashitaAgent,1.0903935953315105
BayesianAgent,1.1945630682758548
BayesianAgent,1.098502420796262
PenaltyAvoidAgent,1.1009148895175862
SteadySyncAgent,0.8649988770177344
YamashitaAgent,1.0840054949491702
Agent03Agent,1.074407318560122
IsobeAgent,1.0072921367155876
AssariAsari,0.994948222999056
OneshotOmegaNegotiator,1.0996182040583549
MyAgent,1.0744988175881984
Supvelikos,1.0976892733467003
Ysi,1.06029739093738
Oneshot,1.0702556673124952
SBDOneShot,1.0796346334892035
Supvelikos,1.0951067860084138
OneshotOmegaNegotiator,1.0752041526872191
Supvelikos,1.11605273581169
AssariAsari,1.0661960069839824
Supvelikos,1.0795084527654946
Oneshot,1.2227374205735877
Supvelikos,1.2336670110133472
SteadySyncAgent,1.1001813916384553
BayesianAgent,1.091733374098325
IsobeAgent,1.0785806849187842
Agent03Agent,1.2034771604369203
Oneshot,1.0892332112205778
Ysi,1.0924313130487266
BayesianAgent,1.0590107020137012
IsobeAgent,1.0480024819333464
OneshotOmegaNegotiator,1.0839738336534064
AssariAsari,1.124765554921308
OneshotOmegaNegotiator,1.0895763481108784
IsobeAgent,1.0132838557303192
Group3,1.105886053610172
EFRDistOneShotAgent,1.0631481863452037
Agent03Agent,1.074092154779116
YamashitaAgent,1.030570540037849
LatticeOneShotAgent,1.0576525730814152
PenaltyAvoidAgent,1.0670506472108057
Ysi,1.0466936559941082
Agent03Agent,1.0595960936718996
SteadySyncAgent,0.7476982519539963
AssariAsari,1.1139591467209868
AssariAsari,0.9485644066858386
MyAgent,0.9200286241887076
OneshotOmegaNegotiator,1.0526564655038282
SBDOneShot,1.0522166046675103
AssariAsari,0.8757943404062987
YamashitaAgent,0.9415449025601752
BayesianAgent,1.078749129581566
TimeWeightedAgent,1.0815831828849112
TimeWeightedAgent,1.0827329375145278
MyAgent,0.9852774111166124
SBDOneShot,1.0918305136412132
EFRDistOneShotAgent,0.9993319648946096
TimeWeightedAgent,1.0979168341842676
YamashitaAgent,1.1191809915977668
Oneshot,1.2213860685904558
MyAgent,1.1285799805033794
Ysi,1.086300290273799
Oneshot,1.0930807195773136
SteadySyncAgent,1.028382040722616
BayesianAgent,1.0657642285929885
Oneshot,1.074235644306172
Group3,0.9575537263619932
SBDOneShot,1.0851185242451886
MyAgent,0.9427532258814424
Supvelikos,1.065360965611478
AssariAsari,1.0841026802758291
OneshotOmegaNegotiator,1.07879373382807
PenaltyAvoidAgent,1.0923610681159597
Oneshot,1.0751408495283914
SteadySyncAgent,1.050331293899753
SteadySyncAgent,1.1093392121283625
EFRDistOneShotAgent,1.0562201654504075
IsobeAgent,1.0944214489141364
TimeWeightedAgent,1.10338443334621
SBDOneShot,1.0740928374468743
Group3,0.9795308654593072
Agent03Agent,0.9374900128316932
BayesianAgent,1.1149800212019898
Supvelikos,1.124671362320956
MyAgent,0.9999217423944468
SBDOneShot,1.0932744771363134
AssariAsari,1.0945058637196796
LatticeOneShotAgent,1.0724335292059046
MyAgent,0.980337546534624
BayesianAgent,1.0919807142874671
TimeWeightedAgent,1.0840712528526106
YamashitaAgent,1.0799557607146637
Ysi,1.117126361791916
PenaltyAvoidAgent,1.0945945945945943
OneshotOmegaNegotiator,1.079805618329999
Group3,0.8938515753440169
Supvelikos,1.119465057490011
BayesianAgent,1.095533297203505
MyAgent,0.9931986328398142
BayesianAgent,1.13043870434901
AssariAsari,1.1245470806454456
MyAgent,1.036116592679778
AssariAsari,1.233560240565726
TimeWeightedAgent,1.216730613937135
AssariAsari,1.2372745891403167
Group3,1.127416881673235
Ysi,1.09098707301845
OneshotOmegaNegotiator,1.0770114277391902
YamashitaAgent,1.117611876545857
Supvelikos,0.9186911197638667
BayesianAgent,1.114939248144826
Group3,1.104548462006941
AssariAsari,1.1100904731147834
OneshotOmegaNegotiator,1.216759227090434
Supvelikos,1.2363254907837555
OneshotOmegaNegotiator,0.9343138095581968
BayesianAgent,1.0076140497985184
YamashitaAgent,1.0914422873278866
AssariAsari,1.1085405693712915
TimeWeightedAgent,1.0713751182167828
AssariAsari,1.1129014670383126
Oneshot,1.0757105779578402
BayesianAgent,1.0784780458083447
MyAgent,1.0483367353203294
SteadySyncAgent,1.1570995139005311
OneshotOmegaNegotiator,1.1383505844228634
Group3,0.9878757526720028
Oneshot,1.074239611758769
IsobeAgent,1.025938782170076
TimeWeightedAgent,1.0751408495283914
PenaltyAvoidAgent,1.0986012742532916
AssariAsari,1.0216560725797723
SteadySyncAgent,1.063614092933844
BayesianAgent,0.9742896627572648
SBDOneShot,0.9945575159404014
Agent03Agent,1.076501095386336
YamashitaAgent,1.117602480342738
Oneshot,1.0512284174632016
Agent03Agent,1.0727064672145117
SBDOneShot,1.0991475235365784
YamashitaAgent,1.1018989826116323
BayesianAgent,1.0875424857986662
AssariAsari,1.0878664573717554
BayesianAgent,1.070067562438321
Ysi,1.048712981860008
YamashitaAgent,1.065360965611478
Oneshot,1.058529925659467
YamashitaAgent,1.0806804270738293
LatticeOneShotAgent,1.114433343404291
Supvelikos,1.0919829294314891
Group3,1.1403798549034494
OneshotOmegaNegotiator,1.0752041526872191
PenaltyAvoidAgent,1.1228427544842414
OneshotOmegaNegotiator,1.0750346603004135
Oneshot,1.1176149611327313
Agent03Agent,1.0455030441741082
LatticeOneShotAgent,1.0795720419203756
YamashitaAgent,0.9363688630040004
LatticeOneShotAgent,0.9961421306777029
LatticeOneShotAgent,1.048506898109279
MyAgent,1.0171147060322452
MyAgent,1.0556481636034705
OneshotOmegaNegotiator,1.0842075983546546
SteadySyncAgent,0.9843950495970588
MyAgent,0.8039234313222232
Group3,1.041118749117098
Oneshot,1.0711859985888417
SteadySyncAgent,0.8184431241612509
SBDOneShot,1.078442964639388
IsobeAgent,1.0674698659905926
YamashitaAgent,1.095379186689405
LatticeOneShotAgent,1.0742407721221128
IsobeAgent,1.005558735318526
BayesianAgent,1.0900982056386963
Agent03Agent,1.082326781933123
PenaltyAvoidAgent,1.0661960069839824
Supvelikos,1.0817868126730892
PenaltyAvoidAgent,1.0829126384955805
SteadySyncAgent,0.7574507734080108
Group3,1.0934846185073517
SteadySyncAgent,1.09079076760599
LatticeOneShotAgent,1.1196924633595295
Agent03Agent,1.0929626804369632
Group3,0.9728325238986758
TimeWeightedAgent,1.104638815324127
OneshotOmegaNegotiator,1.0782368246169167
EFRDistOneShotAgent,1.0899995355821115
YamashitaAgent,1.033505052808633
BayesianAgent,1.1148577020304982
BayesianAgent,1.0636843373535223
Oneshot,1.0542431765003664
Ysi,1.1438035061576013
MyAgent,1.0347354865612872
EFRDistOneShotAgent,1.2165541993247384
TimeWeightedAgent,1.2211561283593868
IsobeAgent,1.0559237948834967
Oneshot,1.079779643616338
Oneshot,1.0892124704791222
OneshotOmegaNegotiator,1.0871044497872442
SBDOneShot,1.0660441812798906
BayesianAgent,1.04578854462278
BayesianAgent,1.0922007617440854
EFRDistOneShotAgent,1.0709068388477756
LatticeOneShotAgent,1.137593513929772
Group3,0.9838164741016264
LatticeOneShotAgent,0.9557277679345462
Ysi,0.956355947546932
LatticeOneShotAgent,1.2266872746007214
Ysi,1.1807702066619614
Group3,0.8613339255784549
YamashitaAgent,1.0844281630990342
Oneshot,1.0891632671893898
IsobeAgent,1.0032187016017522
SBDOneShot,1.2227374205735877
PenaltyAvoidAgent,1.2229605148831206
Supvelikos,1.050464813802848
BayesianAgent,1.0682625799734131
IsobeAgent,1.082108506835624
YamashitaAgent,1.121146587168517
EFRDistOneShotAgent,1.071133826317388
PenaltyAvoidAgent,1.1220990873533243
Oneshot,0.920759905967936
Agent03Agent,0.8921087942986563
Supvelikos,1.0910354813021186
SBDOneShot,1.1754022375819273
LatticeOneShotAgent,1.079760175746656
YamashitaAgent,1.1176791599006417
Supvelikos,1.0868384812603336
SBDOneShot,1.0738133400157697
TimeWeightedAgent,0.9103543420770808
SBDOneShot,0.9716470551771748
Oneshot,1.1397145164150917
MyAgent,1.0337438532593102
BayesianAgent,1.0593057543047186
Supvelikos,1.0686419050533185
Group3,1.102429612146277
Ysi,1.1127826888614354
PenaltyAvoidAgent,1.0463804579724
LatticeOneShotAgent,1.0862953354284803
Agent03Agent,1.0433564629437042
Supvelikos,1.0743627542703262
PenaltyAvoidAgent,0.9589652966785353
Oneshot,1.1104353571726924
Agent03Agent,1.1067370918802146
EFRDistOneShotAgent,1.048071382624729
Supvelikos,1.0869911880009606
TimeWeightedAgent,1.055611570234157
EFRDistOneShotAgent,1.0765912074489026
SBDOneShot,1.0768098736899545
BayesianAgent,1.065360965611478
AssariAsari,1.0951754186901466
YamashitaAgent,1.2216436128804111
OneshotOmegaNegotiator,1.2228460578615223
PenaltyAvoidAgent,1.1017491626349087
Group3,0.8588363864688955
Oneshot,1.0812857610662625
SteadySyncAgent,1.0952439526112343
Oneshot,1.2227374205735877
AssariAsari,1.2371984267839258
MyAgent,0.8603965297645075
Oneshot,0.975462160103656
IsobeAgent,1.0543036140980633
BayesianAgent,1.0756920661572529
Ysi,1.0901981412001236
OneshotOmegaNegotiator,1.0830294375534966
PenaltyAvoidAgent,1.0941906948834554
LatticeOneShotAgent,1.0943897467496606
BayesianAgent,1.082651223634379
Oneshot,1.117540967974135
YamashitaAgent,1.0902023775211722
AssariAsari,1.0879433123824755
MyAgent,1.017935198182371
OneshotOmegaNegotiator,1.0850386010028858
Group3,1.119315856474466
BayesianAgent,1.2074032523354823
Ysi,1.0812772583816337
AssariAsari,1.1074738315887729
Group3,0.9419237737378754
EFRDistOneShotAgent,1.093027542722699
OneshotOmegaNegotiator,1.078397168857839
BayesianAgent,1.1187823160548078
Supvelikos,1.0883500327753943
BayesianAgent,1.200984776276813
IsobeAgent,1.081982547936679
Ysi,1.1888315297349383
MyAgent,1.078934486070854
SBDOneShot,1.065089964213057
EFRDistOneShotAgent,1.1868446862637212
BayesianAgent,1.2272673518621642
Supvelikos,1.0788757358992214
TimeWeightedAgent,1.030212408997096
SBDOneShot,0.9569748155619224
LatticeOneShotAgent,0.9689318613671902
SteadySyncAgent,0.739170533118726
Ysi,0.960797335111309
TimeWeightedAgent,1.0902907843098164
OneshotOmegaNegotiator,1.0750528314871195
SteadySyncAgent,0.9458051404516056
Group3,1.129905589868624
Agent03Agent,1.0467564437843202
LatticeOneShotAgent,1.117772965379911
SteadySyncAgent,1.1748204467856782
YamashitaAgent,1.228325273046961
Supvelikos,0.9428177582440228
YamashitaAgent,0.9476097009475438
Oneshot,1.0948788294467309
LatticeOneShotAgent,1.2232444174247552
Agent03Agent,1.0737265269689726
Oneshot,1.0394197801578389
Ysi,1.070336690745137
BayesianAgent,1.0644713157841073
AssariAsari,1.0346389689847209
Oneshot,1.102802793037564
LatticeOneShotAgent,1.096199520021018
Oneshot,1.1071115718679991
PenaltyAvoidAgent,1.094450833812536
SteadySyncAgent,0.8567011830027399
AssariAsari,1.0439130815375413
LatticeOneShotAgent,1.0690384983983976
Group3,0.7050981877535941
Ysi,0.963517061290414
OneshotOmegaNegotiator,1.1010118341362918
YamashitaAgent,1.121047966953744
SBDOneShot,1.064533194402257
Oneshot,1.0638568051539177
LatticeOneShotAgent,1.0783060074697728
Ysi,1.0557741974921109
Group3,1.1041899432766198
YamashitaAgent,1.2250346969797106
Ysi,0.9190492586083134
LatticeOneShotAgent,0.9783620389067292
BayesianAgent,1.0890979474988187
Ysi,1.0826123411630637
LatticeOneShotAgent,1.069080695361725
TimeWeightedAgent,1.0423782275729498
OneshotOmegaNegotiator,0.9408571504809576
MyAgent,0.8569200782074473
Agent03Agent,1.220782008697564
Group3,1.21704484647001
Group3,1.0869436263432437
Supvelikos,1.1215775749674055
Supvelikos,1.0752674558460469
PenaltyAvoidAgent,1.123125671928931
YamashitaAgent,1.0839444985277586
PenaltyAvoidAgent,1.0930827252461852
Agent03Agent,1.0454757345642751
SteadySyncAgent,1.060459406651357
Oneshot,1.0772583415075327
IsobeAgent,1.06305249926989
OneshotOmegaNegotiator,1.0663288121236834
IsobeAgent,1.0478524819372408
Ysi,1.0725971569679325
Group3,0.9896038585612354
OneshotOmegaNegotiator,1.086223679395935
Supvelikos,1.0692988624802056
AssariAsari,1.0878859615484373
Group3,1.0865939476604405
Supvelikos,1.1021957573502046
SBDOneShot,1.0896040285399309
OneshotOmegaNegotiator,1.0915735609596608
MyAgent,1.080889449708722
TimeWeightedAgent,0.9396833832445785
PenaltyAvoidAgent,0.9300479262766757
LatticeOneShotAgent,0.937925441204071
EFRDistOneShotAgent,0.9280708619009964
MyAgent,0.9320899791547764
OneshotOmegaNegotiator,1.1104595840283316
Ysi,1.2207866934509213
SBDOneShot,1.2221700532630675
OneshotOmegaNegotiator,1.1105663971958557
Agent03Agent,1.0930039598718375
Supvelikos,1.2202972438495092
OneshotOmegaNegotiator,1.2193343121633484
Supvelikos,1.0587167365431942
EFRDistOneShotAgent,1.0251834935386384
SBDOneShot,1.131480884858911
EFRDistOneShotAgent,1.0503052162621176
SteadySyncAgent,1.020468267218333
Ysi,1.119627568416612
Group3,0.8658521462374891
SteadySyncAgent,1.076284462873868
Supvelikos,1.0751408495283914
Group3,1.031632644446813
AssariAsari,1.0842242503259452
EFRDistOneShotAgent,1.098063321002943
MyAgent,0.9135534611246402
Agent03Agent,1.0636210516869005
Group3,1.0325870583719887
BayesianAgent,1.11444997145886
MyAgent,0.976171556765059
YamashitaAgent,1.0827198451240228
BayesianAgent,1.0918305136412132
SteadySyncAgent,1.2007631875323987
Oneshot,1.0757105779578402
SBDOneShot,0.9600415107457024
OneshotOmegaNegotiator,1.0966735572797457
Ysi,1.0644253077047787
TimeWeightedAgent,1.0521340481026535
SteadySyncAgent,1.0465795004619374
SteadySyncAgent,1.0938496384869003
SBDOneShot,1.0851049025236852
SBDOneShot,1.0820895983966974
IsobeAgent,1.0173411307985631
Agent03Agent,1.0756249769476576
LatticeOneShotAgent,1.118591380995024
Oneshot,1.0807454578046078
BayesianAgent,1.118196467649882
Group3,1.1053697010871824
Ysi,1.1375579454642224
TimeWeightedAgent,1.222124303719601
Supvelikos,1.2359758229681803
EFRDistOneShotAgent,1.0142982288201128
YamashitaAgent,1.070546257168054
Agent03Agent,1.0652425021352312
TimeWeightedAgent,1.0603408654825135
Oneshot,1.087453655401761
IsobeAgent,0.9840804100132408
MyAgent,1.1152976159493684
SteadySyncAgent,1.249179546484063
YamashitaAgent,1.0818577278673351
SteadySyncAgent,1.0852882792135017
SBDOneShot,1.0771390098805456
TimeWeightedAgent,1.029775991914584
LatticeOneShotAgent,1.221390333956189
Supvelikos,1.235726060242769
AssariAsari,1.084354628422425
LatticeOneShotAgent,1.118654469955426
MyAgent,0.8656561822635844
Supvelikos,1.1098933500807333
Group3,1.1048933341773757
TimeWeightedAgent,1.0622819037177107
EFRDistOneShotAgent,0.9375296203624536
AssariAsari,0.9649196024955046
SteadySyncAgent,1.0731002868148662
IsobeAgent,1.0347917271756817
BayesianAgent,1.0655127913155698
MyAgent,1.0077358925201294
EFRDistOneShotAgent,1.0208326602507407
IsobeAgent,1.050122587686465
PenaltyAvoidAgent,1.0885712661175653
EFRDistOneShotAgent,0.9755069999580412
PenaltyAvoidAgent,0.9715745470250656
BayesianAgent,1.1132090403399932
SBDOneShot,1.143439188294866
MyAgent,1.0049380262641323
OneshotOmegaNegotiator,1.0439504925964078
PenaltyAvoidAgent,1.0499373462122832
Oneshot,1.2186915962370992
Agent03Agent,1.2035187361935846
YamashitaAgent,1.065436878463524
MyAgent,0.9947549551865952
SBDOneShot,1.0835367850402502
MyAgent,0.968764777500399
Group3,1.2194544003608885
Oneshot,1.2133497930882715
SBDOneShot,1.1417514868756091
Group3,0.9865065393948624
LatticeOneShotAgent,1.047602028766099
EFRDistOneShotAgent,1.0164483247078582
Group3,0.7035083629797633
IsobeAgent,0.9581242284125896
Ysi,1.0955769325178577
TimeWeightedAgent,1.1313435698647347
IsobeAgent,1.0131843669919085
YamashitaAgent,1.090938962102494
OneshotOmegaNegotiator,1.088999954841244
Agent03Agent,1.089279601328809
MyAgent,0.9066502113621212
EFRDistOneShotAgent,1.1030549877513474
Supvelikos,1.0703401955863052
IsobeAgent,1.009682187527065
SteadySyncAgent,1.0681503605357157
YamashitaAgent,1.0900649237014786
Ysi,1.0924546643305422
EFRDistOneShotAgent,0.9859149254600166
Agent03Agent,1.2187602766500256
Supvelikos,1.2353959112416923
MyAgent,1.069763145206906
Ysi,1.121544951526469
SBDOneShot,1.0756429652704842
Supvelikos,1.1086134585471603
EFRDistOneShotAgent,1.0752041526872191
Group3,0.974798545573869
EFRDistOneShotAgent,0.8405985112039964
Group3,0.7367942196941122
Group3,1.098904367186718
PenaltyAvoidAgent,1.076004638543239
IsobeAgent,1.08561640515502
PenaltyAvoidAgent,1.1125383488623732
AssariAsari,1.0949539965497412
Agent03Agent,1.0828462522910338
SBDOneShot,1.0993509865003517
IsobeAgent,1.0455722275884811
Agent03Agent,1.0432617028462468
SBDOneShot,1.0437577271572205
AssariAsari,1.0669495592193152
TimeWeightedAgent,1.0636043550086882
MyAgent,1.008359862013316
Ysi,1.1199185622707384
AssariAsari,1.084485006518905
Ysi,1.1125262750461191
MyAgent,0.8853552213152648
Oneshot,1.086815710682562
AssariAsari,1.0661200941319366
PenaltyAvoidAgent,1.09778759234403
TimeWeightedAgent,1.0758156674786037
IsobeAgent,1.0679275604314238
LatticeOneShotAgent,1.0802166532057451
AssariAsari,1.1228813559322033
TimeWeightedAgent,0.942043886161778
BayesianAgent,0.950871042815917
Agent03Agent,1.074098124117328
Group3,0.977491201937188
Supvelikos,1.0894022647692567
BayesianAgent,1.0890463975269888
Agent03Agent,1.0509809768126983
MyAgent,1.02214211917295
BayesianAgent,0.9349003837117164
Group3,0.6970067808822311
MyAgent,1.014618698660286
YamashitaAgent,1.0841312705808177
LatticeOneShotAgent,1.0827201512726237
SBDOneShot,1.0749532504209645
SteadySyncAgent,0.9923770203450252
IsobeAgent,1.0953049998967508
Ysi,1.0705037676511169
YamashitaAgent,1.0818333212989857
OneshotOmegaNegotiator,1.132939439498843
SBDOneShot,1.1130727125461142
Group3,1.0805267385584432
SteadySyncAgent,1.0729913441126435
SteadySyncAgent,1.025567294337114
YamashitaAgent,1.100603350243901
SteadySyncAgent,1.0701850556051793
Oneshot,1.066349422615121
SBDOneShot,1.0876946945135393
TimeWeightedAgent,1.0792722292224295
Oneshot,1.0751408495283914
PenaltyAvoidAgent,1.0987948581125213
Group3,1.1366091469831836
IsobeAgent,0.8985916550907158
Oneshot,1.092248895786646
YamashitaAgent,1.0942330251071162
LatticeOneShotAgent,1.0935506677410838
Supvelikos,1.1074738315887729
SteadySyncAgent,0.8702043323925518
SBDOneShot,1.0449503654653485
Ysi,1.0915792851651789
YamashitaAgent,1.2161507872938784
Agent03Agent,1.0911287147651425
EFRDistOneShotAgent,1.0611503875797783
YamashitaAgent,1.075900487434323
SBDOneShot,0.940525400646636
SteadySyncAgent,0.8888745489767199
OneshotOmegaNegotiator,1.0350773801330442
IsobeAgent,1.067137570824899
Oneshot,1.1095890198658975
SBDOneShot,1.2209161438901837
AssariAsari,1.237374494230481
Oneshot,1.085973101062224
AssariAsari,1.093450969994472
EFRDistOneShotAgent,1.07412708508183
Group3,1.1012427686986264
IsobeAgent,1.0789113866889983
BayesianAgent,1.1653287447793388
SBDOneShot,1.0845628420588755
Ysi,1.0891577175963385
AssariAsari,0.926482863673864
Agent03Agent,1.0294439235101354
OneshotOmegaNegotiator,1.0911469164823275
BayesianAgent,1.1999490983345324
Ysi,1.0888252164275527
EFRDistOneShotAgent,1.0723546756171949
IsobeAgent,1.056031014794936
YamashitaAgent,1.04139918355831
MyAgent,0.94975645407647
AssariAsari,1.0527050596076846
TimeWeightedAgent,1.09618797469515
SteadySyncAgent,1.051736683934304
Supvelikos,1.0876278764197855
YamashitaAgent,1.096463484761357
Agent03Agent,1.0958789686168533
LatticeOneShotAgent,1.2087775632694844
OneshotOmegaNegotiator,1.077760503607339
Ysi,1.052009418322107
BayesianAgent,1.0900003084363854
SBDOneShot,1.070181916644282
PenaltyAvoidAgent,1.0831083884204038
BayesianAgent,1.1172877723560484
OneshotOmegaNegotiator,1.0981766959378754
AssariAsari,1.10835344816894
Group3,0.908879881838402
BayesianAgent,1.1149509120379677
AssariAsari,1.0703712138465042
LatticeOneShotAgent,1.080645880353024
LatticeOneShotAgent,1.0724382274039708
AssariAsari,1.1036184682026924
BayesianAgent,1.221901393083424
Supvelikos,1.2365925503438508
Ysi,1.1184882195053494
OneshotOmegaNegotiator,1.1120430394961829
EFRDistOneShotAgent,1.088762102409615
Agent03Agent,1.1991950275147132
PenaltyAvoidAgent,1.0802725337378136
MyAgent,0.9355603313015508
SteadySyncAgent,0.7024242983620309
TimeWeightedAgent,0.9727920273034016
IsobeAgent,0.9525353494443812
BayesianAgent,0.971096233628362
Supvelikos,1.0842242503259452
MyAgent,0.9630507078291098
MyAgent,1.0200998732024087
OneshotOmegaNegotiator,1.1996489724752222
EFRDistOneShotAgent,1.065436878463524
Oneshot,1.075513571673492
Group3,1.0828211504113603
SteadySyncAgent,1.1977620815346208
YamashitaAgent,1.1100378578984118
AssariAsari,1.125499469950257
SteadySyncAgent,1.0760280391584325
BayesianAgent,1.2136880961842127
Oneshot,1.0949550373418686
Ysi,1.1142786808991407
Ysi,1.222123984915179
EFRDistOneShotAgent,1.099859098779126
Agent03Agent,1.0868379169385032
OneshotOmegaNegotiator,1.0734783829039811
IsobeAgent,1.0325684436039078
MyAgent,1.0231755112212308
Supvelikos,1.063457279732958
EFRDistOneShotAgent,1.039480984339084
Supvelikos,1.2304653958440666
LatticeOneShotAgent,1.2291398206530644
BayesianAgent,1.0543207028051815
EFRDistOneShotAgent,1.0337894781715051
Ysi,1.0915830959925743
MyAgent,0.979949400258414
YamashitaAgent,1.0830831002494878
BayesianAgent,1.0963166253276926
Agent03Agent,1.2214853605826257
LatticeOneShotAgent,1.2300230745437126
EFRDistOneShotAgent,1.08435861840623
LatticeOneShotAgent,1.0918558402720535
Agent03Agent,1.0911004315764998
BayesianAgent,1.2061739945182852
MyAgent,1.0128039569266136
YamashitaAgent,1.0953098810806186
Supvelikos,1.2248453842920188
Ysi,1.1859767993052632
Group3,0.9680584176424176
SteadySyncAgent,0.8754823791767425
YamashitaAgent,0.92893873759402
IsobeAgent,0.9824878091116058
Oneshot,1.056670730042529
OneshotOmegaNegotiator,1.0670753987188024
AssariAsari,1.224111282843895
IsobeAgent,1.1810904604227417
Supvelikos,1.0918305136412132
MyAgent,1.0589188769902314
LatticeOneShotAgent,1.0757105779578402
SBDOneShot,1.0386680960021917
Ysi,1.0914403933870125
IsobeAgent,1.0882769693435468
OneshotOmegaNegotiator,1.059443638592668
EFRDistOneShotAgent,1.036426003378106
Agent03Agent,1.0864649191695994
LatticeOneShotAgent,1.0942346766795703
Group3,0.9910507494035284
Agent03Agent,1.0666767126810202
BayesianAgent,1.2201236897688226
SteadySyncAgent,1.249672226269738
IsobeAgent,1.0622161012854747
Supvelikos,1.0835230734253791
Agent03Agent,1.074429747833357
LatticeOneShotAgent,1.091469299884394
Ysi,1.0915656461412666
AssariAsari,1.2147378406897098
Oneshot,1.0814706457873244
TimeWeightedAgent,1.1091650063729557
SteadySyncAgent,0.7708580509726805
BayesianAgent,1.1124018310559662
MyAgent,0.931907286994239
YamashitaAgent,1.0611450282541273
YamashitaAgent,1.080679933521765
Oneshot,1.116522095773114
Ysi,1.2214969459972898
OneshotOmegaNegotiator,1.21899662411552
Oneshot,1.0944867769741085
MyAgent,1.0218320531447282
AssariAsari,1.027232431481657
TimeWeightedAgent,1.0589419020370896
Ysi,1.1016002977298105
Group3,0.8255869180495593
MyAgent,0.9817575911391748
BayesianAgent,1.0509697972990302
BayesianAgent,1.1254186102024226
IsobeAgent,1.0423864574482662
YamashitaAgent,1.1337843177930285
Ysi,1.092016181781746
Supvelikos,1.0828293628631789
TimeWeightedAgent,1.0766542049828316
PenaltyAvoidAgent,1.0827088981468895
Group3,0.9314010199408188
BayesianAgent,1.065436878463524
EFRDistOneShotAgent,1.0292369999861493
BayesianAgent,1.222909153357376
EFRDistOneShotAgent,1.14762797771635
SBDOneShot,1.0940559135085883
TimeWeightedAgent,1.1297051827856466
TimeWeightedAgent,1.063710515809188
IsobeAgent,1.0640560657341578
Group3,1.101040006073028
EFRDistOneShotAgent,1.046212840679258
SteadySyncAgent,1.2194044162057256
IsobeAgent,1.163925845226397
Ysi,0.9312000746967416
Supvelikos,0.9584921027448832
BayesianAgent,0.910058198175394
Ysi,0.9645456138765662
Oneshot,1.054856426113706
PenaltyAvoidAgent,1.0691179585530266
IsobeAgent,1.0090506900279013
SteadySyncAgent,1.0779991619413194
IsobeAgent,1.0773730162982569
AssariAsari,1.1229547771138464
IsobeAgent,1.0395095209800993
Supvelikos,1.1216427640156454
BayesianAgent,1.0840938722294655
YamashitaAgent,1.1186519687452274
SteadySyncAgent,0.824587258007168
YamashitaAgent,1.1138451143028425
YamashitaAgent,1.0742405809235631
Supvelikos,1.096675440300558
SBDOneShot,1.0913162376639327
YamashitaAgent,1.154354465306341
MyAgent,0.9049301470407252
SteadySyncAgent,1.0748591325933112
TimeWeightedAgent,1.0915776121440557
SBDOneShot,1.1866913302093474
SteadySyncAgent,1.1048165206739982
TimeWeightedAgent,1.1141565561372686
Group3,1.124722829033204
SBDOneShot,1.0817725510924618
OneshotOmegaNegotiator,1.0885208627081353
YamashitaAgent,1.0952420526677429
Ysi,1.08039465167771
MyAgent,0.9777340254097964
SteadySyncAgent,0.773422973499559
PenaltyAvoidAgent,1.0405355359631017
Group3,0.9668515032148536
IsobeAgent,1.013830720983545
Group3,1.03467013136285
SBDOneShot,1.047874426522982
Supvelikos,1.0918305136412132
SteadySyncAgent,1.1794287862582755
EFRDistOneShotAgent,1.0733382929332542
SteadySyncAgent,1.0630101885581005
SBDOneShot,0.9190750345444152
Oneshot,0.9224723298487786
AssariAsari,1.0911100247571932
IsobeAgent,1.076519093747319
LatticeOneShotAgent,1.0918305136412132
Agent03Agent,1.1815106426297537
Agent03Agent,0.952096997925615
LatticeOneShotAgent,0.9979287667933868
AssariAsari,1.0888483492461434
Supvelikos,1.095314594890695
AssariAsari,1.0919238105302371
Group3,1.111406749116894
SteadySyncAgent,0.6893690849753069
Group3,0.8961255312890553
AssariAsari,1.068755995337446
BayesianAgent,1.0573812874794977
AssariAsari,1.1048008931894306
YamashitaAgent,1.0832432065111253
Agent03Agent,1.0918305136412132
OneshotOmegaNegotiator,1.2241441846085377
Oneshot,0.9281180281736728
Group3,0.7446468423624361
TimeWeightedAgent,1.2173830630681772
BayesianAgent,1.2272669022687024
YamashitaAgent,1.0751408495283914
Oneshot,1.0636764743465823
EFRDistOneShotAgent,1.2189406670438114
SteadySyncAgent,1.249281816233495
SteadySyncAgent,0.9856918186899868
LatticeOneShotAgent,1.1158558278451671
Supvelikos,0.9719786408069676
AssariAsari,0.9784070809530137
Supvelikos,1.0751408495283914
SteadySyncAgent,1.0626998844684663
EFRDistOneShotAgent,1.080371494338963
AssariAsari,1.0882861172197351
Agent03Agent,0.8784357001226198
IsobeAgent,1.0026394811341488
Agent03Agent,1.0749393953354858
BayesianAgent,1.109873740428462
IsobeAgent,1.0629739738663655
LatticeOneShotAgent,1.0941588325834986
PenaltyAvoidAgent,1.106687414821184
TimeWeightedAgent,1.0715775052527805
Oneshot,1.0965178809953369
PenaltyAvoidAgent,1.1157410494032935
PenaltyAvoidAgent,1.0970572744202451
LatticeOneShotAgent,1.22720866345665
Agent03Agent,1.130476415752559
TimeWeightedAgent,1.1032655724832352
Supvelikos,1.2219029736796938
SteadySyncAgent,1.2429777430872595
LatticeOneShotAgent,1.0959457399786618
Ysi,1.161208585833136
YamashitaAgent,1.0751408495283914
OneshotOmegaNegotiator,1.0765545151897762
TimeWeightedAgent,1.0904254407274414
YamashitaAgent,1.0972654565392117
Ysi,1.038204016813481
LatticeOneShotAgent,1.119913561118813
IsobeAgent,1.040064531615102
Oneshot,1.1093368698260684
Ysi,1.0621112409922269
SBDOneShot,1.0538684936764096
Ysi,1.2220954272761595
Agent03Agent,1.2120674807033955
Ysi,1.222152167338021
Supvelikos,1.2374244467755633
AssariAsari,1.225055813154731
SBDOneShot,1.204724945869895
BayesianAgent,1.0925339233204252
YamashitaAgent,1.096463484761357
Ysi,1.0751408495283914
Agent03Agent,1.075354425954697
Ysi,0.9264625058669244
AssariAsari,0.8949498142277709
Supvelikos,1.0960219478737998
Ysi,1.1766580454651574
Supvelikos,1.0812412237485716
Group3,0.8912247677636604
Oneshot,1.065360965611478
MyAgent,0.989188419474138
TimeWeightedAgent,1.0641681079770753
BayesianAgent,1.055792450270832
Group3,0.8112543722621681
Oneshot,1.0564170231678258
Group3,1.1215374121947428
PenaltyAvoidAgent,1.0984042553191489
BayesianAgent,1.119042685195315
YamashitaAgent,1.1190359741094398
BayesianAgent,1.0961710813883638
SteadySyncAgent,1.0961034976019988
PenaltyAvoidAgent,1.2235260905069896
LatticeOneShotAgent,1.2279656094225655
IsobeAgent,1.0978905666678578
SteadySyncAgent,1.1276834902009716
Group3,1.037787715240585
LatticeOneShotAgent,1.1035402360157345
IsobeAgent,1.075607344334443
EFRDistOneShotAgent,0.9855491307507376
TimeWeightedAgent,0.91719166192402
Supvelikos,0.9792012606957166
EFRDistOneShotAgent,1.0051448466990738
IsobeAgent,0.9660954277823516
AssariAsari,1.0918305136412132
Supvelikos,1.2328993457140969
Group3,1.0522771373028483
Ysi,1.050489529317579
AssariAsari,1.0758371842754952
BayesianAgent,1.0836779547350508
MyAgent,0.9487840806830328
SteadySyncAgent,0.6977921437632212
IsobeAgent,1.0165384431218203
EFRDistOneShotAgent,1.0182532308951604
BayesianAgent,1.062111526995232
Group3,0.5551103444551085
SBDOneShot,1.1230217854742817
TimeWeightedAgent,1.0995039842837977
PenaltyAvoidAgent,1.2218178001217497
IsobeAgent,1.1377767601808015
AssariAsari,1.2252275459385196
BayesianAgent,1.2290823717468404
Agent03Agent,0.94371231166081
OneshotOmegaNegotiator,0.9541071292771476
PenaltyAvoidAgent,1.0653961705994923
IsobeAgent,1.0222447738116127
AssariAsari,1.0503056041562302
Supvelikos,1.067739964756966
MyAgent,0.8302231534890171
Supvelikos,1.0968247440954455
PenaltyAvoidAgent,1.1227739021310732
SBDOneShot,1.0973429380321336
SteadySyncAgent,1.0454416154828077
AssariAsari,1.101344861493625
SBDOneShot,1.0984547959815436
SteadySyncAgent,1.104763643833206
Ysi,1.0764943026335183
BayesianAgent,1.1193028953226218
BayesianAgent,1.060729168688734
Ysi,1.0653639375337516
YamashitaAgent,0.9157386269188535
SteadySyncAgent,0.6952525879300323
TimeWeightedAgent,1.065360965611478
AssariAsari,1.0781477015032117
TimeWeightedAgent,1.090549328273242
YamashitaAgent,1.191580654390225
TimeWeightedAgent,1.09560757065796
Ysi,1.1893311898589929
LatticeOneShotAgent,1.0880233487467703
Group3,0.8987130422349121
YamashitaAgent,1.065360965611478
Group3,0.9322171181969132
Ysi,1.065360965611478
IsobeAgent,1.06555201631222
BayesianAgent,1.082057426890548
Group3,1.0044885235885663
Oneshot,1.0503212500855548
MyAgent,1.0231588444165152
Supvelikos,1.0924068024696645
EFRDistOneShotAgent,1.0240469979011833
IsobeAgent,0.9635817569913068
AssariAsari,0.979435344684794
MyAgent,1.0629289800414925
PenaltyAvoidAgent,1.2375916991606637
Group3,1.0421748856762854
TimeWeightedAgent,1.0785480360792006
Ysi,1.072200898060935
BayesianAgent,1.0620310294668909
Ysi,1.07554905844397
OneshotOmegaNegotiator,1.1125266385056367
AssariAsari,1.222909153357376
Supvelikos,1.2351042257847722
BayesianAgent,1.0918305136412132
Oneshot,1.1820694948426629
Supvelikos,0.9380760998986386
SteadySyncAgent,0.700680690475542
IsobeAgent,1.0318578498661737
PenaltyAvoidAgent,1.030427646564377
EFRDistOneShotAgent,1.057385192566331
Ysi,1.0826184238939345
TimeWeightedAgent,1.1148856340415725
EFRDistOneShotAgent,1.042719948361787
OneshotOmegaNegotiator,0.9180460150312444
YamashitaAgent,0.9496490685208928
Ysi,0.908416632227757
MyAgent,0.9335597888990148
SteadySyncAgent,0.984056835703968
OneshotOmegaNegotiator,1.0588007412545877
OneshotOmegaNegotiator,1.076266048667366
SteadySyncAgent,0.745070247399447
EFRDistOneShotAgent,1.0607126129337212
YamashitaAgent,1.0645508922738418
Agent03Agent,1.0912966070624512
Group3,1.1000860536843748
PenaltyAvoidAgent,1.0390437840707112
Oneshot,1.0742885131843554
MyAgent,0.9467242765264484
LatticeOneShotAgent,1.1185369241130023
TimeWeightedAgent,1.0460812436541995
EFRDistOneShotAgent,1.0321547447805115
AssariAsari,1.0978840370237115
Agent03Agent,1.069428197163825
AssariAsari,1.108423844835602
LatticeOneShotAgent,1.094549144893885
TimeWeightedAgent,1.0803090658903651
BayesianAgent,1.114356536468136
PenaltyAvoidAgent,1.0754573653225297
SteadySyncAgent,1.0520724540602495
YamashitaAgent,1.0919067215363512
Agent03Agent,1.1755163596334428
YamashitaAgent,1.0904292338365908
OneshotOmegaNegotiator,1.0847059891023203
YamashitaAgent,1.0806147864814073
SBDOneShot,1.1129615729946791
PenaltyAvoidAgent,1.141426120777469
MyAgent,1.0433856761546845
PenaltyAvoidAgent,1.039762193341612
TimeWeightedAgent,1.0542955284476885
SteadySyncAgent,0.880459244438959
PenaltyAvoidAgent,1.0738974154142582
SBDOneShot,1.0673610258944586
Ysi,1.043749373908194
Group3,1.1014355801788542
TimeWeightedAgent,1.1825782877500974
Oneshot,1.0955808972284853
OneshotOmegaNegotiator,1.07439286107486
TimeWeightedAgent,1.0943298111379978
Ysi,1.0686734521633086
PenaltyAvoidAgent,1.0950258769407706
BayesianAgent,1.087562430485165
TimeWeightedAgent,1.07479955788733
Group3,1.0106794001762809
EFRDistOneShotAgent,1.076180615508902
SteadySyncAgent,1.1205618354822693
Supvelikos,1.078627787004113
EFRDistOneShotAgent,1.0985055256965732
YamashitaAgent,1.0448802183688863
IsobeAgent,1.039515027717909
PenaltyAvoidAgent,1.2228232869654818
Group3,1.1929075946026642
Supvelikos,1.0779469445771754
SBDOneShot,1.1095359295695524
IsobeAgent,1.0206507796901607
OneshotOmegaNegotiator,1.0826262386026848
MyAgent,0.9653823371114212
IsobeAgent,1.018374031810496
SteadySyncAgent,1.0780864685798082
Ysi,1.1630801639743096
Oneshot,1.064408135531142
YamashitaAgent,1.087006567569021
MyAgent,0.9084954118351344
SBDOneShot,1.0496801316294135
Group3,1.2295328060430428
EFRDistOneShotAgent,1.1913587613229777
SteadySyncAgent,0.7827153877181874
IsobeAgent,1.0409474027011385
Agent03Agent,1.221029169177649
BayesianAgent,1.2283017213173606
Ysi,1.096625286504604
LatticeOneShotAgent,1.096112474365793
MyAgent,1.1181381062738762
Ysi,1.2075517031908023
TimeWeightedAgent,1.1361930563420355
Group3,0.962675763954159
LatticeOneShotAgent,1.0918305136412132
SteadySyncAgent,1.2060892556641651
PenaltyAvoidAgent,0.906132355146316
MyAgent,0.9430193906587688
OneshotOmegaNegotiator,1.0527155964858956
AssariAsari,1.0560712027005634
OneshotOmegaNegotiator,1.0628757999074143
SteadySyncAgent,1.0885709275598858
YamashitaAgent,1.21869298000472
AssariAsari,1.2387232129476995
EFRDistOneShotAgent,1.2125249766337527
Supvelikos,1.2337185261568298
TimeWeightedAgent,1.0617403403188923
LatticeOneShotAgent,1.0793052664483394
EFRDistOneShotAgent,1.0764702158637716
Ysi,0.9748044017285296
MyAgent,0.9013316653800892
BayesianAgent,1.0639779341030238
Group3,0.905072036846465
TimeWeightedAgent,1.0630310726145982
AssariAsari,1.0853324641460236
SBDOneShot,1.1158967843630965
Oneshot,1.078559220105083
Ysi,1.0293209234527871
Ysi,1.082278052910156
Supvelikos,1.077389363718508
Group3,0.9422556926371076
Oneshot,1.0885429478733466
MyAgent,1.1160400723441808
EFRDistOneShotAgent,1.143387410834814
SBDOneShot,1.0804676448413493
MyAgent,0.9829144218406156
LatticeOneShotAgent,1.1037413469038089
SteadySyncAgent,1.1296476932622144
YamashitaAgent,1.12405279923311
SBDOneShot,1.1143413046841757
EFRDistOneShotAgent,1.2227374205735877
PenaltyAvoidAgent,1.2345271991607971
Supvelikos,1.0636352450593514
Ysi,1.0688856368720054
TimeWeightedAgent,1.0502964800598955
PenaltyAvoidAgent,1.0697419048603736
YamashitaAgent,1.0944901717845277
Oneshot,1.070043467688254
PenaltyAvoidAgent,1.0968209364644617
MyAgent,0.9561329308601584
SBDOneShot,1.0918305136412132
PenaltyAvoidAgent,1.240367457537506
OneshotOmegaNegotiator,1.2231874892423564
Ysi,1.1791859054754672
SBDOneShot,1.0958456593460688
LatticeOneShotAgent,1.0989069519531556
Ysi,1.0494155368675229
EFRDistOneShotAgent,1.0538000559868126
IsobeAgent,0.9472700804627648
YamashitaAgent,0.9605471490589228
Oneshot,1.0823912145584358
MyAgent,0.9562598925102528
OneshotOmegaNegotiator,1.048760389652925
SteadySyncAgent,1.0557572704423197
OneshotOmegaNegotiator,1.2194084034395072
SBDOneShot,1.2130259468526354
BayesianAgent,1.2201255944073424
Group3,1.1836237622747452
PenaltyAvoidAgent,1.0931843728736774
MyAgent,0.8932063256006084
AssariAsari,1.0753307590048744
EFRDistOneShotAgent,0.9727892372801158
SBDOneShot,1.0637166566385654
PenaltyAvoidAgent,1.0954709528880104
Agent03Agent,1.0602593988652826
AssariAsari,1.0838596293909155
YamashitaAgent,0.9232427480787052
Agent03Agent,0.9826651631108648
TimeWeightedAgent,1.0620519838861282
OneshotOmegaNegotiator,1.07833112623188
OneshotOmegaNegotiator,1.088093610637355
BayesianAgent,1.0854785981669932
LatticeOneShotAgent,1.106847727417116
YamashitaAgent,1.1205164750017056
Group3,0.9376075673737436
Ysi,1.0915438369452377
MyAgent,1.1186110496369208
TimeWeightedAgent,1.2024335256076024
SBDOneShot,1.086206565509434
PenaltyAvoidAgent,1.0884970085728385
TimeWeightedAgent,1.07403508432213
AssariAsari,1.1223598435462845
AssariAsari,1.0783693106286003
TimeWeightedAgent,1.0490996863343944
TimeWeightedAgent,0.9199754556627426
Group3,0.712049346739234
MyAgent,1.0075085222843998
AssariAsari,1.1067319783086778
Group3,0.9169090954157084
SBDOneShot,1.0983857985435177
EFRDistOneShotAgent,1.063760189474733
IsobeAgent,1.05737279340332
IsobeAgent,1.0802888623683669
AssariAsari,1.0919639330059543
BayesianAgent,1.0439692473795594
MyAgent,1.0273901056045818
LatticeOneShotAgent,1.083181225554107
IsobeAgent,1.0532472091009963
Group3,0.8923984496162611
LatticeOneShotAgent,1.0851496383425685
Group3,1.1061531162997096
IsobeAgent,1.0612572151324169
EFRDistOneShotAgent,1.0667825309885333
MyAgent,0.9066463389641636
YamashitaAgent,1.0912610306645028
EFRDistOneShotAgent,1.0498860517241573
LatticeOneShotAgent,1.0751408495283914
EFRDistOneShotAgent,0.869248230345587
Supvelikos,1.0792892877876328
OneshotOmegaNegotiator,1.1125841295790138
Ysi,1.0918305136412132
Oneshot,1.197967448251856
BayesianAgent,0.9259987066000565
Agent03Agent,0.9625086543927068
Supvelikos,0.940160150064019
OneshotOmegaNegotiator,0.9780138055014826
IsobeAgent,1.1879076465415144
PenaltyAvoidAgent,1.2355762026075228
OneshotOmegaNegotiator,1.0918305136412132
Supvelikos,1.2338906879915406
Agent03Agent,1.2183345559158358
PenaltyAvoidAgent,1.2370248264149055
Ysi,1.0915829150975165
Supvelikos,1.227931502009664
LatticeOneShotAgent,1.2227374205735877
SteadySyncAgent,1.244345364666177
Oneshot,0.9446210172382642
Supvelikos,0.912525870965274
LatticeOneShotAgent,0.96887663063982
SteadySyncAgent,0.6834371688922071
SteadySyncAgent,0.6897145477566795
BayesianAgent,1.0169416021882445
PenaltyAvoidAgent,1.0800123954411212
AssariAsari,1.1230117340286832
IsobeAgent,0.8935567670375517
PenaltyAvoidAgent,0.92428715996544
OneshotOmegaNegotiator,1.0957992751168026
Agent03Agent,1.0700283858115085
IsobeAgent,0.9373752940411386
TimeWeightedAgent,0.9503676076997232
Oneshot,1.086969745806457
SBDOneShot,1.0819758226610476
SBDOneShot,1.074509202019993
YamashitaAgent,1.0912323103179369
Supvelikos,1.0839634941329856
Ysi,1.1125177623141729
Ysi,0.9347062268191836
SteadySyncAgent,0.703732110886448
SBDOneShot,1.2221203431050756
EFRDistOneShotAgent,1.1295411547652008
SBDOneShot,1.0912270518621658
OneshotOmegaNegotiator,1.0968414763345864
TimeWeightedAgent,1.0626093233153902
Group3,0.5393399501352961
SteadySyncAgent,0.7343969688305108
Agent03Agent,1.0765222335476197
SBDOneShot,1.0910377633956827
AssariAsari,1.230586213733395
Agent03Agent,1.078242704310945
Ysi,1.041810078030924
IsobeAgent,1.0781064080067366
OneshotOmegaNegotiator,1.222295974146731
SBDOneShot,1.224982959169468
TimeWeightedAgent,1.206308857290297
Agent03Agent,1.0748863925403358
SBDOneShot,1.111747370367526
Group3,1.1274250562007706
OneshotOmegaNegotiator,1.082835326367117
SteadySyncAgent,0.8780552089602603
Agent03Agent,1.0624852762860288
OneshotOmegaNegotiator,0.929577094938896
Supvelikos,0.9907526941958964
Agent03Agent,1.0740824908142326
SteadySyncAgent,1.0785680894841958
IsobeAgent,1.1921444000034265
TimeWeightedAgent,1.1993918388254776
EFRDistOneShotAgent,1.0773564600873584
TimeWeightedAgent,1.052111080012416
MyAgent,1.0077679656513363
EFRDistOneShotAgent,1.0672933276019867
OneshotOmegaNegotiator,1.0736485513607144
Ysi,1.1147940265253335
BayesianAgent,1.0606748299926745
OneshotOmegaNegotiator,1.0694634310733002
MyAgent,0.8737273621778459
LatticeOneShotAgent,1.0963916043703277
Supvelikos,1.0845437969349592
SteadySyncAgent,0.9064749100555948
Group3,0.705652259058141
YamashitaAgent,0.953570845239293
PenaltyAvoidAgent,0.880455878172828
YamashitaAgent,0.9675727496448606
PenaltyAvoidAgent,1.0746841586286686
SBDOneShot,1.0593530015146757
OneshotOmegaNegotiator,1.1032241274806651
EFRDistOneShotAgent,1.0490018043318887
AssariAsari,1.092287761012041
PenaltyAvoidAgent,1.2405657259929943
Supvelikos,1.0835723598435465
PenaltyAvoidAgent,1.121903520208605
LatticeOneShotAgent,1.0814709822563378
Group3,1.137628470570418
Group3,0.7045405383242993
BayesianAgent,1.0140668887782742
Group3,1.1011136210665853
LatticeOneShotAgent,1.2192007715209467
Ysi,1.0875567832498865
YamashitaAgent,1.089639704433263
Oneshot,1.1141830336635603
SteadySyncAgent,1.1238492264408164
AssariAsari,0.9509130246817268
BayesianAgent,0.9051317632480284
IsobeAgent,1.0474888876012731
OneshotOmegaNegotiator,1.1095191246305982
TimeWeightedAgent,1.0848075943246585
BayesianAgent,1.0940270694341696
YamashitaAgent,1.048508027432384
AssariAsari,1.059463020613
Ysi,0.9239812710671014
SBDOneShot,0.9858227718021124
SBDOneShot,1.062059210347037
Agent03Agent,1.0709475519418952
SteadySyncAgent,0.9667770187600198
Oneshot,1.1069959674350158
Group3,1.1252875215641174
LatticeOneShotAgent,1.0966072455434157
LatticeOneShotAgent,0.9121470189372736
Oneshot,0.9355764673397272
Oneshot,0.9380933814304728
BayesianAgent,0.9572072681063568
PenaltyAvoidAgent,1.0919829294314891
YamashitaAgent,1.184412144454665
PenaltyAvoidAgent,0.948041272782244
EFRDistOneShotAgent,0.8532635343612887
OneshotOmegaNegotiator,1.0757157575372127
PenaltyAvoidAgent,1.121773142112125
LatticeOneShotAgent,1.0521350454232126
Agent03Agent,1.072601887161608
SteadySyncAgent,0.9792271595096425
Agent03Agent,1.0520317504381111
IsobeAgent,0.941044317061844
MyAgent,0.9341027040144844
Supvelikos,1.0615561732139402
Oneshot,1.0772376578886569
TimeWeightedAgent,1.0578644575291722
IsobeAgent,1.0363284386728078
PenaltyAvoidAgent,0.97864679549509
EFRDistOneShotAgent,1.0264722578126089
Ysi,1.2146486378827972
IsobeAgent,1.108086029885375
IsobeAgent,1.0123155853840449
LatticeOneShotAgent,1.0792279982744395
LatticeOneShotAgent,1.2213912762969314
Oneshot,1.2168025846774182
BayesianAgent,0.92048968746369
Supvelikos,0.9869088676172558
IsobeAgent,0.9082877087705338
LatticeOneShotAgent,1.0124237125173194
Agent03Agent,1.0628872597073664
PenaltyAvoidAgent,1.1019380020877774
SteadySyncAgent,1.011556499510867
Ysi,1.0698291828674944
YamashitaAgent,1.064484825041569
EFRDistOneShotAgent,1.0243609052304317
SBDOneShot,1.074159921716973
AssariAsari,1.089216251658097
Agent03Agent,1.0888349122615406
Supvelikos,1.090857934085029
SteadySyncAgent,1.0423320068670527
OneshotOmegaNegotiator,1.1104959835762995
SBDOneShot,1.222066028194621
IsobeAgent,1.1900924334772132
SteadySyncAgent,0.7265249599999238
IsobeAgent,1.0079325144262743
TimeWeightedAgent,1.0806820111210744
OneshotOmegaNegotiator,1.1094036081965477
YamashitaAgent,1.0758371842754952
TimeWeightedAgent,1.0109034401882806
AssariAsari,1.0926989652964054
SBDOneShot,1.0843034850625397
Agent03Agent,1.0744343594410408
PenaltyAvoidAgent,1.1230690884399932
IsobeAgent,1.0032486261074454
Oneshot,1.068089504537718
Agent03Agent,0.9491913686933564
Group3,0.6996467114354993
PenaltyAvoidAgent,0.9923758960185756
AssariAsari,1.1109186154641966
BayesianAgent,1.1231831006819315
Agent03Agent,1.0949885661589454
Group3,0.9258421950002756
MyAgent,0.9468823864960918
Agent03Agent,1.1189535902761434
Supvelikos,1.1258256544075675
TimeWeightedAgent,1.0427411330988978
Oneshot,1.0605649356725044
OneshotOmegaNegotiator,1.0612500075362916
PenaltyAvoidAgent,1.0967727907973654
PenaltyAvoidAgent,1.094450833812536
Oneshot,1.0931532759152212
SteadySyncAgent,0.6972632225529216
MyAgent,0.8955942530734929
YamashitaAgent,0.9075612853950332
BayesianAgent,1.0141768366169936
YamashitaAgent,1.063608591786381
SBDOneShot,1.038835509908841
TimeWeightedAgent,1.220773975633517
SteadySyncAgent,1.2285845417657242
BayesianAgent,0.9439541397559156
Oneshot,0.9264985527468348
Oneshot,1.0650175001904958
SBDOneShot,1.0305848395519197
AssariAsari,0.9691840124442056
PenaltyAvoidAgent,0.9099055020161932
TimeWeightedAgent,1.0883103611066838
AssariAsari,1.096105674994988
LatticeOneShotAgent,1.0918305136412132
MyAgent,1.031707438893776
OneshotOmegaNegotiator,1.097408962378322
MyAgent,0.9961280841561336
MyAgent,0.8696486742431558
SBDOneShot,0.9836561752439604
SBDOneShot,0.91929076515953
OneshotOmegaNegotiator,0.9445382869461408
Oneshot,1.065360965611478
Agent03Agent,1.0725450984643303
PenaltyAvoidAgent,1.06642374554012
EFRDistOneShotAgent,1.0118048110689628
IsobeAgent,1.0715680854774727
Group3,0.9514640287354708
Ysi,1.043972911956112
YamashitaAgent,1.0606393236741176
YamashitaAgent,1.0919067215363512
PenaltyAvoidAgent,1.2399048311413654
Group3,0.9785863470511856
IsobeAgent,1.0905959929035869
YamashitaAgent,1.094542436867724
LatticeOneShotAgent,1.2167665460481871
YamashitaAgent,1.0935500956717898
MyAgent,0.9539829030814424
PenaltyAvoidAgent,1.0755206684813572
Agent03Agent,1.0681602187761734
Oneshot,1.065360965611478
IsobeAgent,1.0530648236912137
PenaltyAvoidAgent,1.074683808987456
IsobeAgent,0.9966945718319232
Ysi,1.118411747110843
IsobeAgent,1.0962040302464715
MyAgent,0.8585316553769384
BayesianAgent,0.9553697816523828
Supvelikos,1.102046892445106
Agent03Agent,1.0743631912885696
Agent03Agent,1.0797054848146477
EFRDistOneShotAgent,1.1006634523845749
SBDOneShot,1.0804307545384442
EFRDistOneShotAgent,1.1108471969711482
SteadySyncAgent,1.0560691234680246
LatticeOneShotAgent,1.0940888337719823
SteadySyncAgent,0.9487094241804516
PenaltyAvoidAgent,1.1035944447021622
IsobeAgent,1.0883844582133342
Ysi,1.082641933338384
LatticeOneShotAgent,1.093477835432921
YamashitaAgent,1.0888890129730655
AssariAsari,1.092059137326627
YamashitaAgent,1.2006901073161145
SBDOneShot,1.0596868194175693
Oneshot,1.0652876452000548
Agent03Agent,0.8926273163154377
BayesianAgent,1.0223769696129152
AssariAsari,1.0904598366263478
BayesianAgent,1.0866078162590125
PenaltyAvoidAgent,1.081731208856597
TimeWeightedAgent,1.108374158324789
Agent03Agent,1.074039046631739
TimeWeightedAgent,1.110793864323737
YamashitaAgent,1.074241426619273
PenaltyAvoidAgent,1.0875451576700943
Agent03Agent,1.101200454982118
Supvelikos,1.1052944959625977
Agent03Agent,1.0866284133537651
MyAgent,0.9692989429375196
AssariAsari,1.0848109517601043
SteadySyncAgent,0.6998582333053519
MyAgent,1.0003507330288832
Agent03Agent,1.086072826625419
IsobeAgent,0.934133739598492
SteadySyncAgent,0.6673588752869045
YamashitaAgent,1.224566786532059
TimeWeightedAgent,1.20957928616561
LatticeOneShotAgent,1.09564090839811
TimeWeightedAgent,1.1659542894293715
TimeWeightedAgent,1.215674123121369
SBDOneShot,1.212043824503896
BayesianAgent,0.9945546986586762
AssariAsari,0.9391245379202378
EFRDistOneShotAgent,1.0772501647274833
BayesianAgent,1.1190472147514492
BayesianAgent,1.0531872744257862
SteadySyncAgent,1.061957767265005
Oneshot,1.091442186734955
AssariAsari,1.102218197513917
Ysi,1.2227374205735877
MyAgent,1.1017795510295685
TimeWeightedAgent,1.077022864119603
Ysi,1.092118633542006
SBDOneShot,1.0877835591564786
YamashitaAgent,1.095463057585129
TimeWeightedAgent,1.2202230435448207
Agent03Agent,1.2064030357182434
MyAgent,1.0617734979030975
YamashitaAgent,1.213944741308877
MyAgent,1.0061113094687406
Group3,0.9165365644381204
Agent03Agent,1.0622963447151377
EFRDistOneShotAgent,1.039128772575727
Agent03Agent,1.220314952706499
OneshotOmegaNegotiator,1.2283552040769945
IsobeAgent,1.0181367066860787
AssariAsari,1.0880859383190755
IsobeAgent,1.079253779423834
EFRDistOneShotAgent,1.055455537186972
Group3,0.9120298830247118
YamashitaAgent,1.1149396287262436
BayesianAgent,1.0804112736663791
Agent03Agent,1.1112794859097983
BayesianAgent,1.0918305136412132
Agent03Agent,1.1739922378777137
TimeWeightedAgent,1.0744957829623254
IsobeAgent,1.0074844384466013
Agent03Agent,0.9481299164048052
MyAgent,0.9429527494680816
EFRDistOneShotAgent,1.066973700149701
PenaltyAvoidAgent,1.094221536391928
TimeWeightedAgent,1.0751408495283914
Agent03Agent,1.0613290523391723
Ysi,1.0612047020925006
YamashitaAgent,1.0757814115693711
Oneshot,1.0918305136412132
MyAgent,0.982464376230602
Group3,1.0833218726194702
MyAgent,0.7901532272809735
PenaltyAvoidAgent,1.090766933231815
Oneshot,1.0738573937620408
SBDOneShot,1.0628912234502434
IsobeAgent,1.050001887064354
Ysi,1.0868345315873245
TimeWeightedAgent,1.079612576998319
LatticeOneShotAgent,1.2227374205735877
Agent03Agent,1.2091116365874095
EFRDistOneShotAgent,1.0890089980129345
AssariAsari,1.1071928756680454
LatticeOneShotAgent,1.0922436961751416
Ysi,1.086825542604037
SteadySyncAgent,1.093834179094826
TimeWeightedAgent,1.0709092972392833
Ysi,1.0608679656207562
SteadySyncAgent,1.0745078485678132
LatticeOneShotAgent,1.0636951971235906
BayesianAgent,1.0467178770991576
PenaltyAvoidAgent,0.8860115413579502
BayesianAgent,1.0283981863399678
Ysi,1.1205324093064637
PenaltyAvoidAgent,1.1284351300660524
TimeWeightedAgent,1.0915886260217271
AssariAsari,1.2309166611592095
TimeWeightedAgent,1.0707233586157885
Group3,1.1409526587584284
YamashitaAgent,1.1016002977298105
Group3,0.8997680888797763
SBDOneShot,1.074470305410234
OneshotOmegaNegotiator,1.0836797384277874
LatticeOneShotAgent,1.2173474234540964
SBDOneShot,1.22385882181167
Supvelikos,1.065816442723753
YamashitaAgent,1.0710144607823318
BayesianAgent,1.0752041526872191
AssariAsari,1.1175804900130142
Agent03Agent,1.035589233843903
OneshotOmegaNegotiator,1.0772587602095178
AssariAsari,0.9315160575283582
Ysi,0.969519433906284
YamashitaAgent,1.0799553400184916
Agent03Agent,1.1114487229833767
IsobeAgent,1.0172998014805044
PenaltyAvoidAgent,1.1022557073480688
Group3,1.0871256081647585
Oneshot,1.186175754364038
TimeWeightedAgent,1.135722663260445
MyAgent,1.035096495297975
SBDOneShot,1.0629553201006423
SteadySyncAgent,1.0904494213889564
EFRDistOneShotAgent,1.081515295033647
MyAgent,0.9940476809422152
YamashitaAgent,1.0860446748920052
IsobeAgent,1.013921838460304
Supvelikos,1.1052474879047265
Ysi,1.06703372617031
EFRDistOneShotAgent,1.2228232869654818
Oneshot,1.226979533660113
MyAgent,1.1165820865111569
Oneshot,1.2221595902812612
Ysi,1.2187398679429748
YamashitaAgent,1.224197493399356
LatticeOneShotAgent,1.0596164482466248
OneshotOmegaNegotiator,1.0738121896020196
Supvelikos,1.0751408495283914
OneshotOmegaNegotiator,1.085599999088077
MyAgent,0.9553999151263978
IsobeAgent,1.0762899540741402
Group3,1.0886720796346223
PenaltyAvoidAgent,1.1197652232351063
LatticeOneShotAgent,1.0919067215363512
Oneshot,1.183782887293079
AssariAsari,1.2232526189249529
YamashitaAgent,1.233827863529647
Group3,0.9641691667476784
OneshotOmegaNegotiator,1.043146008360521
SBDOneShot,0.9242520541723716
BayesianAgent,0.9946560049623488
AssariAsari,1.0655127913155698
OneshotOmegaNegotiator,1.0846057640460374
LatticeOneShotAgent,0.970318557030722
IsobeAgent,0.9165470544436176
SBDOneShot,0.9634331110518026
MyAgent,0.8074997219660999
BayesianAgent,1.0967510806450949
LatticeOneShotAgent,1.2154253568281057
Group3,1.0858302905535049
OneshotOmegaNegotiator,1.0621509444570132
OneshotOmegaNegotiator,1.062770679747952
IsobeAgent,1.0543921416226432
LatticeOneShotAgent,1.0737746901933043
EFRDistOneShotAgent,1.1026469715033873
EFRDistOneShotAgent,1.0918305136412132
MyAgent,0.9866303274411866
Agent03Agent,1.0751408495283914
MyAgent,0.933457698981475
SteadySyncAgent,0.935459095914368
Supvelikos,1.1168665825494748
MyAgent,1.0690736320413372
TimeWeightedAgent,1.0854001738711032
LatticeOneShotAgent,1.0780527948344625
TimeWeightedAgent,1.0660137331898214
MyAgent,0.915749112196002
Ysi,1.1043113519831629
SteadySyncAgent,0.7188963563790631
PenaltyAvoidAgent,0.9707442442809472
YamashitaAgent,1.0751408495283914
SteadySyncAgent,1.0499535781293374
EFRDistOneShotAgent,1.0632977818027731
AssariAsari,1.121838331160365
Ysi,1.1301938349730352
Supvelikos,1.122423185707247
YamashitaAgent,1.2213895599846634
EFRDistOneShotAgent,1.0987654850577424
AssariAsari,0.8708440121907061
OneshotOmegaNegotiator,0.9659829523465212
SteadySyncAgent,0.9630242131339296
TimeWeightedAgent,1.101453051102742
AssariAsari,1.0899434208118377
Oneshot,1.0920714222944194
MyAgent,1.0002551406004483
EFRDistOneShotAgent,1.0082222204967914
